County,ST,State,GOP Share,Total Votes,Bachelor's+,Z-Score Index,Z Rank,Percentile Index,P Rank,RESI,RESI Rank,GOP Pctile,Vote Pctile,Edu Pctile,GOP z,Vote z,Edu z
Montgomery,TX,Texas,72.24,307258,38.79,0.651389,1,0.540960,80,71323.4,1,0.560,0.966,0.897,0.3521,1.8501,1.3558
Baldwin,AL,Alabama,78.36,122249,33.69,0.386695,2,0.665388,12,42584.3,5,0.732,0.909,0.830,0.7384,0.5237,0.8621
Parker,TX,Texas,82.75,90840,32.33,0.303006,3,0.762912,2,40738.0,6,0.864,0.883,0.806,1.0150,0.2985,0.7309
Mohave,AZ,Arizona,77.41,110693,15.22,0.298900,4,0.636300,20,36353.4,8,0.707,0.900,0.137,0.6780,0.4408,-0.9258
Santa Rosa,FL,Florida,75.00,112425,31.97,0.238391,5,0.576114,49,31610.6,10,0.638,0.903,0.799,0.5259,0.4533,0.6957
Washington,UT,Utah,75.23,97256,35.22,0.186270,6,0.575830,50,27773.2,17,0.647,0.890,0.853,0.5407,0.3445,1.0102
Utah,UT,Utah,68.25,298143,44.39,0.178803,7,0.441005,271,50680.6,3,0.457,0.965,0.942,0.1002,1.7847,1.8975
St. Tammany,LA,Louisiana,71.09,138384,37.67,0.178707,8,0.484704,179,29498.8,15,0.528,0.918,0.884,0.2795,0.6394,1.2472
Kootenai,ID,Idaho,74.78,96365,29.95,0.173171,9,0.557403,71,26701.7,19,0.627,0.889,0.756,0.5121,0.3381,0.5003
Horry,SC,South Carolina,68.81,205954,27.15,0.152522,10,0.442736,268,36688.3,7,0.469,0.944,0.687,0.1357,1.1238,0.2289
Anderson,SC,South Carolina,73.07,98296,26.48,0.142420,11,0.521512,100,24220.8,25,0.584,0.893,0.668,0.4046,0.3520,0.1646
Bay,FL,Florida,73.12,97777,29.64,0.141999,12,0.522712,97,24177.1,26,0.586,0.892,0.749,0.4077,0.3482,0.4702
Randolph,NC,North Carolina,78.09,76008,17.89,0.138632,13,0.625220,25,26044.4,20,0.727,0.860,0.266,0.7214,0.1922,-0.6677
Comal,TX,Texas,72.23,103491,43.35,0.136891,14,0.502320,137,24012.8,28,0.560,0.897,0.937,0.3517,0.3892,1.7969
Smith,TX,Texas,72.07,103879,28.59,0.133720,15,0.498732,147,23810.0,30,0.556,0.897,0.724,0.3411,0.3920,0.3684
Citrus,FL,Florida,72.64,98237,20.62,0.132565,16,0.509332,123,23465.3,33,0.571,0.892,0.415,0.3771,0.3515,-0.4034
Livingston,LA,Louisiana,83.61,65906,20.54,0.128038,17,0.749556,3,30962.3,11,0.886,0.846,0.411,1.0692,0.1198,-0.4104
Canyon,ID,Idaho,72.01,101030,23.24,0.125503,18,0.496725,152,23066.9,38,0.555,0.895,0.541,0.3378,0.3716,-0.1494
Cherokee,GA,Georgia,69.10,162281,41.15,0.124994,19,0.444087,263,29608.3,14,0.477,0.931,0.920,0.1542,0.8107,1.5841
Sullivan,TN,Tennessee,76.98,75541,26.84,0.122995,20,0.598723,31,24160.3,27,0.697,0.859,0.677,0.6513,0.1888,0.1988
Johnson,TX,Texas,75.26,80721,25.22,0.122638,21,0.559008,68,23100.8,37,0.647,0.864,0.625,0.5427,0.2260,0.0419
Davidson,NC,North Carolina,72.72,93452,21.69,0.121314,22,0.509450,122,22457.3,41,0.575,0.886,0.474,0.3824,0.3172,-0.2991
Hall,GA,Georgia,71.58,101973,27.29,0.117415,23,0.486528,174,22548.1,40,0.543,0.896,0.692,0.3103,0.3783,0.2426
Okaloosa,FL,Florida,70.67,113636,34.82,0.116941,24,0.465560,218,23465.4,32,0.515,0.904,0.849,0.2531,0.4619,0.9714
Randall,TX,Texas,79.69,66901,33.68,0.104325,25,0.653884,15,25229.2,23,0.772,0.847,0.829,0.8222,0.1269,0.8615
Ocean,NJ,New Jersey,67.40,337135,34.42,0.096506,26,0.427240,317,53301.2,2,0.440,0.971,0.842,0.0468,2.0643,0.9323
Clay,FL,Florida,69.17,126811,28.26,0.088002,27,0.435458,289,23255.7,36,0.478,0.911,0.716,0.1582,0.5564,0.3365
Lubbock,TX,Texas,69.22,125038,33.44,0.087702,28,0.437280,282,23023.3,39,0.480,0.911,0.824,0.1613,0.5437,0.8381
Shelby,AL,Alabama,69.46,114698,46.84,0.082873,29,0.439344,278,21532.8,46,0.486,0.904,0.956,0.1765,0.4696,2.1355
Sumner,TN,Tennessee,70.34,97761,33.57,0.080877,30,0.451737,240,19679.6,51,0.507,0.891,0.828,0.2323,0.3481,0.8506
Grayson,TX,Texas,76.70,65915,23.88,0.075893,31,0.582048,44,20705.3,48,0.688,0.846,0.567,0.6334,0.1198,-0.0874
Franklin,PA,Pennsylvania,71.06,83884,24.73,0.068954,32,0.458490,230,17834.6,68,0.527,0.870,0.604,0.2773,0.2486,-0.0052
Blount,TN,Tennessee,73.24,69224,28.63,0.059586,33,0.502941,136,17258.0,73,0.591,0.851,0.726,0.4151,0.1435,0.3726
Rankin,MS,Mississippi,73.04,69678,33.48,0.059135,34,0.496133,153,17134.5,74,0.583,0.851,0.826,0.4028,0.1468,0.8414
Midland,TX,Texas,79.83,58808,31.03,0.057208,35,0.644800,17,22353.6,42,0.775,0.832,0.777,0.8307,0.0689,0.6051
Sumter,FL,Florida,68.56,105218,35.33,0.048061,36,0.416672,343,18353.6,62,0.464,0.898,0.855,0.1197,0.4016,1.0207
Nassau,FL,Florida,73.06,65625,35.56,0.047538,37,0.492635,163,16154.3,84,0.583,0.845,0.857,0.4037,0.1177,1.0431
Pickens,SC,South Carolina,75.64,60451,28.54,0.045718,38,0.550924,75,17741.5,69,0.659,0.836,0.723,0.5669,0.0806,0.3636
Schuylkill,PA,Pennsylvania,70.60,73184,19.89,0.042699,39,0.438784,280,15024.2,96,0.512,0.857,0.375,0.2483,0.1719,-0.4741
Hernando,FL,Florida,68.16,110691,21.08,0.041698,40,0.410400,362,18676.0,59,0.456,0.900,0.440,0.0946,0.4408,-0.3581
Wilson,TN,Tennessee,69.44,81254,37.83,0.040346,41,0.420010,337,15236.5,94,0.485,0.866,0.886,0.1756,0.2298,1.2633
Calcasieu,LA,Louisiana,69.04,81201,24.85,0.034501,42,0.411350,358,14742.9,101,0.475,0.866,0.607,0.1504,0.2294,0.0067
Jefferson,MO,Missouri,67.72,119314,24.71,0.033528,43,0.405429,376,19387.0,54,0.447,0.907,0.603,0.0667,0.5027,-0.0069
Blair,PA,Pennsylvania,71.37,64949,24.42,0.033527,44,0.451540,241,14136.2,108,0.535,0.844,0.592,0.2970,0.1129,-0.0357
Bartow,GA,Georgia,75.19,57547,24.26,0.032208,45,0.534060,86,16393.5,81,0.645,0.828,0.584,0.5384,0.0598,-0.0504
Catawba,NC,North Carolina,68.39,87109,26.14,0.029727,46,0.405174,378,14989.6,97,0.462,0.877,0.657,0.1094,0.2718,0.1315
Cambria,PA,Pennsylvania,69.46,71136,23.90,0.027739,47,0.414190,350,13353.1,121,0.485,0.854,0.568,0.1764,0.1573,-0.0852
Canadian,OK,Oklahoma,69.18,73074,31.90,0.027189,48,0.410024,365,13413.0,119,0.479,0.856,0.798,0.1589,0.1711,0.6888
Walton,GA,Georgia,72.64,58376,24.49,0.024835,49,0.474760,194,13952.0,110,0.572,0.830,0.595,0.3776,0.0658,-0.0280
Miami,OH,Ohio,72.10,59188,26.82,0.024592,50,0.463981,222,13603.7,115,0.557,0.833,0.677,0.3435,0.0716,0.1971
Clermont,OH,Ohio,67.43,114143,31.57,0.022554,51,0.398664,396,18088.2,67,0.441,0.904,0.792,0.0484,0.4656,0.6573
Taylor,TX,Texas,74.34,55417,29.28,0.021596,52,0.507791,128,14910.5,99,0.617,0.823,0.740,0.4847,0.0446,0.4350
Rockwall,TX,Texas,69.93,62269,44.49,0.019303,53,0.416983,342,12133.5,142,0.497,0.839,0.942,0.2060,0.0937,1.9076
Carroll,GA,Georgia,70.31,60494,23.81,0.018666,54,0.423852,323,12151.6,140,0.507,0.836,0.564,0.2306,0.0810,-0.0940
Morgan,AL,Alabama,75.54,53543,23.27,0.017447,55,0.537264,84,15611.6,90,0.656,0.819,0.543,0.5606,0.0311,-0.1462
Lycoming,PA,Pennsylvania,70.30,59685,24.79,0.017280,56,0.422510,326,11979.5,148,0.506,0.835,0.605,0.2299,0.0752,0.0003
Richland,OH,Ohio,70.76,58362,17.89,0.016996,57,0.429110,307,12134.5,141,0.517,0.830,0.267,0.2588,0.0657,-0.6672
Lincoln,NC,North Carolina,72.29,55582,28.31,0.016262,58,0.463088,226,12953.5,124,0.562,0.824,0.717,0.3555,0.0457,0.3418
Franklin,MO,Missouri,72.35,55464,23.69,0.016106,59,0.464172,220,12973.9,123,0.564,0.823,0.560,0.3588,0.0449,-0.1057
Bonneville,ID,Idaho,70.97,56436,33.11,0.014106,60,0.432824,291,11922.2,151,0.524,0.826,0.819,0.2720,0.0519,0.8057
Washington,WI,Wisconsin,67.40,91407,35.16,0.014039,61,0.388960,433,14444.4,103,0.440,0.884,0.853,0.0464,0.3026,1.0046
Fayette,PA,Pennsylvania,68.74,63472,19.09,0.013451,62,0.393681,414,11244.3,170,0.467,0.843,0.329,0.1315,0.1023,-0.5515
Washington,TN,Tennessee,69.08,61234,34.30,0.013159,63,0.398888,394,11148.6,172,0.476,0.838,0.839,0.1525,0.0863,0.9210
Jasper,MO,Missouri,72.64,53807,25.27,0.012451,64,0.467649,213,12853.3,127,0.571,0.819,0.627,0.3771,0.0330,0.0471
Onslow,NC,North Carolina,67.29,81681,26.00,0.009200,65,0.380613,457,12785.0,128,0.439,0.867,0.652,0.0395,0.2329,0.1175
Saline,AR,Arkansas,68.98,57609,29.35,0.008805,66,0.392946,418,10401.5,198,0.474,0.829,0.742,0.1461,0.0603,0.4423
Boone,KY,Kentucky,67.71,67421,35.71,0.008645,67,0.379056,461,10947.3,181,0.447,0.848,0.858,0.0662,0.1306,1.0575
Rowan,NC,North Carolina,67.39,75394,23.32,0.008634,68,0.377960,469,11907.1,152,0.440,0.859,0.546,0.0460,0.1878,-0.1421
Limestone,AL,Alabama,71.04,53332,30.19,0.008182,69,0.431086,300,11325.7,167,0.527,0.818,0.760,0.2763,0.0296,0.5238
Lapeer,MI,Michigan,69.26,55439,20.44,0.007340,70,0.396686,403,10245.3,206,0.482,0.823,0.404,0.1642,0.0447,-0.4205
Maury,TN,Tennessee,71.75,52090,28.00,0.006653,71,0.444444,261,11667.4,159,0.546,0.814,0.711,0.3213,0.0207,0.3109
Christian,MO,Missouri,75.57,50789,32.73,0.006393,72,0.532016,89,14828.7,100,0.656,0.811,0.813,0.5619,0.0114,0.7695
Bossier,LA,Louisiana,71.04,52232,28.41,0.006002,73,0.428164,312,11091.2,176,0.526,0.814,0.720,0.2763,0.0217,0.3508
Bedford,VA,Virginia,74.79,50830,33.69,0.005989,74,0.509124,125,14098.9,109,0.627,0.812,0.830,0.5131,0.0117,0.8618
Shasta,CA,California,66.97,88900,23.77,0.005622,75,0.380607,458,13536.0,117,0.433,0.879,0.562,0.0198,0.2846,-0.0986
Burleigh,ND,North Dakota,70.02,52263,39.12,0.004654,76,0.407000,372,10260.3,204,0.500,0.814,0.901,0.2121,0.0219,1.3873
Wayne,OH,Ohio,69.17,53150,25.10,0.004483,77,0.391343,424,9749.9,230,0.479,0.817,0.621,0.1584,0.0283,0.0303
Highlands,FL,Florida,70.09,51905,20.46,0.004198,78,0.408126,370,10248.2,205,0.502,0.813,0.406,0.2166,0.0194,-0.4186
Jackson,MS,Mississippi,69.41,52410,26.66,0.003986,79,0.394460,410,9799.3,227,0.484,0.815,0.673,0.1733,0.0230,0.1813
Tangipahoa,LA,Louisiana,68.05,55104,20.81,0.003719,80,0.372819,489,9214.3,255,0.453,0.823,0.424,0.0879,0.0423,-0.3847
Douglas,OR,Oregon,67.24,61807,19.31,0.003326,81,0.366643,511,9637.9,236,0.437,0.839,0.342,0.0368,0.0904,-0.5303
Walton,FL,Florida,78.57,49601,35.03,0.002149,82,0.597851,32,17493.0,71,0.739,0.809,0.852,0.7513,0.0029,0.9920
Rapides,LA,Louisiana,67.74,53395,23.12,0.002053,83,0.366464,512,8694.8,276,0.448,0.818,0.538,0.0683,0.0301,-0.1614
Charlotte,FL,Florida,66.69,123676,27.05,0.001026,84,0.388570,435,18361.5,61,0.427,0.910,0.684,0.0019,0.5339,0.2190
Berkeley,WV,West Virginia,66.99,56102,25.11,0.001015,85,0.357658,551,8551.3,285,0.433,0.826,0.622,0.0205,0.0495,0.0311
Cleveland,NC,North Carolina,67.02,51706,21.95,0.000409,86,0.352842,572,7906.5,331,0.434,0.813,0.485,0.0228,0.0180,-0.2741
Bradley,TN,Tennessee,78.86,49246,24.44,0.000243,87,0.602768,30,17678.4,70,0.746,0.808,0.592,0.7698,0.0003,-0.0330
Rockingham,NC,North Carolina,67.44,49595,16.97,0.000139,88,0.357578,553,7867.9,332,0.442,0.809,0.225,0.0492,0.0028,-0.7564
District 1,AK,Alaska,56.63,8584,25.17,0.000000,89,0.090404,2312,364.9,2451,0.233,0.388,0.624,-0.6329,-0.2912,0.0373
District 10,AK,Alaska,49.72,8763,37.84,0.000000,90,0.061152,2563,-12.4,2658,0.156,0.392,0.886,-1.0688,-0.2899,1.2642
District 11,AK,Alaska,49.43,9840,46.65,0.000000,91,0.066708,2503,-28.6,2664,0.153,0.436,0.955,-1.0870,-0.2822,2.1166
District 12,AK,Alaska,47.67,8515,32.90,0.000000,92,0.051724,2642,-108.7,2703,0.134,0.386,0.815,-1.1982,-0.2917,0.7853
District 13,AK,Alaska,47.37,7577,28.52,0.000000,93,0.045195,2706,-110.5,2704,0.131,0.345,0.722,-1.2173,-0.2984,0.3613
District 14,AK,Alaska,37.27,7426,32.77,0.000000,94,0.019040,2939,-743.6,2810,0.056,0.340,0.813,-1.8540,-0.2995,0.7728
District 15,AK,Alaska,49.44,9293,41.91,0.000000,95,0.063495,2536,-26.8,2663,0.153,0.415,0.927,-1.0868,-0.2861,1.6582
District 16,AK,Alaska,40.64,9669,43.99,0.000000,96,0.033540,2811,-638.2,2797,0.078,0.430,0.939,-1.6420,-0.2834,1.8587
District 17,AK,Alaska,31.19,7718,43.02,0.000000,97,0.011168,3024,-1375.1,2851,0.032,0.349,0.934,-2.2381,-0.2974,1.7650
District 18,AK,Alaska,55.77,4816,31.83,0.000000,98,0.050175,2658,172.9,2573,0.223,0.225,0.796,-0.6869,-0.3182,0.6821
District 19,AK,Alaska,39.22,5025,22.56,0.000000,99,0.016590,2973,-400.0,2767,0.070,0.237,0.513,-1.7310,-0.3167,-0.2149
District 2,AK,Alaska,47.41,9563,26.92,0.000000,100,0.055544,2609,-136.9,2716,0.131,0.424,0.680,-1.2144,-0.2842,0.2069
District 20,AK,Alaska,41.85,7267,33.78,0.000000,101,0.029145,2844,-400.7,2768,0.087,0.335,0.831,-1.5656,-0.3006,0.8707
District 21,AK,Alaska,44.06,9043,37.01,0.000000,102,0.042420,2729,-336.4,2758,0.105,0.404,0.877,-1.4262,-0.2879,1.1832
District 22,AK,Alaska,47.48,5463,24.09,0.000000,103,0.034056,2806,-75.8,2690,0.132,0.258,0.577,-1.2099,-0.3136,-0.0668
District 23,AK,Alaska,57.10,10685,50.41,0.000000,104,0.111342,2112,494.6,2355,0.241,0.462,0.969,-0.6033,-0.2761,2.4801
District 24,AK,Alaska,64.06,10118,44.49,0.000000,105,0.162790,1683,1168.1,1858,0.365,0.446,0.943,-0.1638,-0.2802,1.9080
District 25,AK,Alaska,65.88,10460,32.62,0.000000,106,0.185185,1510,1441.8,1694,0.407,0.455,0.811,-0.0492,-0.2778,0.7590
District 3,AK,Alaska,40.48,11107,37.41,0.000000,107,0.036972,2775,-749.3,2813,0.078,0.474,0.881,-1.6519,-0.2731,1.2219
District 31,AK,Alaska,49.62,7003,25.00,0.000000,108,0.050220,2656,-13.5,2659,0.155,0.324,0.616,-1.0750,-0.3025,0.0209
District 32,AK,Alaska,63.81,5864,26.84,0.000000,109,0.099550,2223,659.7,2212,0.362,0.275,0.678,-0.1796,-0.3107,0.1991
District 34,AK,Alaska,58.29,10012,38.31,0.000000,110,0.114920,2083,564.0,2289,0.260,0.442,0.892,-0.5281,-0.2810,1.3096
District 35,AK,Alaska,45.16,9732,41.70,0.000000,111,0.049565,2666,-283.3,2746,0.115,0.431,0.925,-1.3565,-0.2830,1.6376
District 36,AK,Alaska,58.69,9598,29.64,0.000000,112,0.112890,2098,574.5,2281,0.265,0.426,0.748,-0.5029,-0.2839,0.4698
District 37,AK,Alaska,50.76,4350,17.41,0.000000,113,0.033901,2808,17.0,2645,0.167,0.203,0.244,-1.0033,-0.3216,-0.7137
District 38,AK,Alaska,39.01,3994,12.87,0.000000,114,0.012308,3009,-326.6,2756,0.068,0.181,0.057,-1.7446,-0.3241,-1.1536
District 39,AK,Alaska,40.18,4206,10.74,0.000000,115,0.014625,2994,-295.6,2749,0.075,0.195,0.019,-1.6707,-0.3226,-1.3594
District 4,AK,Alaska,29.03,9270,42.71,0.000000,116,0.009499,3041,-1958.3,2884,0.023,0.413,0.932,-2.3743,-0.2863,1.7349
District 40,AK,Alaska,51.26,3293,13.84,0.000000,117,0.025056,2882,21.8,2641,0.174,0.144,0.084,-0.9716,-0.3291,-1.0594
District 5,AK,Alaska,54.25,8020,31.43,0.000000,118,0.074572,2436,200.7,2561,0.206,0.362,0.789,-0.7829,-0.2952,0.6430
District 6,AK,Alaska,55.88,12000,33.38,0.000000,119,0.109939,2124,440.2,2405,0.223,0.493,0.824,-0.6805,-0.2667,0.8325
District 9,AK,Alaska,47.15,11836,60.77,0.000000,120,0.063700,2534,-188.2,2730,0.130,0.490,0.993,-1.2308,-0.2679,3.4835
District 99,AK,Alaska,12.72,401,,0.000000,121,0.000000,3147,-227.8,2737,0.000,0.004,,-3.4034,-0.3499,
Barbour,AL,Alabama,56.88,9855,10.63,0.000000,122,0.104006,2178,439.1,2409,0.238,0.437,0.017,-0.6167,-0.2821,-1.3703
Bullock,AL,Alabama,26.78,4111,8.12,0.000000,123,0.003213,3107,-1023.4,2834,0.017,0.189,0.002,-2.5161,-0.3233,-1.6134
Butler,AL,Alabama,60.99,8480,13.54,0.000000,124,0.119040,2046,693.4,2183,0.310,0.384,0.075,-0.3577,-0.2919,-1.0885
Chambers,AL,Alabama,61.15,14245,14.91,0.000000,125,0.168168,1637,1188.0,1843,0.312,0.539,0.122,-0.3476,-0.2506,-0.9560
Choctaw,AL,Alabama,61.64,6656,15.76,0.000000,126,0.100142,2216,589.0,2264,0.322,0.311,0.161,-0.3165,-0.3050,-0.8734
Clarke,AL,Alabama,58.25,11958,14.97,0.000000,127,0.127428,1976,669.0,2201,0.259,0.492,0.125,-0.5309,-0.2670,-0.9496
Conecuh,AL,Alabama,56.57,6051,13.42,0.000000,128,0.066352,2506,254.4,2528,0.232,0.286,0.071,-0.6367,-0.3094,-1.1002
Dallas,AL,Alabama,33.38,15547,17.48,0.000000,129,0.021957,2909,-2293.0,2894,0.039,0.563,0.245,-2.0996,-0.2413,-0.7065
Greene,AL,Alabama,21.91,4039,15.13,0.000000,130,0.001830,3129,-1383.6,2853,0.010,0.183,0.131,-2.8234,-0.3238,-0.9347
Hale,AL,Alabama,46.12,7305,17.59,0.000000,131,0.040103,2749,-164.6,2725,0.119,0.337,0.251,-1.2960,-0.3004,-0.6967
Jefferson,AL,Alabama,43.90,298704,36.22,0.000000,132,0.100360,2212,-11475.2,3010,0.104,0.965,0.865,-1.4362,1.7888,1.1073
Lee,AL,Alabama,62.93,73127,42.38,0.000000,133,0.299600,812,7490.3,357,0.350,0.856,0.929,-0.2352,0.1715,1.7028
Lowndes,AL,Alabama,31.09,5655,14.37,0.000000,134,0.008215,3053,-1015.8,2832,0.031,0.265,0.101,-2.2444,-0.3122,-1.0082
Macon,AL,Alabama,21.47,7834,21.12,0.000000,135,0.003186,3108,-2756.6,2914,0.009,0.354,0.443,-2.8512,-0.2966,-0.3542
Madison,AL,Alabama,53.35,197617,46.42,0.000000,136,0.185574,1506,3769.3,872,0.197,0.942,0.953,-0.8397,1.0640,2.0947
Marengo,AL,Alabama,51.59,9682,19.45,0.000000,137,0.077400,2415,82.0,2614,0.180,0.430,0.351,-0.9508,-0.2833,-0.5160
Mobile,AL,Alabama,57.52,175164,25.97,0.000000,138,0.230698,1205,8720.2,275,0.247,0.934,0.651,-0.5765,0.9031,0.1149
Monroe,AL,Alabama,61.20,9815,11.67,0.000000,139,0.136155,1888,823.7,2086,0.313,0.435,0.030,-0.3443,-0.2824,-1.2693
Montgomery,AL,Alabama,33.94,89798,34.46,0.000000,140,0.036080,2784,-12587.5,3017,0.041,0.880,0.843,-2.0645,0.2910,0.9369
Perry,AL,Alabama,28.42,4465,15.77,0.000000,141,0.004598,3095,-987.3,2831,0.022,0.209,0.161,-2.4126,-0.3207,-0.8730
Pickens,AL,Alabama,61.32,8912,13.08,0.000000,142,0.126166,1990,758.8,2142,0.317,0.398,0.065,-0.3368,-0.2889,-1.1328
Pike,AL,Alabama,62.14,13234,28.02,0.000000,143,0.173865,1589,1241.2,1815,0.335,0.519,0.711,-0.2850,-0.2579,0.3131
Russell,AL,Alabama,48.64,20718,18.20,0.000000,144,0.092378,2288,-148.2,2719,0.143,0.646,0.280,-1.1367,-0.2042,-0.6375
Sumter,AL,Alabama,29.06,5307,19.01,0.000000,145,0.006024,3082,-1118.8,2839,0.024,0.251,0.326,-2.3726,-0.3147,-0.5589
Talladega,AL,Alabama,66.47,33250,16.53,0.000000,146,0.315656,723,4837.4,655,0.422,0.748,0.198,-0.0122,-0.1144,-0.7989
Tuscaloosa,AL,Alabama,59.50,85256,32.10,0.000000,147,0.245313,1121,5731.6,530,0.281,0.873,0.801,-0.4520,0.2585,0.7079
Wilcox,AL,Alabama,34.07,5263,12.95,0.000000,148,0.010168,3034,-729.0,2806,0.041,0.248,0.059,-2.0564,-0.3150,-1.1457
Benton,AR,Arkansas,62.14,128595,37.75,0.000000,149,0.305855,780,12054.3,143,0.335,0.913,0.885,-0.2853,0.5692,1.2553
Carroll,AR,Arkansas,64.74,11538,19.98,0.000000,150,0.184888,1516,1426.0,1702,0.382,0.484,0.380,-0.1210,-0.2700,-0.4649
Chicot,AR,Arkansas,47.51,3490,17.99,0.000000,151,0.020615,2922,-47.9,2677,0.133,0.155,0.270,-1.2084,-0.3277,-0.6573
Clark,AR,Arkansas,59.11,7657,26.19,0.000000,152,0.095352,2262,487.4,2359,0.274,0.348,0.658,-0.4764,-0.2978,0.1359
Crittenden,AR,Arkansas,47.87,14681,16.99,0.000000,153,0.074664,2432,-169.8,2726,0.136,0.549,0.227,-1.1854,-0.2475,-0.7547
Dallas,AR,Arkansas,63.77,2324,11.35,0.000000,154,0.035280,2795,260.3,2518,0.360,0.098,0.024,-0.1824,-0.3361,-1.3004
Desha,AR,Arkansas,51.50,3505,12.63,0.000000,155,0.027924,2857,27.8,2639,0.179,0.156,0.051,-0.9566,-0.3276,-1.1767
Drew,AR,Arkansas,66.03,6365,25.61,0.000000,156,0.122889,2011,889.9,2047,0.411,0.299,0.638,-0.0396,-0.3071,0.0798
Faulkner,AR,Arkansas,64.92,54465,34.96,0.000000,157,0.318548,715,6847.7,410,0.388,0.821,0.851,-0.1100,0.0377,0.9848
Jefferson,AR,Arkansas,39.19,21608,20.05,0.000000,158,0.045920,2699,-1727.7,2873,0.070,0.656,0.383,-1.7332,-0.1978,-0.4579
Lee,AR,Arkansas,46.87,2520,7.24,0.000000,159,0.013843,2998,-44.6,2676,0.127,0.109,0.001,-1.2489,-0.3347,-1.6984
Mississippi,AR,Arkansas,64.97,10717,13.70,0.000000,160,0.179644,1544,1354.6,1742,0.388,0.463,0.080,-0.1065,-0.2759,-1.0730
Monroe,AR,Arkansas,56.93,2433,12.71,0.000000,161,0.024856,2883,109.2,2599,0.239,0.104,0.052,-0.6142,-0.3353,-1.1684
Ouachita,AR,Arkansas,58.61,8626,16.29,0.000000,162,0.102696,2189,510.5,2338,0.264,0.389,0.188,-0.5077,-0.2909,-0.8225
Phillips,AR,Arkansas,42.49,4938,15.00,0.000000,163,0.021344,2915,-245.4,2742,0.092,0.232,0.126,-1.5252,-0.3173,-0.9473
Pulaski,AR,Arkansas,37.67,153924,37.93,0.000000,164,0.053766,2624,-14753.4,3029,0.058,0.927,0.887,-1.8293,0.7508,1.2727
St. Francis,AR,Arkansas,48.65,5979,14.25,0.000000,165,0.040326,2747,-42.4,2672,0.143,0.282,0.097,-1.1361,-0.3099,-1.0199
Union,AR,Arkansas,66.00,15448,19.08,0.000000,166,0.230010,1209,2153.7,1362,0.410,0.561,0.329,-0.0415,-0.2420,-0.5521
Washington,AR,Arkansas,51.71,97158,35.25,0.000000,167,0.161090,1704,890.0,2046,0.181,0.890,0.854,-0.9431,0.3438,1.0131
Woodruff,AR,Arkansas,65.27,2318,16.16,0.000000,168,0.038612,2763,301.6,2497,0.394,0.098,0.182,-0.0876,-0.3361,-0.8346
Apache,AZ,Arizona,39.86,32101,16.56,0.000000,169,0.054908,2615,-2355.0,2896,0.074,0.742,0.202,-1.6910,-0.1226,-0.7956
Cochise,AZ,Arizona,60.77,59135,28.09,0.000000,170,0.254065,1065,4703.7,686,0.305,0.833,0.712,-0.3717,0.0712,0.3205
Coconino,AZ,Arizona,39.18,70374,40.34,0.000000,171,0.058857,2583,-5629.8,2958,0.069,0.853,0.914,-1.7335,0.1518,1.5059
Maricopa,AZ,Arizona,51.01,2061574,36.68,0.000000,172,0.171828,1604,10793.7,188,0.172,0.999,0.873,-0.9877,14.4274,1.1516
Navajo,AZ,Arizona,57.98,50847,19.10,0.000000,173,0.206248,1363,2727.1,1144,0.254,0.812,0.330,-0.5478,0.0118,-0.5497
Pima,AZ,Arizona,41.66,515287,36.79,0.000000,174,0.082824,2370,-29253.1,3075,0.084,0.986,0.874,-1.5773,3.3415,1.1626
Pinal,AZ,Arizona,60.39,210173,22.47,0.000000,175,0.281908,903,15930.2,88,0.298,0.946,0.508,-0.3955,1.1541,-0.2242
Santa Cruz,AZ,Arizona,40.17,19167,23.14,0.000000,176,0.046875,2687,-1349.3,2850,0.075,0.625,0.539,-1.6715,-0.2153,-0.1589
Yavapai,AZ,Arizona,66.48,149428,30.25,0.000000,177,0.391275,425,21775.4,44,0.423,0.925,0.762,-0.0111,0.7186,0.5295
Yuma,AZ,Arizona,59.63,68335,16.78,0.000000,178,0.240267,1142,4676.8,689,0.283,0.849,0.214,-0.4438,0.1372,-0.7749
Alameda,CA,California,21.02,669907,52.25,0.000000,179,0.007928,3060,-242256.7,3147,0.008,0.991,0.977,-2.8798,4.4500,2.6583
Alpine,CA,California,32.93,738,41.10,0.000000,180,0.000555,3139,-113.4,2709,0.037,0.015,0.920,-2.1284,-0.3475,1.5791
Amador,CA,California,62.57,22403,22.42,0.000000,181,0.227409,1226,2205.5,1342,0.343,0.663,0.506,-0.2579,-0.1921,-0.2287
Butte,CA,California,49.90,94556,31.92,0.000000,182,0.139259,1862,-49.7,2678,0.157,0.887,0.798,-1.0577,0.3252,0.6912
Calaveras,CA,California,62.78,26480,23.87,0.000000,183,0.243594,1129,2668.6,1162,0.347,0.702,0.566,-0.2446,-0.1629,-0.0883
Colusa,CA,California,62.87,7021,16.39,0.000000,184,0.113076,2096,714.2,2171,0.349,0.324,0.192,-0.2392,-0.3024,-0.8127
Contra Costa,CA,California,29.36,528904,45.23,0.000000,185,0.024675,2886,-108913.2,3132,0.025,0.987,0.945,-2.3531,3.4391,1.9793
Del Norte,CA,California,56.79,10564,21.39,0.000000,186,0.108324,2137,462.4,2387,0.236,0.459,0.457,-0.6229,-0.2770,-0.3283
El Dorado,CA,California,54.62,111890,40.02,0.000000,187,0.189420,1477,3080.7,1035,0.210,0.902,0.910,-0.7599,0.4494,1.4750
Fresno,CA,California,50.90,325994,24.27,0.000000,188,0.164730,1665,1516.5,1643,0.170,0.969,0.585,-0.9945,1.9844,-0.0495
Glenn,CA,California,66.12,10442,15.12,0.000000,189,0.187502,1494,1471.5,1671,0.413,0.454,0.131,-0.0342,-0.2779,-0.9353
Humboldt,CA,California,33.57,64228,33.13,0.000000,190,0.032916,2816,-9316.7,2991,0.039,0.844,0.820,-2.0880,0.1077,0.8079
Imperial,CA,California,49.14,54025,16.07,0.000000,191,0.122031,2022,-241.4,2739,0.149,0.819,0.176,-1.1056,0.0346,-0.8438
Inyo,CA,California,49.92,8951,31.50,0.000000,192,0.063200,2541,-3.8,2654,0.158,0.400,0.789,-1.0564,-0.2886,0.6497
Kern,CA,California,59.27,283246,18.77,0.000000,193,0.268398,977,18446.9,60,0.279,0.962,0.312,-0.4663,1.6779,-0.5820
Kings,CA,California,60.42,41501,13.64,0.000000,194,0.234900,1177,3156.4,1010,0.300,0.783,0.078,-0.3938,-0.0552,-1.0782
Lake,CA,California,49.18,26759,17.83,0.000000,195,0.105194,2166,-112.8,2707,0.149,0.706,0.264,-1.1027,-0.1609,-0.6731
Los Angeles,CA,California,31.91,3728427,36.01,0.000000,196,0.034000,2807,-625232.6,3154,0.034,1.000,0.861,-2.1923,26.3776,1.0869
Madera,CA,California,59.21,54624,17.91,0.000000,197,0.227417,1225,3528.5,920,0.277,0.821,0.268,-0.4699,0.0389,-0.6656
Marin,CA,California,16.69,144113,61.13,0.000000,198,0.003684,3102,-66631.1,3113,0.004,0.921,0.993,-3.1527,0.6804,3.5180
Mariposa,CA,California,59.15,9509,31.81,0.000000,199,0.116600,2066,609.2,2247,0.275,0.424,0.796,-0.4735,-0.2846,0.6803
Mendocino,CA,California,34.50,39216,25.15,0.000000,200,0.034144,2805,-5217.6,2957,0.044,0.776,0.623,-2.0293,-0.0716,0.0358
Merced,CA,California,50.88,86392,15.33,0.000000,201,0.148750,1801,393.0,2439,0.170,0.875,0.143,-0.9957,0.2666,-0.9149
Mono,CA,California,37.83,6064,32.15,0.000000,202,0.016992,2969,-570.5,2794,0.059,0.288,0.801,-1.8190,-0.3093,0.7133
Monterey,CA,California,33.55,146718,28.21,0.000000,203,0.035958,2785,-21311.4,3053,0.039,0.922,0.715,-2.0889,0.6991,0.3321
Napa,CA,California,31.06,65549,39.79,0.000000,204,0.026195,2868,-11804.7,3012,0.031,0.845,0.908,-2.2464,0.1172,1.4529
Nevada,CA,California,42.13,62132,41.55,0.000000,205,0.074671,2431,-3274.4,2929,0.089,0.839,0.923,-1.5476,0.0927,1.6225
Orange,CA,California,47.08,1390965,44.08,0.000000,206,0.128742,1955,-22781.3,3059,0.129,0.998,0.940,-1.2356,9.6195,1.8676
Placer,CA,California,52.78,234809,43.18,0.000000,207,0.181260,1535,3642.3,895,0.190,0.954,0.936,-0.8755,1.3307,1.7803
Plumas,CA,California,56.87,10067,22.55,0.000000,208,0.105910,2160,447.3,2402,0.238,0.445,0.512,-0.6177,-0.2806,-0.2163
Riverside,CA,California,49.31,940405,25.57,0.000000,209,0.150547,1789,-3353.9,2932,0.151,0.997,0.636,-1.0949,6.3893,0.0759
Sacramento,CA,California,38.40,656626,34.13,0.000000,210,0.064350,2528,-57809.9,3112,0.065,0.990,0.835,-1.7831,4.3548,0.9049
San Benito,CA,California,42.32,27649,24.09,0.000000,211,0.064170,2531,-1412.1,2854,0.090,0.713,0.577,-1.5355,-0.1545,-0.0673
San Bernardino,CA,California,49.68,761714,23.30,0.000000,212,0.155064,1751,-1236.2,2843,0.156,0.994,0.545,-1.0714,5.1082,-0.1439
San Diego,CA,California,40.15,1477786,43.16,0.000000,213,0.074850,2430,-104339.4,3129,0.075,0.998,0.936,-1.6729,10.2420,1.7788
San Francisco,CA,California,15.53,402964,60.34,0.000000,214,0.001958,3126,-198182.3,3145,0.002,0.979,0.992,-3.2258,2.5362,3.4417
San Joaquin,CA,California,48.92,263671,22.75,0.000000,215,0.139868,1858,-1481.6,2859,0.146,0.958,0.523,-1.1191,1.5376,-0.1969
San Luis Obispo,CA,California,43.07,150766,39.84,0.000000,216,0.090748,2310,-6774.9,2971,0.098,0.926,0.909,-1.4885,0.7281,1.4576
San Mateo,CA,California,23.18,330510,53.67,0.000000,217,0.011652,3017,-104614.2,3130,0.012,0.971,0.980,-2.7432,2.0168,2.7964
Santa Barbara,CA,California,35.12,184715,36.81,0.000000,218,0.043194,2722,-23142.0,3060,0.046,0.939,0.875,-1.9900,0.9715,1.1642
Santa Clara,CA,California,28.11,750433,56.50,0.000000,219,0.020853,2921,-169832.7,3140,0.021,0.993,0.985,-2.4325,5.0274,3.0698
Santa Cruz,CA,California,20.86,134135,43.94,0.000000,220,0.007328,3064,-48967.0,3100,0.008,0.916,0.939,-2.8898,0.6089,1.8539
Sierra,CA,California,60.78,1754,25.81,0.000000,221,0.020502,2924,139.6,2588,0.306,0.067,0.644,-0.3713,-0.3402,0.0994
Siskiyou,CA,California,57.99,21489,23.33,0.000000,222,0.166370,1652,1154.4,1866,0.254,0.655,0.547,-0.5472,-0.1987,-0.1410
Solano,CA,California,37.06,189834,28.76,0.000000,223,0.051700,2644,-19470.6,3047,0.055,0.940,0.731,-1.8678,1.0082,0.3846
Sonoma,CA,California,25.23,251426,38.49,0.000000,224,0.013384,3000,-69650.3,3115,0.014,0.956,0.894,-2.6142,1.4498,1.3264
Stanislaus,CA,California,54.18,197472,19.65,0.000000,225,0.193110,1455,4843.1,652,0.205,0.942,0.361,-0.7875,1.0630,-0.4970
Sutter,CA,California,64.50,39336,20.91,0.000000,226,0.291776,853,4746.1,677,0.376,0.776,0.432,-0.1362,-0.0707,-0.3745
Trinity,CA,California,52.77,5645,22.41,0.000000,227,0.050350,2654,87.2,2609,0.190,0.265,0.506,-0.8762,-0.3123,-0.2302
Tulare,CA,California,59.20,138271,16.64,0.000000,228,0.253368,1071,8914.2,269,0.276,0.918,0.206,-0.4708,0.6386,-0.7881
Tuolumne,CA,California,59.74,28810,24.61,0.000000,229,0.206055,1364,2001.9,1424,0.285,0.723,0.598,-0.4368,-0.1462,-0.0169
Ventura,CA,California,41.00,387595,36.13,0.000000,230,0.078160,2409,-24297.7,3063,0.080,0.977,0.863,-1.6192,2.4260,1.0987
Yolo,CA,California,30.07,92589,44.81,0.000000,231,0.023895,2892,-18044.0,3044,0.027,0.885,0.944,-2.3084,0.3111,1.9383
Yuba,CA,California,61.49,30070,17.74,0.000000,232,0.233920,1186,2613.7,1192,0.320,0.731,0.260,-0.3260,-0.1372,-0.6817
Adams,CO,Colorado,44.12,233491,29.02,0.000000,233,0.101971,2195,-8568.3,2987,0.107,0.953,0.735,-1.4219,1.3212,0.4101
Alamosa,CO,Colorado,53.88,7529,32.44,0.000000,234,0.069629,2480,169.9,2576,0.203,0.343,0.808,-0.8060,-0.2988,0.7413
Arapahoe,CO,Colorado,38.48,325631,46.50,0.000000,235,0.062985,2545,-28386.4,3074,0.065,0.969,0.954,-1.7778,1.9818,2.1018
Archuleta,CO,Colorado,55.77,9357,40.87,0.000000,236,0.092796,2280,335.5,2477,0.222,0.418,0.918,-0.6874,-0.2857,1.5572
Boulder,CO,Colorado,20.76,196304,64.16,0.000000,237,0.007528,3061,-72070.2,3116,0.008,0.941,0.996,-2.8958,1.0546,3.8112
Broomfield,CO,Colorado,34.30,46848,60.33,0.000000,238,0.034529,2802,-6346.9,2965,0.043,0.803,0.992,-2.0414,-0.0169,3.4413
Chaffee,CO,Colorado,41.84,14423,46.98,0.000000,239,0.047328,2681,-796.7,2818,0.087,0.544,0.956,-1.5662,-0.2493,2.1490
Clear Creek,CO,Colorado,40.18,6102,57.50,0.000000,240,0.021964,2908,-428.6,2773,0.076,0.289,0.988,-1.6705,-0.3090,3.1665
Conejos,CO,Colorado,57.44,4105,25.71,0.000000,241,0.046494,2692,201.6,2559,0.246,0.189,0.641,-0.5816,-0.3233,0.0893
Costilla,CO,Colorado,40.87,2080,24.85,0.000000,242,0.006636,3077,-132.9,2714,0.079,0.084,0.607,-1.6275,-0.3378,0.0069
Delta,CO,Colorado,66.47,19478,26.64,0.000000,243,0.266067,987,2836.1,1105,0.423,0.629,0.672,-0.0117,-0.2131,0.1796
Denver,CO,Colorado,20.57,363519,56.53,0.000000,244,0.006825,3072,-135018.5,3138,0.007,0.975,0.986,-2.9082,2.2534,3.0728
Douglas,CO,Colorado,52.26,243892,62.02,0.000000,245,0.176490,1574,3006.6,1057,0.185,0.954,0.994,-0.9087,1.3958,3.6047
Eagle,CO,Colorado,36.50,27805,50.94,0.000000,246,0.037180,2772,-3028.1,2923,0.052,0.715,0.972,-1.9031,-0.1534,2.5317
El Paso,CO,Colorado,53.53,380986,41.88,0.000000,247,0.194224,1444,7701.7,344,0.199,0.976,0.927,-0.8286,2.3787,1.6547
Garfield,CO,Colorado,47.71,30376,33.61,0.000000,248,0.098088,2239,-380.0,2764,0.134,0.732,0.829,-1.1955,-0.1350,0.8541
Gilpin,CO,Colorado,41.86,4130,52.82,0.000000,249,0.016720,2971,-227.1,2736,0.088,0.190,0.977,-1.5644,-0.3231,2.7137
Grand,CO,Colorado,48.79,9884,42.68,0.000000,250,0.063216,2540,-62.9,2683,0.144,0.439,0.931,-1.1277,-0.2819,1.7323
Gunnison,CO,Colorado,33.71,10942,64.66,0.000000,251,0.018760,2945,-1566.0,2863,0.040,0.469,0.998,-2.0787,-0.2743,3.8604
Hinsdale,CO,Colorado,54.70,607,47.69,0.000000,252,0.002321,3119,17.1,2644,0.211,0.011,0.959,-0.7549,-0.3484,2.2170
Huerfano,CO,Colorado,52.81,4442,26.37,0.000000,253,0.039537,2755,69.7,2619,0.191,0.207,0.666,-0.8736,-0.3209,0.1534
Jefferson,CO,Colorado,38.84,361716,51.99,0.000000,254,0.066164,2508,-30184.5,3078,0.068,0.973,0.976,-1.7550,2.2405,2.6333
La Plata,CO,Colorado,39.29,35692,49.29,0.000000,255,0.053960,2621,-2817.2,2918,0.071,0.760,0.965,-1.7268,-0.0969,2.3720
Lake,CO,Colorado,39.79,3913,49.50,0.000000,256,0.012848,3004,-289.7,2748,0.073,0.176,0.967,-1.6953,-0.3247,2.3920
Larimer,CO,Colorado,39.74,225654,52.95,0.000000,257,0.069350,2483,-16809.3,3038,0.073,0.950,0.978,-1.6983,1.2650,2.7269
Las Animas,CO,Colorado,55.54,7793,19.29,0.000000,258,0.076736,2419,266.2,2515,0.218,0.352,0.342,-0.7018,-0.2969,-0.5320
Mesa,CO,Colorado,60.95,91620,32.31,0.000000,259,0.273156,943,7450.4,363,0.309,0.884,0.805,-0.3605,0.3041,0.7287
Mineral,CO,Colorado,55.38,753,51.68,0.000000,260,0.003472,3104,24.8,2640,0.217,0.016,0.974,-0.7118,-0.3473,2.6035
Montezuma,CO,Colorado,59.26,15139,31.32,0.000000,261,0.155124,1750,985.2,1981,0.279,0.556,0.787,-0.4666,-0.2442,0.6328
Montrose,CO,Colorado,65.18,25626,28.71,0.000000,262,0.272832,945,3306.5,972,0.392,0.696,0.729,-0.0931,-0.1690,0.3801
Otero,CO,Colorado,61.84,8926,18.17,0.000000,263,0.130473,1937,808.5,2100,0.327,0.399,0.277,-0.3040,-0.2888,-0.6405
Ouray,CO,Colorado,38.38,4098,56.48,0.000000,264,0.012096,3012,-361.4,2763,0.064,0.189,0.985,-1.7840,-0.3234,3.0678
Park,CO,Colorado,56.67,12049,41.62,0.000000,265,0.115830,2076,516.1,2329,0.234,0.495,0.923,-0.6304,-0.2664,1.6293
Pitkin,CO,Colorado,26.79,11169,62.78,0.000000,266,0.008109,3056,-2779.1,2916,0.017,0.477,0.996,-2.5156,-0.2727,3.6781
Pueblo,CO,Colorado,51.33,85120,25.61,0.000000,267,0.153472,1764,594.3,2261,0.176,0.872,0.638,-0.9675,0.2575,0.0795
Rio Grande,CO,Colorado,60.43,6194,34.48,0.000000,268,0.088200,2333,471.8,2372,0.300,0.294,0.843,-0.3931,-0.3083,0.9387
Routt,CO,Colorado,34.75,16335,54.19,0.000000,269,0.026145,2869,-2121.7,2890,0.045,0.581,0.981,-2.0135,-0.2356,2.8461
Saguache,CO,Colorado,46.37,3401,31.31,0.000000,270,0.018150,2953,-71.0,2687,0.121,0.150,0.786,-1.2803,-0.3284,0.6317
San Juan,CO,Colorado,31.92,589,52.12,0.000000,271,0.000340,3144,-98.7,2700,0.034,0.010,0.976,-2.1920,-0.3485,2.6464
San Miguel,CO,Colorado,24.02,4804,64.86,0.000000,272,0.002899,3114,-1440.9,2855,0.013,0.223,0.998,-2.6902,-0.3183,3.8792
Summit,CO,Colorado,29.89,17545,55.00,0.000000,273,0.015678,2981,-3468.9,2935,0.026,0.603,0.982,-2.3200,-0.2270,2.9247
Teller,CO,Colorado,66.45,16338,37.86,0.000000,274,0.245022,1122,2372.7,1272,0.421,0.582,0.887,-0.0135,-0.2356,1.2659
Weld,CO,Colorado,59.18,179921,33.17,0.000000,275,0.258336,1030,11561.7,161,0.276,0.936,0.821,-0.4722,0.9372,0.8120
Fairfield,CT,Connecticut,39.41,452303,50.73,0.000000,276,0.069722,2477,-35158.5,3089,0.071,0.982,0.971,-1.7192,2.8900,2.5121
Hartford,CT,Connecticut,37.87,429325,41.05,0.000000,277,0.058860,2582,-40219.3,3093,0.060,0.981,0.919,-1.8167,2.7252,1.5742
Litchfield,CT,Connecticut,53.27,105969,38.96,0.000000,278,0.176008,1577,1968.1,1436,0.196,0.898,0.900,-0.8447,0.4070,1.3722
Middlesex,CT,Connecticut,42.71,97519,45.25,0.000000,279,0.084645,2362,-4663.6,2952,0.095,0.891,0.945,-1.5109,0.3464,1.9810
New Haven,CT,Connecticut,43.08,397987,38.74,0.000000,280,0.095844,2256,-17860.1,3043,0.098,0.978,0.897,-1.4880,2.5006,1.3505
New London,CT,Connecticut,42.81,137500,37.62,0.000000,281,0.088032,2334,-6471.7,2967,0.096,0.917,0.884,-1.5050,0.6330,1.2422
Tolland,CT,Connecticut,45.11,81520,44.07,0.000000,282,0.099705,2220,-2402.6,2902,0.115,0.867,0.940,-1.3597,0.2317,1.8668
Windham,CT,Connecticut,54.34,56887,25.49,0.000000,283,0.172224,1600,1457.1,1682,0.208,0.828,0.634,-0.7775,0.0551,0.0683
District of Columbia,DC,District of Columbia,6.47,325869,64.25,0.000000,284,0.000000,3148,-248204.3,3149,0.000,0.969,0.997,-3.7978,1.9835,3.8200
Kent,DE,Delaware,48.17,88141,27.54,0.000000,285,0.122042,2021,-866.3,2822,0.139,0.878,0.698,-1.1666,0.2792,0.2666
New Castle,DE,Delaware,32.93,275917,39.68,0.000000,286,0.036480,2778,-42362.3,3094,0.038,0.960,0.907,-2.1280,1.6254,1.4422
Sussex,DE,Delaware,54.88,147639,32.99,0.000000,287,0.195464,1433,4340.4,751,0.212,0.922,0.818,-0.7432,0.7057,0.7940
Alachua,FL,Florida,38.77,136548,48.76,0.000000,288,0.061372,2559,-11498.7,3011,0.067,0.916,0.961,-1.7597,0.6262,2.3210
Brevard,FL,Florida,59.91,361449,34.21,0.000000,289,0.280224,907,25702.2,21,0.288,0.973,0.836,-0.4261,2.2386,0.9127
Broward,FL,Florida,41.04,874539,36.72,0.000000,290,0.080676,2388,-54442.0,3108,0.081,0.996,0.873,-1.6162,5.9171,1.1551
Collier,FL,Florida,66.21,216370,40.29,0.000000,291,0.393420,417,30761.9,12,0.415,0.948,0.913,-0.0281,1.1985,1.5010
Duval,FL,Florida,50.14,471282,34.43,0.000000,292,0.158424,1725,323.8,2484,0.161,0.984,0.842,-1.0425,3.0260,0.9342
Escambia,FL,Florida,59.23,162755,29.68,0.000000,293,0.259096,1026,10546.9,192,0.278,0.932,0.750,-0.4685,0.8141,0.4738
Flagler,FL,Florida,63.79,79968,31.31,0.000000,294,0.311543,751,8977.4,267,0.361,0.863,0.786,-0.1809,0.2206,0.6320
Gadsden,FL,Florida,34.27,21868,21.34,0.000000,295,0.027636,2859,-2971.2,2922,0.042,0.658,0.453,-2.0434,-0.1960,-0.3330
Hillsborough,FL,Florida,50.90,671993,38.09,0.000000,296,0.168470,1635,3119.1,1020,0.170,0.991,0.890,-0.9946,4.4650,1.2880
Indian River,FL,Florida,63.36,99017,33.83,0.000000,297,0.316122,722,10621.1,191,0.354,0.893,0.832,-0.2082,0.3571,0.8754
Jefferson,FL,Florida,58.94,8502,19.16,0.000000,298,0.103950,2179,528.0,2314,0.270,0.385,0.334,-0.4871,-0.2918,-0.5439
Lake,FL,Florida,61.95,226788,27.85,0.000000,299,0.315400,727,20806.9,47,0.332,0.950,0.706,-0.2970,1.2732,0.2966
Lee,FL,Florida,63.86,392532,31.20,0.000000,300,0.354651,566,44362.1,4,0.363,0.977,0.783,-0.1768,2.4614,0.6215
Leon,FL,Florida,38.52,156802,48.91,0.000000,301,0.060320,2572,-13611.2,3021,0.065,0.928,0.963,-1.7756,0.7714,2.3349
Madison,FL,Florida,64.15,9156,13.91,0.000000,302,0.150880,1785,1066.8,1930,0.368,0.410,0.087,-0.1581,-0.2871,-1.0526
Manatee,FL,Florida,61.39,228860,35.43,0.000000,303,0.302736,798,19636.5,52,0.318,0.952,0.856,-0.3328,1.2880,1.0306
Marion,FL,Florida,65.47,214106,23.37,0.000000,304,0.378800,463,28391.7,16,0.400,0.947,0.549,-0.0751,1.1823,-0.1365
Martin,FL,Florida,65.24,98291,37.14,0.000000,305,0.350556,581,12746.3,130,0.393,0.892,0.879,-0.0898,0.3519,1.1956
Miami-Dade,FL,Florida,55.35,1094105,34.39,0.000000,306,0.216349,1287,35867.7,9,0.217,0.997,0.841,-0.7136,7.4912,0.9297
Monroe,FL,Florida,58.80,44328,38.63,0.000000,307,0.211731,1326,2696.6,1153,0.267,0.793,0.896,-0.4960,-0.0349,1.3400
Orange,FL,Florida,42.54,607199,39.32,0.000000,308,0.090988,2306,-29930.5,3077,0.092,0.989,0.904,-1.5221,4.0005,1.4068
Osceola,FL,Florida,50.19,172780,29.76,0.000000,309,0.151308,1780,162.7,2581,0.162,0.934,0.752,-1.0393,0.8860,0.4814
Palm Beach,FL,Florida,49.19,745709,40.53,0.000000,310,0.148950,1800,-3107.2,2926,0.150,0.993,0.914,-1.1021,4.9935,1.5240
Pasco,FL,Florida,62.10,318471,29.20,0.000000,311,0.323312,691,29730.5,13,0.334,0.968,0.739,-0.2875,1.9305,0.4278
Pinellas,FL,Florida,52.11,517074,36.76,0.000000,312,0.181424,1534,5939.8,503,0.184,0.986,0.874,-0.9177,3.3543,1.1592
Polk,FL,Florida,59.91,348931,23.46,0.000000,313,0.279936,910,24821.8,24,0.288,0.972,0.552,-0.4259,2.1489,-0.1286
Sarasota,FL,Florida,58.74,277866,40.81,0.000000,314,0.256587,1046,16759.3,77,0.267,0.961,0.917,-0.4997,1.6394,1.5517
Seminole,FL,Florida,51.13,253727,42.74,0.000000,315,0.166344,1653,1501.5,1654,0.174,0.956,0.933,-0.9797,1.4663,1.7378
St. Johns,FL,Florida,65.21,197457,50.91,0.000000,316,0.370206,498,25538.9,22,0.393,0.942,0.971,-0.0916,1.0629,2.5291
St. Lucie,FL,Florida,54.17,185131,26.66,0.000000,317,0.191556,1462,4535.8,714,0.204,0.939,0.673,-0.7878,0.9745,0.1817
Volusia,FL,Florida,60.45,310498,28.36,0.000000,318,0.290100,865,23708.7,31,0.300,0.967,0.718,-0.3919,1.8733,0.3466
Baker,GA,Georgia,59.82,1476,16.68,0.000000,319,0.016016,2979,103.8,2602,0.286,0.056,0.207,-0.4313,-0.3422,-0.7842
Baldwin,GA,Georgia,50.86,18825,24.36,0.000000,320,0.104780,2168,83.5,2612,0.169,0.620,0.588,-0.9970,-0.2178,-0.0408
Ben Hill,GA,Georgia,65.85,6501,12.96,0.000000,321,0.123424,2006,893.7,2043,0.406,0.304,0.060,-0.0510,-0.3061,-1.1449
Bibb,GA,Georgia,38.53,69181,26.29,0.000000,322,0.055250,2613,-5994.0,2962,0.065,0.850,0.664,-1.7746,0.1432,0.1460
Brooks,GA,Georgia,63.25,7210,15.80,0.000000,323,0.116512,2069,764.0,2138,0.352,0.331,0.164,-0.2154,-0.3011,-0.8695
Bulloch,GA,Georgia,64.26,32657,32.47,0.000000,324,0.276395,931,3845.5,852,0.371,0.745,0.809,-0.1515,-0.1186,0.7445
Burke,GA,Georgia,54.44,11070,15.46,0.000000,325,0.098857,2230,291.7,2502,0.209,0.473,0.148,-0.7707,-0.2734,-0.9024
Calhoun,GA,Georgia,43.77,2056,13.00,0.000000,326,0.008466,3050,-80.9,2693,0.102,0.083,0.061,-1.4439,-0.3380,-1.1410
Chatham,GA,Georgia,40.63,141109,37.69,0.000000,327,0.071760,2454,-9317.7,2992,0.078,0.920,0.885,-1.6422,0.6589,1.2497
Chattahoochee,GA,Georgia,57.97,1694,29.62,0.000000,328,0.016192,2978,90.7,2607,0.253,0.064,0.748,-0.5483,-0.3406,0.4679
Clarke,GA,Georgia,30.35,52887,47.40,0.000000,329,0.023693,2895,-10086.2,2999,0.029,0.817,0.957,-2.2912,0.0264,2.1890
Clay,GA,Georgia,45.98,1442,23.42,0.000000,330,0.006372,3079,-33.9,2667,0.118,0.054,0.550,-1.3049,-0.3424,-0.1321
Clayton,GA,Georgia,15.11,111729,22.53,0.000000,331,0.001802,3130,-56197.4,3110,0.002,0.901,0.511,-3.2528,0.4483,-0.2180
Cobb,GA,Georgia,42.03,401369,50.77,0.000000,332,0.086064,2351,-21514.1,3054,0.088,0.978,0.971,-1.5543,2.5248,2.5152
Columbia,GA,Georgia,62.45,85920,38.46,0.000000,333,0.297500,829,8343.7,295,0.340,0.875,0.893,-0.2656,0.2632,1.3240
Coweta,GA,Georgia,66.58,85916,36.22,0.000000,334,0.371450,494,12630.7,134,0.425,0.874,0.864,-0.0050,0.2632,1.1072
Crisp,GA,Georgia,62.83,8116,15.33,0.000000,335,0.128064,1967,821.8,2087,0.348,0.368,0.143,-0.2419,-0.2946,-0.9155
Decatur,GA,Georgia,61.82,11549,15.15,0.000000,336,0.158110,1728,1043.8,1947,0.326,0.485,0.132,-0.3051,-0.2699,-0.9328
DeKalb,GA,Georgia,17.11,366008,47.43,0.000000,337,0.004880,3093,-165425.1,3139,0.005,0.976,0.958,-3.1263,2.2713,2.1920
Dooly,GA,Georgia,53.70,4177,14.82,0.000000,338,0.038793,2761,89.1,2608,0.201,0.193,0.118,-0.8178,-0.3228,-0.9647
Dougherty,GA,Georgia,29.26,33850,22.75,0.000000,339,0.018000,2954,-7027.1,2975,0.024,0.750,0.523,-2.3598,-0.1101,-0.1966
Douglas,GA,Georgia,33.93,70721,30.85,0.000000,340,0.034973,2797,-9921.6,2998,0.041,0.853,0.773,-2.0650,0.1543,0.5869
Early,GA,Georgia,55.71,4879,14.75,0.000000,341,0.050167,2659,172.9,2574,0.221,0.227,0.116,-0.6910,-0.3178,-0.9717
Fayette,GA,Georgia,51.15,74633,49.90,0.000000,342,0.149292,1799,450.3,2399,0.174,0.858,0.968,-0.9784,0.1823,2.4313
Forsyth,GA,Georgia,66.03,138249,57.13,0.000000,343,0.376380,472,19318.3,55,0.410,0.918,0.987,-0.0400,0.6384,3.1307
Fulton,GA,Georgia,27.03,535238,58.49,0.000000,344,0.017766,2958,-130960.6,3136,0.018,0.987,0.989,-2.5006,3.4846,3.2628
Glynn,GA,Georgia,62.76,43912,32.44,0.000000,345,0.274824,938,4412.7,736,0.347,0.792,0.808,-0.2462,-0.0379,0.7414
Greene,GA,Georgia,64.25,12786,37.80,0.000000,346,0.188097,1489,1504.3,1652,0.371,0.507,0.886,-0.1521,-0.2611,1.2597
Gwinnett,GA,Georgia,41.13,420681,39.01,0.000000,347,0.080442,2391,-25850.5,3069,0.082,0.981,0.900,-1.6106,2.6633,1.3770
Hancock,GA,Georgia,32.17,4240,10.27,0.000000,348,0.007056,3066,-695.7,2805,0.036,0.196,0.015,-2.1761,-0.3223,-1.4054
Henry,GA,Georgia,34.86,129034,29.49,0.000000,349,0.041085,2740,-16578.0,3036,0.045,0.913,0.745,-2.0063,0.5723,0.4553
Houston,GA,Georgia,55.32,81514,32.47,0.000000,350,0.187272,1495,2651.6,1170,0.216,0.867,0.809,-0.7158,0.2317,0.7444
Jefferson,GA,Georgia,50.45,7463,13.49,0.000000,351,0.055924,2608,17.1,2643,0.164,0.341,0.073,-1.0228,-0.2992,-1.0928
Jenkins,GA,Georgia,65.03,3409,10.28,0.000000,352,0.058500,2588,433.5,2412,0.390,0.150,0.015,-0.1026,-0.3283,-1.4042
Laurens,GA,Georgia,66.20,23352,19.15,0.000000,353,0.278622,919,3317.0,970,0.414,0.673,0.333,-0.0288,-0.1853,-0.5455
Liberty,GA,Georgia,41.00,23028,20.46,0.000000,354,0.053520,2630,-1443.3,2857,0.080,0.669,0.406,-1.6191,-0.1877,-0.4183
Long,GA,Georgia,64.58,7056,13.28,0.000000,355,0.123228,2009,858.4,2065,0.378,0.326,0.069,-0.1310,-0.3022,-1.1131
Lowndes,GA,Georgia,58.75,47795,27.94,0.000000,356,0.215202,1296,2888.2,1086,0.267,0.806,0.708,-0.4989,-0.0101,0.3059
Macon,GA,Georgia,40.89,4686,10.97,0.000000,357,0.017520,2962,-298.4,2750,0.080,0.219,0.021,-1.6261,-0.3191,-1.3368
Marion,GA,Georgia,64.84,3621,17.67,0.000000,358,0.062532,2551,452.0,2396,0.386,0.162,0.256,-0.1146,-0.3268,-0.6884
McDuffie,GA,Georgia,62.28,10537,17.77,0.000000,359,0.154009,1757,1003.3,1968,0.337,0.457,0.261,-0.2766,-0.2772,-0.6789
McIntosh,GA,Georgia,64.08,7408,20.04,0.000000,360,0.124074,2003,856.5,2066,0.366,0.339,0.383,-0.1628,-0.2996,-0.4588
Meriwether,GA,Georgia,62.56,11788,14.51,0.000000,361,0.167727,1641,1159.4,1861,0.343,0.489,0.106,-0.2585,-0.2682,-0.9946
Mitchell,GA,Georgia,58.02,8877,14.26,0.000000,362,0.101092,2205,478.9,2364,0.254,0.398,0.097,-0.5454,-0.2891,-1.0185
Muscogee,GA,Georgia,38.04,80491,30.48,0.000000,363,0.052704,2635,-7394.4,2981,0.061,0.864,0.767,-1.8060,0.2243,0.5516
Newton,GA,Georgia,42.16,59051,25.02,0.000000,364,0.074137,2439,-3100.1,2925,0.089,0.833,0.618,-1.5461,0.0706,0.0233
Paulding,GA,Georgia,61.73,95196,29.49,0.000000,365,0.286824,880,8514.9,287,0.323,0.888,0.744,-0.3107,0.3297,0.4553
Peach,GA,Georgia,52.80,13454,22.77,0.000000,366,0.099370,2226,210.2,2553,0.190,0.523,0.524,-0.8743,-0.2563,-0.1948
Quitman,GA,Georgia,57.54,1140,12.39,0.000000,367,0.009176,3044,57.0,2621,0.248,0.037,0.045,-0.5752,-0.3446,-1.1999
Randolph,GA,Georgia,45.92,2990,16.37,0.000000,368,0.015340,2986,-71.4,2688,0.118,0.130,0.192,-1.3086,-0.3313,-0.8148
Richmond,GA,Georgia,31.67,83578,24.55,0.000000,369,0.028710,2850,-14301.6,3026,0.033,0.870,0.596,-2.2074,0.2465,-0.0228
Rockdale,GA,Georgia,25.93,45160,32.35,0.000000,370,0.011940,3015,-11925.5,3013,0.015,0.796,0.806,-2.5697,-0.0290,0.7328
Screven,GA,Georgia,62.50,6920,14.73,0.000000,371,0.109782,2125,675.8,2194,0.342,0.321,0.115,-0.2625,-0.3031,-0.9730
Spalding,GA,Georgia,58.07,33038,18.47,0.000000,372,0.190976,1468,1797.1,1516,0.256,0.746,0.298,-0.5422,-0.1159,-0.6112
Stewart,GA,Georgia,41.77,2028,12.73,0.000000,373,0.006885,3071,-113.3,2708,0.085,0.081,0.053,-1.5707,-0.3382,-1.1668
Sumter,GA,Georgia,48.71,12049,21.42,0.000000,374,0.070785,2468,-81.8,2694,0.143,0.495,0.458,-1.1326,-0.2664,-0.3261
Talbot,GA,Georgia,43.89,3379,12.10,0.000000,375,0.015450,2983,-130.0,2713,0.103,0.150,0.039,-1.4367,-0.3285,-1.2275
Taliaferro,GA,Georgia,42.42,884,12.00,0.000000,376,0.002002,3122,-44.4,2675,0.091,0.022,0.036,-1.5293,-0.3464,-1.2375
Taylor,GA,Georgia,65.29,3982,17.53,0.000000,377,0.071100,2459,519.3,2325,0.395,0.180,0.249,-0.0862,-0.3242,-0.7022
Terrell,GA,Georgia,47.80,4341,13.07,0.000000,378,0.027135,2861,-52.0,2679,0.135,0.201,0.064,-1.1899,-0.3216,-1.1338
Thomas,GA,Georgia,61.91,22080,22.70,0.000000,379,0.218130,1271,2016.2,1416,0.330,0.661,0.520,-0.2996,-0.1944,-0.2013
Troup,GA,Georgia,61.95,31304,23.76,0.000000,380,0.244278,1125,2870.4,1095,0.331,0.738,0.562,-0.2973,-0.1283,-0.0992
Turner,GA,Georgia,64.10,3833,9.84,0.000000,381,0.062952,2546,444.2,2404,0.366,0.172,0.010,-0.1614,-0.3253,-1.4470
Twiggs,GA,Georgia,57.20,4456,10.51,0.000000,382,0.050578,2648,210.1,2554,0.242,0.209,0.016,-0.5966,-0.3208,-1.3818
Warren,GA,Georgia,47.53,2592,12.30,0.000000,383,0.015029,2990,-35.2,2668,0.133,0.113,0.044,-1.2069,-0.3342,-1.2080
Washington,GA,Georgia,50.82,9493,16.91,0.000000,384,0.071064,2461,40.0,2629,0.168,0.423,0.222,-0.9996,-0.2847,-0.7619
Webster,GA,Georgia,59.13,1336,8.86,0.000000,385,0.012330,3008,85.3,2611,0.274,0.045,0.006,-0.4750,-0.3432,-1.5411
Wilkes,GA,Georgia,58.28,5098,16.91,0.000000,386,0.062678,2548,286.6,2504,0.259,0.242,0.221,-0.5289,-0.3162,-0.7620
Wilkinson,GA,Georgia,58.84,4908,12.27,0.000000,387,0.061601,2558,300.5,2498,0.269,0.229,0.042,-0.4932,-0.3176,-1.2116
Hawaii,HI,Hawaii,34.71,82823,31.42,0.000000,388,0.038192,2766,-10796.3,3006,0.044,0.868,0.788,-2.0158,0.2410,0.6426
Honolulu,HI,Hawaii,38.28,340921,38.46,0.000000,389,0.062144,2553,-30457.7,3079,0.064,0.971,0.894,-1.7909,2.0914,1.3241
Kauai,HI,Hawaii,39.26,30064,30.09,0.000000,390,0.051830,2640,-2382.6,2901,0.071,0.730,0.757,-1.7288,-0.1372,0.5132
Maui,HI,Hawaii,35.97,62893,30.96,0.000000,391,0.042050,2731,-7237.2,2978,0.050,0.841,0.775,-1.9365,0.0982,0.5981
Allamakee,IA,Iowa,66.37,7318,22.16,0.000000,392,0.141622,1839,1055.5,1938,0.419,0.338,0.496,-0.0183,-0.3003,-0.2544
Benton,IA,Iowa,65.81,14509,25.56,0.000000,393,0.220725,1255,1987.7,1432,0.405,0.545,0.636,-0.0534,-0.2487,0.0748
Black Hawk,IA,Iowa,48.60,62906,30.29,0.000000,394,0.119422,2040,-465.5,2776,0.142,0.841,0.763,-1.1395,0.0982,0.5332
Boone,IA,Iowa,59.72,15403,28.50,0.000000,395,0.159600,1721,1068.2,1928,0.285,0.560,0.722,-0.4377,-0.2423,0.3595
Bremer,IA,Iowa,60.24,14607,36.25,0.000000,396,0.161912,1690,1085.3,1916,0.296,0.547,0.866,-0.4052,-0.2480,1.1099
Buchanan,IA,Iowa,63.16,10750,22.36,0.000000,397,0.162976,1679,1129.0,1885,0.352,0.463,0.503,-0.2206,-0.2757,-0.2348
Buena Vista,IA,Iowa,65.84,7537,22.23,0.000000,398,0.138915,1869,1034.6,1955,0.405,0.343,0.499,-0.0520,-0.2987,-0.2474
Cedar,IA,Iowa,60.03,10644,23.73,0.000000,399,0.133690,1912,769.8,2130,0.290,0.461,0.561,-0.4181,-0.2764,-0.1017
Cerro Gordo,IA,Iowa,54.85,23020,23.98,0.000000,400,0.141616,1840,672.2,2199,0.212,0.668,0.571,-0.7450,-0.1877,-0.0781
Clayton,IA,Iowa,66.54,9400,14.48,0.000000,401,0.178080,1558,1377.1,1734,0.424,0.420,0.104,-0.0074,-0.2854,-0.9976
Clinton,IA,Iowa,58.48,23878,22.39,0.000000,402,0.177374,1567,1385.1,1726,0.262,0.677,0.505,-0.5161,-0.1816,-0.2318
Dallas,IA,Iowa,51.42,62961,51.49,0.000000,403,0.149876,1797,472.5,2371,0.178,0.842,0.973,-0.9616,0.0986,2.5854
Des Moines,IA,Iowa,56.65,19054,23.83,0.000000,404,0.146016,1820,813.2,2098,0.234,0.624,0.565,-0.6316,-0.2161,-0.0927
Dubuque,IA,Iowa,53.48,52770,33.37,0.000000,405,0.161568,1698,1052.1,1939,0.198,0.816,0.824,-0.8313,0.0256,0.8310
Fayette,IA,Iowa,64.23,9848,20.69,0.000000,406,0.161690,1694,1155.8,1864,0.370,0.437,0.420,-0.1536,-0.2821,-0.3963
Floyd,IA,Iowa,62.01,7650,18.32,0.000000,407,0.115551,2078,706.8,2179,0.333,0.347,0.288,-0.2932,-0.2979,-0.6257
Greene,IA,Iowa,65.79,4881,21.20,0.000000,408,0.092112,2292,666.9,2203,0.404,0.228,0.447,-0.0552,-0.3178,-0.3474
Hamilton,IA,Iowa,65.87,7597,22.76,0.000000,409,0.140476,1850,1046.0,1943,0.406,0.346,0.523,-0.0500,-0.2983,-0.1960
Howard,IA,Iowa,65.09,4850,19.52,0.000000,410,0.088592,2327,620.3,2241,0.392,0.226,0.355,-0.0989,-0.3180,-0.5091
Iowa,IA,Iowa,62.95,9639,24.83,0.000000,411,0.150150,1795,989.6,1977,0.350,0.429,0.605,-0.2339,-0.2836,0.0042
Jackson,IA,Iowa,65.49,10801,19.52,0.000000,412,0.185600,1505,1435.7,1696,0.400,0.464,0.355,-0.0736,-0.2753,-0.5095
Jasper,IA,Iowa,62.88,20198,20.02,0.000000,413,0.223360,1241,2057.8,1405,0.349,0.640,0.381,-0.2383,-0.2079,-0.4613
Jefferson,IA,Iowa,52.16,8346,43.24,0.000000,414,0.069368,2482,97.9,2605,0.184,0.377,0.937,-0.9151,-0.2929,1.7864
Johnson,IA,Iowa,30.11,86644,55.16,0.000000,415,0.024528,2888,-16838.1,3039,0.028,0.876,0.983,-2.3062,0.2684,2.9402
Jones,IA,Iowa,62.11,10980,22.04,0.000000,416,0.156980,1735,1026.2,1960,0.334,0.470,0.490,-0.2869,-0.2740,-0.2656
Lee,IA,Iowa,62.67,16198,21.69,0.000000,417,0.199410,1412,1612.9,1599,0.345,0.578,0.473,-0.2515,-0.2366,-0.2996
Linn,IA,Iowa,44.11,122959,34.74,0.000000,418,0.096354,2253,-4524.7,2949,0.106,0.909,0.848,-1.4228,0.5288,0.9639
Marshall,IA,Iowa,56.83,17270,22.56,0.000000,419,0.141600,1841,762.3,2139,0.236,0.600,0.513,-0.6200,-0.2289,-0.2151
Mitchell,IA,Iowa,64.74,5771,24.89,0.000000,420,0.103904,2180,712.9,2173,0.382,0.272,0.611,-0.1213,-0.3114,0.0100
Muscatine,IA,Iowa,56.46,19752,23.09,0.000000,421,0.146223,1818,813.5,2097,0.231,0.633,0.536,-0.6435,-0.2111,-0.1640
Polk,IA,Iowa,43.70,256838,40.26,0.000000,422,0.096657,2250,-10256.2,3002,0.101,0.957,0.912,-1.4486,1.4886,1.4976
Pottawattamie,IA,Iowa,59.10,44559,23.64,0.000000,423,0.217035,1282,2833.2,1106,0.273,0.795,0.559,-0.4769,-0.0333,-0.1107
Poweshiek,IA,Iowa,57.51,10013,27.33,0.000000,424,0.109174,2128,497.0,2352,0.247,0.442,0.694,-0.5776,-0.2810,0.2463
Scott,IA,Iowa,51.01,90133,36.60,0.000000,425,0.151704,1777,473.3,2370,0.172,0.882,0.871,-0.9875,0.2934,1.1435
Story,IA,Iowa,43.74,49526,54.85,0.000000,426,0.082416,2373,-1960.8,2885,0.102,0.808,0.982,-1.4458,0.0023,2.9102
Tama,IA,Iowa,62.43,8616,20.51,0.000000,427,0.131871,1930,834.9,2079,0.339,0.389,0.409,-0.2669,-0.2910,-0.4141
Wapello,IA,Iowa,65.00,14583,19.61,0.000000,428,0.212394,1322,1848.5,1486,0.389,0.546,0.358,-0.1047,-0.2482,-0.5009
Warren,IA,Iowa,59.40,32804,33.28,0.000000,429,0.208600,1344,2176.4,1354,0.280,0.745,0.822,-0.4580,-0.1176,0.8224
Washington,IA,Iowa,61.43,11588,26.24,0.000000,430,0.155034,1752,1000.2,1970,0.319,0.486,0.662,-0.3297,-0.2697,0.1407
Webster,IA,Iowa,64.78,16748,22.02,0.000000,431,0.225970,1235,2078.3,1398,0.383,0.590,0.489,-0.1184,-0.2327,-0.2674
Winnebago,IA,Iowa,64.45,5642,26.07,0.000000,432,0.098736,2232,677.0,2193,0.374,0.264,0.654,-0.1397,-0.3123,0.1245
Winneshiek,IA,Iowa,53.65,11979,31.23,0.000000,433,0.098600,2235,251.9,2532,0.200,0.493,0.784,-0.8207,-0.2669,0.6240
Woodbury,IA,Iowa,60.50,42921,24.30,0.000000,434,0.236400,1168,3300.9,975,0.300,0.788,0.586,-0.3884,-0.0450,-0.0466
Worth,IA,Iowa,63.33,4287,19.12,0.000000,435,0.070800,2467,458.4,2392,0.354,0.200,0.330,-0.2100,-0.3220,-0.5479
Ada,ID,Idaho,53.76,267419,44.60,0.000000,436,0.193718,1451,5808.4,519,0.202,0.959,0.943,-0.8140,1.5645,1.9180
Bannock,ID,Idaho,60.86,39976,30.64,0.000000,437,0.239624,1147,3215.7,1000,0.308,0.778,0.769,-0.3660,-0.0661,0.5670
Blaine,ID,Idaho,32.71,13089,48.02,0.000000,438,0.019092,2937,-2050.0,2888,0.037,0.516,0.959,-2.1422,-0.2589,2.2493
Latah,ID,Idaho,52.14,20461,42.99,0.000000,439,0.118128,2057,238.4,2540,0.184,0.642,0.934,-0.9159,-0.2061,1.7626
Teton,ID,Idaho,44.86,6698,49.87,0.000000,440,0.035568,2793,-209.1,2734,0.114,0.312,0.968,-1.3752,-0.3047,2.4283
Valley,ID,Idaho,58.20,7240,40.12,0.000000,441,0.085914,2352,402.5,2428,0.258,0.333,0.911,-0.5335,-0.3008,1.4850
Alexander,IL,Illinois,59.05,2271,12.55,0.000000,442,0.025840,2875,143.3,2587,0.272,0.095,0.049,-0.4802,-0.3365,-1.1839
Boone,IL,Illinois,56.37,24256,23.64,0.000000,443,0.156630,1737,981.9,1985,0.230,0.681,0.559,-0.6493,-0.1788,-0.1104
Bureau,IL,Illinois,61.15,15999,21.66,0.000000,444,0.179036,1547,1334.7,1757,0.313,0.572,0.472,-0.3474,-0.2380,-0.3022
Carroll,IL,Illinois,64.82,7840,17.75,0.000000,445,0.136290,1887,976.5,1987,0.385,0.354,0.260,-0.1160,-0.2965,-0.6807
Champaign,IL,Illinois,36.80,89581,46.18,0.000000,446,0.047520,2677,-9447.0,2993,0.054,0.880,0.952,-1.8840,0.2895,2.0712
Coles,IL,Illinois,63.26,21507,26.90,0.000000,447,0.231215,1203,2283.3,1306,0.353,0.655,0.680,-0.2143,-0.1986,0.2052
Cook,IL,Illinois,28.08,2079239,42.72,0.000000,448,0.019980,2928,-471489.2,3153,0.020,0.999,0.933,-2.4342,14.5540,1.7361
DeKalb,IL,Illinois,47.92,47401,32.95,0.000000,449,0.110148,2122,-534.0,2792,0.137,0.804,0.817,-1.1822,-0.0129,0.7905
DuPage,IL,Illinois,41.86,456882,51.84,0.000000,450,0.085521,2357,-25149.3,3065,0.087,0.983,0.975,-1.5648,2.9228,2.6194
Fulton,IL,Illinois,60.87,16144,18.47,0.000000,451,0.177716,1560,1300.5,1777,0.308,0.577,0.298,-0.3653,-0.2370,-0.6113
Grundy,IL,Illinois,63.92,26589,23.57,0.000000,452,0.255189,1055,3026.0,1050,0.363,0.703,0.556,-0.1726,-0.1621,-0.1174
Henry,IL,Illinois,61.21,25092,24.74,0.000000,453,0.215970,1292,2107.9,1386,0.313,0.690,0.604,-0.3438,-0.1729,-0.0044
Jackson,IL,Illinois,47.25,22465,36.31,0.000000,454,0.086320,2347,-344.2,2760,0.130,0.664,0.867,-1.2248,-0.1917,1.1155
Jodaviess,IL,Illinois,57.48,12414,28.91,0.000000,455,0.123747,2005,613.9,2244,0.247,0.501,0.734,-0.5790,-0.2637,0.3999
Kane,IL,Illinois,44.40,223534,38.06,0.000000,456,0.104390,2175,-7731.4,2983,0.110,0.949,0.890,-1.4042,1.2498,1.2852
Kankakee,IL,Illinois,59.46,47569,21.18,0.000000,457,0.226205,1232,3182.4,1004,0.281,0.805,0.446,-0.4542,-0.0117,-0.3484
Kendall,IL,Illinois,48.15,66397,36.94,0.000000,458,0.117733,2060,-660.6,2801,0.139,0.847,0.877,-1.1679,0.1233,1.1771
Knox,IL,Illinois,53.70,22191,20.97,0.000000,459,0.133062,1921,473.8,2369,0.201,0.662,0.435,-0.8176,-0.1937,-0.3691
Lake,IL,Illinois,38.73,310913,47.71,0.000000,460,0.064789,2524,-26323.0,3070,0.067,0.967,0.959,-1.7625,1.8763,2.2188
LaSalle,IL,Illinois,58.50,52508,20.49,0.000000,461,0.213792,1307,3054.7,1047,0.262,0.816,0.408,-0.5149,0.0237,-0.4156
Lee,IL,Illinois,60.08,16113,19.37,0.000000,462,0.168192,1636,1171.9,1855,0.292,0.576,0.346,-0.4154,-0.2372,-0.5243
Macon,IL,Illinois,58.58,45341,24.39,0.000000,463,0.210408,1332,2671.1,1161,0.264,0.797,0.590,-0.5096,-0.0277,-0.0380
Madison,IL,Illinois,55.55,133072,31.01,0.000000,464,0.199470,1411,4560.6,712,0.218,0.915,0.776,-0.7008,0.6013,0.6025
McDonough,IL,Illinois,58.36,11972,31.41,0.000000,465,0.128412,1962,681.9,2191,0.261,0.492,0.788,-0.5236,-0.2669,0.6413
McHenry,IL,Illinois,51.72,162283,35.23,0.000000,466,0.168511,1633,1493.4,1660,0.181,0.931,0.854,-0.9426,0.8107,1.0112
McLean,IL,Illinois,46.57,86522,47.22,0.000000,467,0.108624,2135,-1696.5,2871,0.124,0.876,0.957,-1.2678,0.2676,2.1716
Mercer,IL,Illinois,62.49,8346,20.88,0.000000,468,0.128557,1959,813.7,2096,0.341,0.377,0.430,-0.2634,-0.2929,-0.3774
Morgan,IL,Illinois,65.46,14677,22.59,0.000000,469,0.219051,1264,1943.9,1444,0.399,0.549,0.515,-0.0760,-0.2475,-0.2121
Ogle,IL,Illinois,63.76,25799,24.28,0.000000,470,0.251280,1085,2887.0,1087,0.360,0.698,0.585,-0.1828,-0.1678,-0.0483
Peoria,IL,Illinois,46.62,79138,34.87,0.000000,471,0.107750,2145,-1523.2,2860,0.125,0.862,0.849,-1.2642,0.2146,0.9759
Piatt,IL,Illinois,64.20,9508,32.89,0.000000,472,0.156087,1741,1112.8,1895,0.369,0.423,0.815,-0.1553,-0.2846,0.7848
Pulaski,IL,Illinois,66.48,2381,13.00,0.000000,473,0.042723,2728,347.0,2467,0.423,0.101,0.061,-0.0111,-0.3357,-1.1409
Putnam,IL,Illinois,60.41,3334,22.86,0.000000,474,0.043953,2718,253.2,2530,0.299,0.147,0.528,-0.3945,-0.3288,-0.1860
Rock Island,IL,Illinois,44.22,63458,24.72,0.000000,475,0.090201,2316,-2282.5,2893,0.107,0.843,0.604,-1.4158,0.1022,-0.0062
Sangamon,IL,Illinois,51.41,99171,36.61,0.000000,476,0.158238,1727,736.5,2158,0.177,0.894,0.872,-0.9625,0.3582,1.1451
St. Clair,IL,Illinois,45.03,119962,31.80,0.000000,477,0.103398,2184,-3601.6,2937,0.114,0.907,0.795,-1.3646,0.5073,0.6789
Stephenson,IL,Illinois,58.81,20995,20.71,0.000000,478,0.174200,1585,1279.3,1789,0.268,0.650,0.421,-0.4953,-0.2022,-0.3948
Tazewell,IL,Illinois,62.40,68027,28.39,0.000000,479,0.287811,876,6571.4,434,0.339,0.849,0.719,-0.2686,0.1350,0.3490
Warren,IL,Illinois,61.49,7447,21.97,0.000000,480,0.108800,2133,646.9,2219,0.320,0.340,0.486,-0.3263,-0.2994,-0.2719
Whiteside,IL,Illinois,56.33,26447,20.45,0.000000,481,0.160056,1713,1062.7,1935,0.228,0.702,0.405,-0.6517,-0.1631,-0.4192
Will,IL,Illinois,48.13,327604,37.49,0.000000,482,0.133860,1911,-3298.7,2930,0.138,0.970,0.883,-1.1692,1.9960,1.2300
Winnebago,IL,Illinois,48.83,121347,25.22,0.000000,483,0.131660,1933,-741.7,2809,0.145,0.908,0.625,-1.1248,0.5172,0.0426
Allen,IN,Indiana,55.33,163163,31.59,0.000000,484,0.201312,1401,5328.3,587,0.216,0.932,0.792,-0.7147,0.8170,0.6586
Bartholomew,IN,Indiana,62.61,35488,34.10,0.000000,485,0.261096,1017,3509.5,930,0.344,0.759,0.834,-0.2554,-0.0983,0.9018
Boone,IN,Indiana,56.94,40109,51.73,0.000000,486,0.186960,1497,1806.5,1511,0.240,0.779,0.975,-0.6130,-0.0652,2.6079
Brown,IN,Indiana,65.46,8627,26.40,0.000000,487,0.155610,1747,1142.7,1874,0.399,0.390,0.667,-0.0759,-0.2909,0.1567
Clark,IN,Indiana,59.26,58612,27.74,0.000000,488,0.231018,1204,3812.5,861,0.278,0.831,0.703,-0.4668,0.0675,0.2863
Delaware,IN,Indiana,56.93,45784,26.19,0.000000,489,0.190961,1469,2058.4,1404,0.239,0.799,0.659,-0.6136,-0.0245,0.1360
Elkhart,IN,Indiana,65.44,69765,20.12,0.000000,490,0.339096,630,9223.0,254,0.398,0.852,0.389,-0.0772,0.1474,-0.4511
Floyd,IN,Indiana,56.84,41181,32.94,0.000000,491,0.185334,1507,1820.7,1498,0.237,0.782,0.816,-0.6195,-0.0575,0.7892
Hamilton,IN,Indiana,52.01,196727,61.90,0.000000,492,0.172203,1601,2139.4,1365,0.183,0.941,0.994,-0.9243,1.0577,3.5933
Hancock,IN,Indiana,65.89,44450,34.93,0.000000,493,0.323158,692,6132.7,476,0.407,0.794,0.850,-0.0486,-0.0341,0.9824
Hendricks,IN,Indiana,59.84,83189,39.49,0.000000,494,0.248534,1099,5865.0,511,0.286,0.869,0.906,-0.4301,0.2437,1.4239
Johnson,IN,Indiana,66.28,77832,34.68,0.000000,495,0.359898,543,11134.1,173,0.418,0.861,0.846,-0.0239,0.2053,0.9583
Lake,IN,Indiana,46.42,209551,25.80,0.000000,496,0.115290,2082,-4309.7,2945,0.122,0.945,0.643,-1.2771,1.1496,0.0987
LaPorte,IN,Indiana,56.20,47553,22.68,0.000000,497,0.182735,1526,1863.3,1478,0.227,0.805,0.519,-0.6598,-0.0118,-0.2038
Madison,IN,Indiana,62.51,55730,20.48,0.000000,498,0.281808,904,5448.7,564,0.342,0.824,0.407,-0.2618,0.0468,-0.4164
Marion,IN,Indiana,35.27,352540,34.76,0.000000,499,0.046656,2689,-43533.2,3095,0.048,0.972,0.848,-1.9808,2.1747,0.9655
Monroe,IN,Indiana,35.45,59256,49.45,0.000000,500,0.040032,2750,-7187.6,2977,0.048,0.834,0.966,-1.9694,0.0721,2.3881
Perry,IN,Indiana,64.03,8666,16.59,0.000000,501,0.142350,1836,997.1,1971,0.365,0.390,0.203,-0.1658,-0.2906,-0.7934
Porter,IN,Indiana,54.27,84969,31.07,0.000000,502,0.179632,1545,2134.7,1368,0.206,0.872,0.778,-0.7820,0.2564,0.6082
St. Joseph,IN,Indiana,48.35,110823,33.51,0.000000,503,0.127041,1983,-974.4,2829,0.141,0.901,0.827,-1.1551,0.4418,0.8450
Tippecanoe,IN,Indiana,49.00,66906,40.52,0.000000,504,0.124656,1999,-348.6,2761,0.147,0.848,0.914,-1.1143,0.1269,1.5231
Vanderburgh,IN,Indiana,55.61,73832,27.80,0.000000,505,0.188760,1481,2560.3,1207,0.220,0.858,0.703,-0.6974,0.1766,0.2922
Vigo,IN,Indiana,58.02,40914,26.26,0.000000,506,0.199155,1413,2208.9,1338,0.255,0.781,0.663,-0.5452,-0.0594,0.1424
Warrick,IN,Indiana,64.29,33102,35.16,0.000000,507,0.278631,918,3908.7,841,0.373,0.747,0.852,-0.1498,-0.1154,1.0042
Wayne,IN,Indiana,65.33,26827,20.45,0.000000,508,0.279972,909,3510.4,929,0.396,0.707,0.405,-0.0839,-0.1604,-0.4194
Crawford,KS,Kansas,61.74,16334,32.16,0.000000,509,0.188244,1486,1461.3,1677,0.324,0.581,0.802,-0.3107,-0.2356,0.7140
Douglas,KS,Kansas,30.19,58041,53.19,0.000000,510,0.023240,2898,-11206.2,3008,0.028,0.830,0.980,-2.3010,0.0634,2.7501
Finney,KS,Kansas,66.46,10782,18.99,0.000000,511,0.195808,1430,1568.1,1619,0.422,0.464,0.323,-0.0124,-0.2754,-0.5610
Geary,KS,Kansas,57.71,9163,26.23,0.000000,512,0.102500,2190,470.6,2376,0.250,0.410,0.662,-0.5647,-0.2871,0.1403
Harvey,KS,Kansas,59.62,16086,30.09,0.000000,513,0.162725,1684,1100.6,1904,0.283,0.575,0.758,-0.4440,-0.2374,0.5134
Lane,KS,Kansas,60.35,36547,24.41,0.000000,514,0.227970,1222,2754.3,1139,0.298,0.765,0.592,-0.3983,-0.0907,-0.0363
Logan,KS,Kansas,56.29,13256,25.70,0.000000,515,0.118560,2051,528.5,2313,0.228,0.520,0.640,-0.6542,-0.2577,0.0889
Rawlins,KS,Kansas,66.25,26940,19.98,0.000000,516,0.295236,835,3841.9,854,0.417,0.708,0.380,-0.0260,-0.1596,-0.4652
Rice,KS,Kansas,47.83,24313,25.86,0.000000,517,0.092752,2282,-286.5,2747,0.136,0.682,0.646,-1.1878,-0.1784,0.1042
Russell,KS,Kansas,64.88,23226,19.72,0.000000,518,0.259677,1023,2909.5,1079,0.387,0.671,0.367,-0.1123,-0.1862,-0.4899
Wichita,KS,Kansas,48.77,81819,20.06,0.000000,519,0.124992,1996,-529.4,2791,0.144,0.868,0.384,-1.1289,0.2338,-0.4575
Wilson,KS,Kansas,56.09,214152,19.88,0.000000,520,0.213075,1315,8206.3,302,0.225,0.947,0.374,-0.6669,1.1826,-0.4748
Woodson,KS,Kansas,37.29,50602,23.06,0.000000,521,0.046227,2695,-5061.2,2954,0.057,0.811,0.535,-1.8534,0.0100,-0.1672
Wyandotte,KS,Kansas,44.87,343780,21.20,0.000000,522,0.110808,2117,-10725.3,3004,0.114,0.972,0.448,-1.3749,2.1119,-0.3472
Bourbon,KY,Kentucky,65.89,9537,26.26,0.000000,523,0.172568,1598,1315.9,1769,0.407,0.424,0.663,-0.0485,-0.2844,0.1426
Boyle,KY,Kentucky,63.72,14373,26.21,0.000000,524,0.194578,1438,1601.9,1605,0.359,0.542,0.660,-0.1853,-0.2497,0.1382
Campbell,KY,Kentucky,58.86,48334,39.74,0.000000,525,0.217083,1281,2967.8,1067,0.269,0.807,0.908,-0.4920,-0.0062,1.4482
Christian,KY,Kentucky,66.13,21671,19.64,0.000000,526,0.271341,956,3058.6,1044,0.413,0.657,0.361,-0.0332,-0.1974,-0.4984
Daviess,KY,Kentucky,65.20,47097,26.24,0.000000,527,0.315579,725,6083.6,487,0.393,0.803,0.662,-0.0924,-0.0151,0.1410
Fayette,KY,Kentucky,39.84,143935,48.29,0.000000,528,0.068080,2495,-10582.2,3003,0.074,0.920,0.960,-1.6920,0.6792,2.2757
Franklin,KY,Kentucky,51.41,25763,31.86,0.000000,529,0.124244,2002,192.7,2564,0.178,0.698,0.797,-0.9619,-0.1680,0.6847
Hardin,KY,Kentucky,63.79,48082,24.85,0.000000,530,0.290966,858,5396.7,568,0.361,0.806,0.607,-0.1810,-0.0080,0.0062
Henderson,KY,Kentucky,63.96,19688,20.15,0.000000,531,0.230048,1207,2248.2,1319,0.364,0.632,0.389,-0.1705,-0.2116,-0.4487
Jefferson,KY,Kentucky,40.82,354094,37.03,0.000000,532,0.076867,2418,-22758.0,3058,0.079,0.973,0.879,-1.6301,2.1859,1.1853
Kenton,KY,Kentucky,59.85,80948,37.43,0.000000,533,0.248255,1100,5708.9,534,0.287,0.865,0.881,-0.4299,0.2276,1.2237
Madison,KY,Kentucky,64.46,45188,34.43,0.000000,534,0.298875,818,5432.2,565,0.375,0.797,0.842,-0.1385,-0.0288,0.9340
Oldham,KY,Kentucky,60.26,38210,46.42,0.000000,535,0.228808,1217,2846.8,1100,0.296,0.773,0.953,-0.4039,-0.0788,2.0942
Rowan,KY,Kentucky,63.04,9873,25.93,0.000000,536,0.153738,1759,1023.3,1963,0.351,0.438,0.649,-0.2284,-0.2820,0.1108
Scott,KY,Kentucky,62.97,29769,34.73,0.000000,537,0.255150,1056,3063.6,1042,0.350,0.729,0.848,-0.2325,-0.1393,0.9629
Shelby,KY,Kentucky,66.43,24620,32.83,0.000000,538,0.288385,873,3571.4,916,0.421,0.685,0.815,-0.0143,-0.1762,0.7786
Warren,KY,Kentucky,61.28,56891,32.33,0.000000,539,0.260820,1020,4818.9,659,0.315,0.828,0.805,-0.3395,0.0551,0.7309
Woodford,KY,Kentucky,56.15,14993,40.74,0.000000,540,0.124752,1998,581.8,2268,0.226,0.552,0.916,-0.6629,-0.2453,1.5448
Ascension,LA,Louisiana,66.14,62473,29.09,0.000000,541,0.347760,596,8820.9,272,0.414,0.840,0.736,-0.0329,0.0951,0.4167
Bienville,LA,Louisiana,58.50,6256,13.18,0.000000,542,0.077552,2414,364.2,2452,0.262,0.296,0.066,-0.5146,-0.3079,-1.1236
Caddo,LA,Louisiana,46.96,94699,26.00,0.000000,543,0.113536,2092,-1619.6,2864,0.128,0.887,0.651,-1.2429,0.3262,0.1174
Claiborne,LA,Louisiana,60.56,5816,10.69,0.000000,544,0.083022,2369,450.3,2398,0.303,0.274,0.018,-0.3851,-0.3110,-1.3641
Concordia,LA,Louisiana,64.14,7755,17.20,0.000000,545,0.128817,1952,902.2,2033,0.367,0.351,0.237,-0.1590,-0.2971,-0.7345
East Baton Rouge,LA,Louisiana,43.39,190643,38.53,0.000000,546,0.094000,2271,-8076.8,2984,0.100,0.940,0.895,-1.4682,1.0140,1.3310
East Carroll,LA,Louisiana,40.37,2306,12.17,0.000000,547,0.007469,3062,-157.9,2722,0.077,0.097,0.039,-1.6585,-0.3362,-1.2212
East Feliciana,LA,Louisiana,60.52,9947,19.25,0.000000,548,0.132880,1923,766.6,2134,0.302,0.440,0.339,-0.3873,-0.2814,-0.5356
Iberia,LA,Louisiana,66.52,29331,14.84,0.000000,549,0.307824,767,4288.2,760,0.424,0.726,0.119,-0.0088,-0.1425,-0.9630
Iberville,LA,Louisiana,49.60,15354,18.59,0.000000,550,0.086645,2345,-31.0,2665,0.155,0.559,0.306,-1.0762,-0.2427,-0.5992
Jefferson,LA,Louisiana,55.45,178205,30.52,0.000000,551,0.202895,1391,5969.0,500,0.217,0.935,0.767,-0.7074,0.9249,0.5549
Lafayette,LA,Louisiana,64.82,111086,35.26,0.000000,552,0.346885,602,13835.5,111,0.385,0.901,0.855,-0.1160,0.4437,1.0141
Lincoln,LA,Louisiana,61.95,18157,36.18,0.000000,553,0.203848,1383,1665.1,1577,0.332,0.614,0.864,-0.2973,-0.2226,1.1028
Madison,LA,Louisiana,46.24,3992,14.11,0.000000,554,0.021720,2911,-86.7,2695,0.120,0.181,0.095,-1.2882,-0.3241,-1.0334
Morehouse,LA,Louisiana,59.04,10097,13.78,0.000000,555,0.121040,2029,636.1,2228,0.272,0.445,0.083,-0.4809,-0.2804,-1.0654
Natchitoches,LA,Louisiana,60.51,15040,25.82,0.000000,556,0.166453,1651,1156.8,1863,0.301,0.553,0.644,-0.3883,-0.2449,0.1001
Orleans,LA,Louisiana,15.16,159130,42.38,0.000000,557,0.001860,3128,-79824.2,3123,0.002,0.930,0.930,-3.2495,0.7881,1.7030
Ouachita,LA,Louisiana,63.33,64436,28.62,0.000000,558,0.298776,819,6890.6,407,0.354,0.844,0.725,-0.2100,0.1092,0.3711
Pointe Coupee,LA,Louisiana,63.26,11570,18.42,0.000000,559,0.171205,1612,1227.7,1819,0.353,0.485,0.295,-0.2146,-0.2698,-0.6162
Red River,LA,Louisiana,62.74,3725,14.00,0.000000,560,0.058296,2589,373.5,2449,0.347,0.168,0.091,-0.2474,-0.3260,-1.0441
St. Bernard,LA,Louisiana,63.80,17292,17.60,0.000000,561,0.216600,1286,1943.5,1445,0.361,0.600,0.252,-0.1802,-0.2288,-0.6957
St. Charles,LA,Louisiana,65.37,26685,26.87,0.000000,562,0.280192,908,3504.1,933,0.398,0.704,0.679,-0.0816,-0.1614,0.2024
St. Helena,LA,Louisiana,48.81,5745,11.36,0.000000,563,0.038880,2760,-35.9,2669,0.144,0.270,0.025,-1.1264,-0.3116,-1.2990
St. James,LA,Louisiana,50.06,11789,19.49,0.000000,564,0.078240,2408,3.8,2649,0.160,0.489,0.353,-1.0471,-0.2682,-0.5121
St. John the Baptist,LA,Louisiana,34.83,18827,18.17,0.000000,565,0.027945,2856,-2426.6,2906,0.045,0.621,0.279,-2.0084,-0.2178,-0.6398
St. Landry,LA,Louisiana,58.88,37043,14.89,0.000000,566,0.207360,1355,2281.8,1308,0.270,0.768,0.121,-0.4907,-0.0872,-0.9579
St. Mary,LA,Louisiana,65.42,20897,13.65,0.000000,567,0.257904,1033,2758.4,1134,0.398,0.648,0.078,-0.0782,-0.2029,-1.0779
Tensas,LA,Louisiana,51.36,2128,14.57,0.000000,568,0.015312,2987,15.3,2646,0.176,0.087,0.109,-0.9652,-0.3375,-0.9889
West Baton Rouge,LA,Louisiana,55.12,13836,23.25,0.000000,569,0.113316,2093,430.9,2413,0.213,0.532,0.542,-0.7278,-0.2536,-0.1483
West Feliciana,LA,Louisiana,65.30,6008,21.62,0.000000,570,0.112180,2101,783.7,2120,0.395,0.284,0.471,-0.0860,-0.3097,-0.3061
Barnstable,MA,Massachusetts,38.61,148785,48.24,0.000000,571,0.060984,2565,-12768.2,3018,0.066,0.924,0.960,-1.7696,0.7139,2.2702
Berkshire,MA,Massachusetts,28.84,68674,39.95,0.000000,572,0.019550,2933,-14717.6,3028,0.023,0.850,0.909,-2.3863,0.1396,1.4682
Bristol,MA,Massachusetts,48.27,278017,30.80,0.000000,573,0.135501,1894,-2575.7,2912,0.141,0.961,0.771,-1.1604,1.6404,0.5819
Dukes,MA,Massachusetts,22.48,12209,51.90,0.000000,574,0.005478,3086,-4037.3,2942,0.011,0.498,0.976,-2.7873,-0.2652,2.6247
Essex,MA,Massachusetts,38.66,401851,43.03,0.000000,575,0.065593,2515,-34312.4,3087,0.067,0.979,0.935,-1.7669,2.5283,1.7666
Franklin,MA,Massachusetts,29.42,42248,40.59,0.000000,576,0.019625,2931,-8664.7,2988,0.025,0.785,0.915,-2.3498,-0.0499,1.5300
Hampden,MA,Massachusetts,44.33,208604,29.32,0.000000,577,0.102896,2186,-7331.4,2980,0.109,0.944,0.741,-1.4089,1.1428,0.4389
Hampshire,MA,Massachusetts,27.45,84720,51.60,0.000000,578,0.017440,2965,-20110.6,3048,0.020,0.872,0.974,-2.4739,0.2546,2.5962
Middlesex,MA,Massachusetts,28.85,814832,59.51,0.000000,579,0.022885,2900,-174422.2,3142,0.023,0.995,0.991,-2.3853,5.4891,3.3614
Nantucket,MA,Massachusetts,30.50,7118,56.32,0.000000,580,0.009870,3037,-1340.9,2849,0.030,0.329,0.985,-2.2815,-0.3017,3.0528
Norfolk,MA,Massachusetts,34.29,386447,58.78,0.000000,581,0.042011,2732,-52447.5,3104,0.043,0.977,0.990,-2.0426,2.4178,3.2912
Plymouth,MA,Massachusetts,44.50,300129,41.82,0.000000,582,0.107226,2152,-10179.1,3001,0.111,0.966,0.925,-1.3984,1.7990,1.6494
Suffolk,MA,Massachusetts,22.22,299193,50.61,0.000000,583,0.009650,3039,-100567.0,3128,0.010,0.965,0.970,-2.8039,1.7923,2.5001
Worcester,MA,Massachusetts,43.67,420841,39.66,0.000000,584,0.099081,2228,-16889.5,3040,0.101,0.981,0.907,-1.4502,2.6644,1.4405
Anne Arundel,MD,Maryland,41.37,311572,45.76,0.000000,585,0.080261,2394,-18490.6,3045,0.083,0.967,0.949,-1.5957,1.8810,2.0306
Baltimore,MD,Maryland,36.22,412915,42.32,0.000000,586,0.049980,2662,-46289.8,3098,0.051,0.980,0.929,-1.9205,2.6076,1.6976
Baltimore City,MD,Maryland,12.13,230754,36.14,0.000000,587,0.000000,3149,-134963.3,3137,0.000,0.953,0.863,-3.4407,1.3016,1.0991
Calvert,MD,Maryland,54.18,54191,37.02,0.000000,588,0.168100,1638,1330.1,1760,0.205,0.820,0.878,-0.7874,0.0358,1.1843
Carroll,MD,Maryland,60.66,102651,40.69,0.000000,589,0.271488,954,8057.8,315,0.303,0.896,0.916,-0.3783,0.3832,1.5393
Cecil,MD,Maryland,64.11,52831,27.98,0.000000,590,0.299472,813,6128.9,477,0.367,0.816,0.710,-0.1608,0.0260,0.3092
Charles,MD,Maryland,28.39,92097,33.47,0.000000,591,0.018585,2947,-20413.8,3050,0.021,0.885,0.825,-2.4147,0.3075,0.8406
Dorchester,MD,Maryland,55.99,16772,19.36,0.000000,592,0.132384,1927,629.4,2233,0.224,0.591,0.345,-0.6734,-0.2325,-0.5255
Frederick,MD,Maryland,44.04,156114,45.79,0.000000,593,0.097440,2245,-5827.1,2960,0.105,0.928,0.950,-1.4272,0.7665,2.0329
Harford,MD,Maryland,55.33,150090,40.33,0.000000,594,0.200016,1407,4901.9,635,0.216,0.926,0.913,-0.7146,0.7233,1.5052
Howard,MD,Maryland,27.11,182291,64.46,0.000000,595,0.017803,2957,-44327.9,3096,0.019,0.937,0.997,-2.4952,0.9542,3.8404
Kent,MD,Maryland,49.97,11128,39.58,0.000000,596,0.075525,2428,-1.5,2652,0.159,0.475,0.906,-1.0528,-0.2730,1.4324
Montgomery,MD,Maryland,21.69,519221,60.61,0.000000,597,0.009860,3038,-180245.8,3143,0.010,0.986,0.992,-2.8371,3.3697,3.4682
Prince George's,MD,Maryland,11.14,404009,36.68,0.000000,598,0.000000,3150,-247930.1,3148,0.000,0.979,0.873,-3.5029,2.5437,1.1517
Queen Anne's,MD,Maryland,62.45,32347,37.98,0.000000,599,0.252960,1074,3140.5,1017,0.340,0.744,0.888,-0.2658,-0.1208,1.2769
Somerset,MD,Maryland,57.27,10137,19.39,0.000000,600,0.107932,2143,483.0,2362,0.242,0.446,0.348,-0.5927,-0.2801,-0.5217
St. Mary's,MD,Maryland,56.96,58954,36.47,0.000000,601,0.199680,1410,2664.0,1164,0.240,0.832,0.869,-0.6118,0.0699,1.1311
Talbot,MD,Maryland,48.73,22830,42.00,0.000000,602,0.095381,2261,-152.5,2721,0.143,0.667,0.927,-1.1313,-0.1891,1.6667
Washington,MD,Maryland,60.07,73332,24.14,0.000000,603,0.250244,1090,5332.6,585,0.292,0.857,0.579,-0.4155,0.1730,-0.0621
Wicomico,MD,Maryland,51.30,46912,29.48,0.000000,604,0.140525,1849,320.5,2488,0.175,0.803,0.744,-0.9692,-0.0164,0.4550
Worcester,MD,Maryland,59.71,32881,35.27,0.000000,605,0.211580,1327,2275.4,1310,0.284,0.745,0.855,-0.4387,-0.1170,1.0155
Androscoggin,ME,Maine,52.01,58847,23.36,0.000000,606,0.152256,1771,639.1,2225,0.183,0.832,0.548,-0.9245,0.0691,-0.1382
Aroostook,ME,Maine,62.40,35653,23.42,0.000000,607,0.257640,1035,3441.2,945,0.339,0.760,0.551,-0.2690,-0.0971,-0.1316
Cumberland,ME,Maine,31.12,192656,53.01,0.000000,608,0.030112,2837,-34500.6,3088,0.032,0.941,0.978,-2.2420,1.0285,2.7319
Franklin,ME,Maine,53.03,17836,32.01,0.000000,609,0.118146,2056,304.3,2494,0.194,0.609,0.800,-0.8598,-0.2249,0.6992
Hancock,ME,Maine,42.90,36253,40.12,0.000000,610,0.074011,2442,-1679.7,2869,0.097,0.763,0.911,-1.4994,-0.0928,1.4848
Kennebec,ME,Maine,50.20,72886,31.92,0.000000,611,0.138672,1872,73.6,2617,0.162,0.856,0.798,-1.0385,0.1698,0.6912
Knox,ME,Maine,39.63,25893,39.73,0.000000,612,0.050328,2655,-1956.6,2883,0.072,0.699,0.907,-1.7053,-0.1671,1.4469
Lincoln,ME,Maine,43.37,24003,40.23,0.000000,613,0.067221,2501,-1021.6,2833,0.099,0.679,0.912,-1.4697,-0.1807,1.4950
Oxford,ME,Maine,55.59,34590,24.00,0.000000,614,0.164907,1663,1194.6,1841,0.219,0.753,0.573,-0.6986,-0.1048,-0.0758
Penobscot,ME,Maine,54.48,87073,30.14,0.000000,615,0.183293,1522,2316.0,1294,0.209,0.877,0.759,-0.7684,0.2715,0.5188
Piscataquis,ME,Maine,63.57,10205,21.62,0.000000,616,0.160293,1710,1118.9,1892,0.357,0.449,0.471,-0.1952,-0.2796,-0.3060
Sagadahoc,ME,Maine,40.55,24456,44.24,0.000000,617,0.053352,2632,-1633.5,2866,0.078,0.684,0.941,-1.6474,-0.1774,1.8837
Somerset,ME,Maine,62.68,28441,21.06,0.000000,618,0.249120,1095,2832.8,1107,0.346,0.720,0.439,-0.2513,-0.1488,-0.3601
Waldo,ME,Maine,47.02,25130,34.37,0.000000,619,0.088448,2330,-421.1,2770,0.128,0.691,0.840,-1.2394,-0.1726,0.9276
Washington,ME,Maine,60.96,18046,24.71,0.000000,620,0.188799,1480,1470.1,1672,0.309,0.611,0.603,-0.3596,-0.2234,-0.0071
York,ME,Maine,43.81,132838,36.24,0.000000,621,0.094245,2269,-5194.1,2956,0.103,0.915,0.866,-1.4418,0.5996,1.1091
Alger,MI,Michigan,59.26,5258,21.01,0.000000,622,0.068944,2485,342.1,2472,0.278,0.248,0.437,-0.4668,-0.3150,-0.3652
Allegan,MI,Michigan,62.87,71899,27.14,0.000000,623,0.298046,824,7314.1,374,0.349,0.854,0.686,-0.2392,0.1627,0.2281
Alpena,MI,Michigan,63.71,17213,18.33,0.000000,624,0.214682,1300,1916.4,1457,0.359,0.598,0.289,-0.1859,-0.2293,-0.6252
Antrim,MI,Michigan,61.25,16883,34.31,0.000000,625,0.186202,1501,1425.3,1703,0.314,0.593,0.839,-0.3413,-0.2317,0.9218
Baraga,MI,Michigan,64.15,4332,14.77,0.000000,626,0.073600,2447,504.5,2345,0.368,0.200,0.117,-0.1583,-0.3217,-0.9692
Barry,MI,Michigan,66.41,38625,24.93,0.000000,627,0.325080,686,5589.7,546,0.420,0.774,0.613,-0.0159,-0.0758,0.0139
Bay,MI,Michigan,56.72,61338,22.12,0.000000,628,0.196930,1423,2653.0,1168,0.235,0.838,0.493,-0.6270,0.0870,-0.2579
Benzie,MI,Michigan,53.67,12846,36.88,0.000000,629,0.101800,2200,272.0,2511,0.200,0.509,0.876,-0.8193,-0.2606,1.1707
Berrien,MI,Michigan,53.23,84488,30.94,0.000000,630,0.169845,1623,1547.8,1630,0.195,0.871,0.775,-0.8472,0.2530,0.5962
Calhoun,MI,Michigan,56.36,68505,22.91,0.000000,631,0.194421,1439,2765.2,1130,0.229,0.849,0.529,-0.6502,0.1384,-0.1814
Cass,MI,Michigan,66.40,27871,21.82,0.000000,632,0.300300,809,4028.8,820,0.420,0.715,0.479,-0.0167,-0.1529,-0.2870
Charlevoix,MI,Michigan,57.66,17661,35.21,0.000000,633,0.150645,1787,899.3,2034,0.249,0.605,0.853,-0.5680,-0.2261,1.0096
Cheboygan,MI,Michigan,64.87,16423,24.44,0.000000,634,0.226008,1234,2054.6,1406,0.387,0.584,0.592,-0.1132,-0.2350,-0.0335
Chippewa,MI,Michigan,61.25,18365,23.29,0.000000,635,0.194355,1441,1550.6,1627,0.315,0.617,0.544,-0.3412,-0.2211,-0.1442
Clinton,MI,Michigan,53.52,49986,35.37,0.000000,636,0.161190,1703,1007.0,1965,0.199,0.810,0.855,-0.8292,0.0056,1.0252
Crawford,MI,Michigan,66.22,8476,20.29,0.000000,637,0.159711,1719,1206.0,1831,0.417,0.383,0.397,-0.0276,-0.2920,-0.4351
Delta,MI,Michigan,64.50,21874,20.63,0.000000,638,0.247408,1104,2639.4,1176,0.376,0.658,0.416,-0.1362,-0.1959,-0.4019
Eaton,MI,Michigan,50.76,65208,30.83,0.000000,639,0.141115,1843,256.7,2521,0.167,0.845,0.772,-1.0030,0.1148,0.5850
Emmet,MI,Michigan,54.55,22851,41.57,0.000000,640,0.139403,1861,618.6,2243,0.209,0.667,0.923,-0.7641,-0.1889,1.6248
Genesee,MI,Michigan,47.16,223268,23.28,0.000000,641,0.123370,2008,-3534.7,2936,0.130,0.949,0.544,-1.2300,1.2479,-0.1456
Gogebic,MI,Michigan,57.90,8295,22.84,0.000000,642,0.095128,2264,439.5,2406,0.253,0.376,0.527,-0.5525,-0.2933,-0.1882
Grand Traverse,MI,Michigan,50.06,62772,40.59,0.000000,643,0.134400,1910,18.5,2642,0.160,0.840,0.915,-1.0474,0.0973,1.5298
Gratiot,MI,Michigan,64.96,19848,18.71,0.000000,644,0.246380,1113,2506.8,1227,0.388,0.635,0.309,-0.1070,-0.2104,-0.5883
Houghton,MI,Michigan,57.71,19374,37.24,0.000000,645,0.157377,1734,995.2,1975,0.251,0.627,0.880,-0.5646,-0.2138,1.2059
Ingham,MI,Michigan,34.14,148101,41.20,0.000000,646,0.038766,2762,-20373.8,3049,0.042,0.923,0.921,-2.0517,0.7090,1.5890
Ionia,MI,Michigan,65.19,34021,18.54,0.000000,647,0.294392,842,4393.2,743,0.392,0.751,0.302,-0.0926,-0.1088,-0.6046
Iosco,MI,Michigan,64.55,15731,19.34,0.000000,648,0.214326,1304,1908.2,1460,0.378,0.567,0.344,-0.1329,-0.2400,-0.5265
Iron,MI,Michigan,64.05,7027,22.51,0.000000,649,0.118625,2049,810.3,2099,0.365,0.325,0.510,-0.1645,-0.3024,-0.2200
Isabella,MI,Michigan,52.93,30835,31.32,0.000000,650,0.140003,1856,505.6,2343,0.191,0.733,0.787,-0.8665,-0.1317,0.6323
Jackson,MI,Michigan,59.88,83827,23.41,0.000000,651,0.250560,1088,5942.5,502,0.288,0.870,0.550,-0.4275,0.2482,-0.1333
Kalamazoo,MI,Michigan,40.27,145710,41.27,0.000000,652,0.069996,2475,-10122.3,3000,0.076,0.921,0.921,-1.6653,0.6919,1.5959
Kent,MI,Michigan,46.44,371947,40.80,0.000000,653,0.120048,2035,-7604.9,2982,0.123,0.976,0.917,-1.2760,2.3139,1.5506
Keweenaw,MI,Michigan,55.62,1611,41.19,0.000000,654,0.013420,2999,56.0,2622,0.220,0.061,0.921,-0.6967,-0.3412,1.5884
Lake,MI,Michigan,65.41,6915,12.73,0.000000,655,0.127758,1973,911.7,2028,0.398,0.321,0.053,-0.0790,-0.3032,-1.1667
Leelanau,MI,Michigan,45.43,17685,51.85,0.000000,656,0.070296,2473,-480.9,2779,0.116,0.606,0.975,-1.3392,-0.2260,2.6199
Lenawee,MI,Michigan,60.82,55016,22.67,0.000000,657,0.252354,1079,4406.2,740,0.307,0.822,0.519,-0.3682,0.0417,-0.2047
Livingston,MI,Michigan,61.32,132448,40.16,0.000000,658,0.290055,866,11275.1,169,0.317,0.915,0.911,-0.3369,0.5968,1.4885
Mackinac,MI,Michigan,61.84,7238,25.01,0.000000,659,0.108558,2136,655.5,2215,0.326,0.333,0.617,-0.3041,-0.3009,0.0215
Macomb,MI,Michigan,55.91,509152,27.72,0.000000,660,0.220640,1256,18807.2,58,0.224,0.985,0.702,-0.6783,3.2975,0.2843
Manistee,MI,Michigan,57.19,15297,24.92,0.000000,661,0.135036,1902,719.2,2167,0.242,0.558,0.612,-0.5976,-0.2431,0.0133
Marquette,MI,Michigan,44.76,39009,36.80,0.000000,662,0.086800,2344,-1248.5,2845,0.112,0.775,0.875,-1.3820,-0.0731,1.1635
Mason,MI,Michigan,59.95,18064,26.64,0.000000,663,0.176868,1571,1292.6,1781,0.289,0.612,0.672,-0.4231,-0.2232,0.1795
Mecosta,MI,Michigan,64.23,22489,22.45,0.000000,664,0.246050,1117,2640.8,1175,0.370,0.665,0.507,-0.1532,-0.1915,-0.2256
Menominee,MI,Michigan,66.21,13060,18.51,0.000000,665,0.213725,1308,1856.1,1481,0.415,0.515,0.300,-0.0284,-0.2591,-0.6071
Midland,MI,Michigan,56.80,50301,36.55,0.000000,666,0.191396,1465,2207.1,1340,0.236,0.811,0.871,-0.6221,0.0079,1.1392
Monroe,MI,Michigan,62.84,91356,23.25,0.000000,667,0.307632,769,9260.7,249,0.348,0.884,0.542,-0.2412,0.3022,-0.1480
Muskegon,MI,Michigan,50.15,95181,21.35,0.000000,668,0.142968,1834,71.7,2618,0.161,0.888,0.454,-1.0417,0.3296,-0.3328
Oakland,MI,Michigan,43.75,772145,51.04,0.000000,669,0.101388,2203,-30556.3,3082,0.102,0.994,0.972,-1.4457,5.1830,2.5417
Oceana,MI,Michigan,64.20,14870,21.50,0.000000,670,0.202950,1390,1741.1,1536,0.369,0.550,0.463,-0.1550,-0.2461,-0.3177
Ontonagon,MI,Michigan,64.54,3841,18.45,0.000000,671,0.065221,2517,465.3,2381,0.377,0.173,0.297,-0.1337,-0.3252,-0.6134
Ottawa,MI,Michigan,59.46,178507,38.91,0.000000,672,0.262080,1012,11933.8,150,0.280,0.936,0.899,-0.4545,0.9270,1.3673
Presque Isle,MI,Michigan,63.69,8742,21.44,0.000000,673,0.140728,1848,971.2,1991,0.359,0.392,0.460,-0.1872,-0.2901,-0.3232
Roscommon,MI,Michigan,65.86,16068,20.22,0.000000,674,0.233044,1189,2210.2,1337,0.406,0.574,0.394,-0.0506,-0.2375,-0.4419
Saginaw,MI,Michigan,50.95,103846,24.40,0.000000,675,0.153387,1766,513.5,2333,0.171,0.897,0.590,-0.9911,0.3918,-0.0374
Schoolcraft,MI,Michigan,65.25,4898,21.09,0.000000,676,0.089832,2317,636.1,2227,0.394,0.228,0.441,-0.0889,-0.3176,-0.3572
Shiawassee,MI,Michigan,60.75,40685,20.00,0.000000,677,0.238205,1155,3230.1,997,0.305,0.781,0.381,-0.3726,-0.0611,-0.4633
St. Clair,MI,Michigan,66.59,96524,20.31,0.000000,678,0.378714,464,14203.6,105,0.426,0.889,0.397,-0.0043,0.3393,-0.4329
St. Joseph,MI,Michigan,66.21,29307,16.93,0.000000,679,0.300875,808,4163.6,781,0.415,0.725,0.223,-0.0286,-0.1426,-0.7604
Van Buren,MI,Michigan,56.85,41183,22.99,0.000000,680,0.185334,1508,1822.2,1496,0.237,0.782,0.533,-0.6192,-0.0575,-0.1732
Washtenaw,MI,Michigan,26.56,221542,58.71,0.000000,681,0.015168,2988,-56011.3,3109,0.016,0.948,0.990,-2.5300,1.2356,3.2844
Wayne,MI,Michigan,33.72,856690,27.58,0.000000,682,0.039840,2751,-122559.4,3135,0.040,0.996,0.699,-2.0784,5.7891,0.2709
Wexford,MI,Michigan,66.58,19476,21.31,0.000000,683,0.267954,978,2864.0,1096,0.426,0.629,0.452,-0.0048,-0.2131,-0.3363
Aitkin,MN,Minnesota,64.53,10446,20.26,0.000000,684,0.171158,1613,1264.3,1798,0.377,0.454,0.395,-0.1343,-0.2779,-0.4376
Anoka,MN,Minnesota,50.82,210481,32.18,0.000000,685,0.159874,1716,895.5,2039,0.169,0.946,0.803,-0.9992,1.1563,0.7162
Becker,MN,Minnesota,65.66,19739,27.98,0.000000,686,0.255099,1058,2665.8,1163,0.403,0.633,0.710,-0.0630,-0.2112,0.3097
Beltrami,MN,Minnesota,51.85,24874,31.83,0.000000,687,0.125216,1995,247.9,2534,0.182,0.688,0.796,-0.9342,-0.1744,0.6817
Big Stone,MN,Minnesota,63.60,2824,25.70,0.000000,688,0.044034,2717,310.6,2490,0.358,0.123,0.640,-0.1932,-0.3325,0.0889
Blue Earth,MN,Minnesota,49.40,36442,34.18,0.000000,689,0.116280,2072,-112.7,2706,0.152,0.765,0.836,-1.0892,-0.0915,0.9095
Brown,MN,Minnesota,66.39,14598,24.47,0.000000,690,0.229193,1215,2109.7,1384,0.419,0.547,0.594,-0.0169,-0.2481,-0.0307
Carlton,MN,Minnesota,50.13,20815,26.49,0.000000,691,0.104167,2177,13.8,2647,0.161,0.647,0.669,-1.0428,-0.2035,0.1654
Carver,MN,Minnesota,51.45,69160,50.44,0.000000,692,0.152150,1772,532.7,2312,0.179,0.850,0.970,-0.9594,0.1431,2.4838
Cass,MN,Minnesota,65.89,19363,25.96,0.000000,693,0.255816,1053,2672.5,1160,0.408,0.627,0.650,-0.0483,-0.2139,0.1135
Chippewa,MN,Minnesota,66.08,6318,19.26,0.000000,694,0.122067,2020,887.3,2049,0.411,0.297,0.340,-0.0365,-0.3074,-0.5345
Chisago,MN,Minnesota,64.74,35601,24.36,0.000000,695,0.289560,868,4397.5,742,0.381,0.760,0.588,-0.1213,-0.0975,-0.0407
Clay,MN,Minnesota,48.56,32874,39.27,0.000000,696,0.105790,2161,-249.7,2743,0.142,0.745,0.903,-1.1417,-0.1171,1.4025
Cook,MN,Minnesota,31.20,3660,46.65,0.000000,697,0.005445,3088,-651.3,2800,0.033,0.165,0.955,-2.2372,-0.3265,2.1165
Crow Wing,MN,Minnesota,64.73,42366,29.33,0.000000,698,0.299466,814,5228.9,599,0.381,0.786,0.741,-0.1218,-0.0490,0.4402
Dakota,MN,Minnesota,42.34,259805,45.04,0.000000,699,0.087178,2341,-13238.3,3020,0.091,0.958,0.945,-1.5346,1.5099,1.9612
Dodge,MN,Minnesota,64.84,12484,30.20,0.000000,700,0.194158,1445,1558.2,1623,0.386,0.503,0.761,-0.1146,-0.2632,0.5247
Douglas,MN,Minnesota,66.62,25106,29.72,0.000000,701,0.293940,845,3704.3,885,0.426,0.690,0.752,-0.0024,-0.1728,0.4777
Fillmore,MN,Minnesota,61.67,12385,24.09,0.000000,702,0.161500,1700,1099.6,1905,0.323,0.500,0.577,-0.3147,-0.2640,-0.0670
Freeborn,MN,Minnesota,59.88,16704,18.20,0.000000,703,0.168756,1632,1184.1,1846,0.287,0.588,0.280,-0.4275,-0.2330,-0.6372
Goodhue,MN,Minnesota,57.12,28817,27.94,0.000000,704,0.174243,1584,1339.5,1752,0.241,0.723,0.708,-0.6018,-0.1461,0.3053
Grant,MN,Minnesota,63.96,3543,21.02,0.000000,705,0.057512,2594,404.6,2425,0.364,0.158,0.438,-0.1705,-0.3273,-0.3639
Hennepin,MN,Minnesota,27.39,720173,54.14,0.000000,706,0.018848,2943,-171715.5,3141,0.019,0.992,0.981,-2.4778,4.8104,2.8413
Houston,MN,Minnesota,57.29,11428,30.10,0.000000,707,0.117126,2063,546.8,2303,0.243,0.482,0.759,-0.5912,-0.2708,0.5150
Hubbard,MN,Minnesota,64.69,13617,30.65,0.000000,708,0.201400,1400,1674.4,1574,0.380,0.530,0.770,-0.1242,-0.2551,0.5682
Itasca,MN,Minnesota,59.10,26840,25.90,0.000000,709,0.193992,1449,1706.7,1556,0.274,0.708,0.647,-0.4769,-0.1603,0.1080
Kandiyohi,MN,Minnesota,64.48,23283,27.92,0.000000,710,0.252296,1080,2804.8,1117,0.376,0.671,0.707,-0.1372,-0.1858,0.3031
Kittson,MN,Minnesota,61.40,2500,29.10,0.000000,711,0.034452,2803,214.9,2551,0.319,0.108,0.737,-0.3319,-0.3348,0.4173
Koochiching,MN,Minnesota,61.92,6789,21.98,0.000000,712,0.104280,2176,620.8,2239,0.330,0.316,0.486,-0.2988,-0.3041,-0.2710
Lac qui Parle,MN,Minnesota,65.07,3996,23.29,0.000000,713,0.071162,2458,509.7,2339,0.391,0.182,0.544,-0.1006,-0.3241,-0.1442
Lake,MN,Minnesota,46.95,6954,26.78,0.000000,714,0.040894,2742,-119.3,2711,0.127,0.322,0.677,-1.2435,-0.3029,0.1934
Le Sueur,MN,Minnesota,65.85,17469,26.33,0.000000,715,0.244215,1126,2400.8,1263,0.405,0.603,0.665,-0.0512,-0.2275,0.1498
Lyon,MN,Minnesota,64.67,12990,31.15,0.000000,716,0.194048,1447,1593.2,1609,0.379,0.512,0.780,-0.1259,-0.2596,0.6159
Mahnomen,MN,Minnesota,53.37,2183,16.16,0.000000,717,0.017820,2956,41.9,2627,0.198,0.090,0.181,-0.8387,-0.3371,-0.8349
Mower,MN,Minnesota,54.28,18969,23.92,0.000000,718,0.128132,1966,478.8,2365,0.206,0.622,0.568,-0.7809,-0.2168,-0.0840
Nicollet,MN,Minnesota,49.13,19417,36.06,0.000000,719,0.093572,2274,-87.2,2696,0.149,0.628,0.861,-1.1059,-0.2135,1.0919
Norman,MN,Minnesota,59.59,3294,22.83,0.000000,720,0.040608,2744,224.4,2545,0.282,0.144,0.526,-0.4459,-0.3291,-0.1889
Olmsted,MN,Minnesota,43.41,90924,49.40,0.000000,721,0.088300,2332,-3840.2,2940,0.100,0.883,0.966,-1.4671,0.2991,2.3828
Otter Tail,MN,Minnesota,66.08,36736,28.32,0.000000,722,0.315648,724,5159.9,606,0.411,0.768,0.717,-0.0364,-0.0894,0.3427
Pennington,MN,Minnesota,64.44,7381,20.99,0.000000,723,0.126786,1985,884.8,2053,0.374,0.339,0.437,-0.1403,-0.2998,-0.3669
Polk,MN,Minnesota,65.91,15419,27.99,0.000000,724,0.228480,1220,2130.5,1371,0.408,0.560,0.710,-0.0476,-0.2422,0.3103
Pope,MN,Minnesota,64.80,7218,23.89,0.000000,725,0.127488,1975,896.8,2037,0.384,0.332,0.567,-0.1176,-0.3010,-0.0863
Ramsey,MN,Minnesota,27.08,278025,45.65,0.000000,726,0.018278,2952,-67776.5,3114,0.019,0.962,0.948,-2.4974,1.6405,2.0196
Rice,MN,Minnesota,50.16,36412,30.17,0.000000,727,0.123930,2004,29.2,2638,0.162,0.765,0.760,-1.0411,-0.0917,0.5213
Scott,MN,Minnesota,53.07,90141,44.15,0.000000,728,0.171108,1614,1558.3,1622,0.194,0.882,0.941,-0.8575,0.2935,1.8746
Sherburne,MN,Minnesota,66.41,57960,29.67,0.000000,729,0.349430,586,8389.1,292,0.421,0.830,0.750,-0.0158,0.0628,0.4728
St. Louis,MN,Minnesota,42.07,119009,33.59,0.000000,730,0.080634,2389,-6336.0,2963,0.089,0.906,0.828,-1.5516,0.5005,0.8525
Stearns,MN,Minnesota,62.25,86632,28.79,0.000000,731,0.295212,837,8228.6,300,0.337,0.876,0.732,-0.2780,0.2683,0.3879
Steele,MN,Minnesota,61.05,20872,27.96,0.000000,732,0.201528,1399,1718.8,1549,0.311,0.648,0.709,-0.3541,-0.2031,0.3073
Stevens,MN,Minnesota,62.52,5139,31.15,0.000000,733,0.084035,2364,503.1,2347,0.343,0.245,0.781,-0.2611,-0.3159,0.6163
Swift,MN,Minnesota,66.09,5054,24.24,0.000000,734,0.098468,2236,710.1,2177,0.412,0.239,0.583,-0.0362,-0.3165,-0.0523
Traverse,MN,Minnesota,64.65,1802,16.59,0.000000,735,0.026530,2865,220.7,2547,0.379,0.070,0.203,-0.1268,-0.3398,-0.7936
Wabasha,MN,Minnesota,63.09,13509,26.53,0.000000,736,0.185152,1511,1407.9,1711,0.352,0.526,0.671,-0.2252,-0.2559,0.1694
Waseca,MN,Minnesota,65.18,10387,21.00,0.000000,737,0.176792,1572,1339.4,1753,0.392,0.451,0.437,-0.0935,-0.2783,-0.3666
Washington,MN,Minnesota,44.40,169536,49.07,0.000000,738,0.101806,2199,-5872.1,2961,0.109,0.934,0.965,-1.4046,0.8627,2.3506
Watonwan,MN,Minnesota,62.58,4933,17.20,0.000000,739,0.079464,2397,486.0,2360,0.344,0.231,0.238,-0.2575,-0.3174,-0.7344
Winona,MN,Minnesota,51.40,27797,32.72,0.000000,740,0.126378,1989,205.8,2558,0.177,0.714,0.812,-0.9627,-0.1535,0.7686
Wright,MN,Minnesota,63.54,90041,34.37,0.000000,741,0.314517,732,9843.1,223,0.357,0.881,0.840,-0.1969,0.2928,0.9283
Adair,MO,Missouri,66.13,10239,35.53,0.000000,742,0.185850,1504,1444.4,1690,0.413,0.450,0.857,-0.0335,-0.2793,1.0406
Boone,MO,Missouri,44.03,90110,51.54,0.000000,743,0.092505,2286,-3372.3,2933,0.105,0.881,0.974,-1.4280,0.2933,2.5896
Buchanan,MO,Missouri,63.25,35743,23.85,0.000000,744,0.267872,981,3787.6,869,0.352,0.761,0.566,-0.2154,-0.0965,-0.0901
Cass,MO,Missouri,65.36,59349,29.63,0.000000,745,0.331098,659,7790.5,335,0.397,0.834,0.748,-0.0819,0.0727,0.4691
Clay,MO,Missouri,52.00,130160,36.55,0.000000,746,0.167262,1645,1410.6,1709,0.183,0.914,0.870,-0.9247,0.5804,1.1385
Cole,MO,Missouri,66.46,40152,38.91,0.000000,747,0.328738,669,5839.6,516,0.422,0.779,0.899,-0.0125,-0.0649,1.3675
Greene,MO,Missouri,59.68,144037,33.59,0.000000,748,0.261564,1014,9927.0,220,0.284,0.921,0.828,-0.4406,0.6799,0.8529
Jackson,MO,Missouri,51.30,193729,31.55,0.000000,749,0.164675,1666,1326.7,1761,0.175,0.941,0.791,-0.9691,1.0362,0.6553
Kansas City,MO,Missouri,21.10,124288,37.03,0.000000,750,0.008190,3054,-44720.5,3097,0.009,0.910,0.878,-2.8745,0.5383,1.1850
Platte,MO,Missouri,50.82,57817,46.51,0.000000,751,0.140101,1855,244.0,2537,0.169,0.829,0.954,-0.9996,0.0618,2.1036
St. Charles,MO,Missouri,57.74,226166,42.73,0.000000,752,0.238450,1154,11672.0,157,0.251,0.950,0.933,-0.5628,1.2687,1.7375
St. Louis City,MO,Missouri,16.64,116271,41.14,0.000000,753,0.003620,3103,-53920.5,3107,0.004,0.905,0.920,-3.1563,0.4808,1.5835
St. Louis County,MO,Missouri,37.39,502738,47.42,0.000000,754,0.056145,2606,-49693.0,3102,0.057,0.985,0.958,-1.8467,3.2515,2.1911
Adams,MS,Mississippi,42.60,11928,20.56,0.000000,755,0.045756,2701,-581.9,2795,0.093,0.492,0.412,-1.5182,-0.2672,-0.4091
Amite,MS,Mississippi,65.80,6815,11.21,0.000000,756,0.128472,1960,932.1,2016,0.404,0.318,0.023,-0.0545,-0.3039,-1.3137
Attala,MS,Mississippi,61.31,7703,19.79,0.000000,757,0.110284,2120,655.3,2216,0.316,0.349,0.370,-0.3373,-0.2975,-0.4831
Benton,MS,Mississippi,65.34,3880,12.77,0.000000,758,0.069300,2484,508.0,2342,0.396,0.175,0.054,-0.0836,-0.3249,-1.1629
Bolivar,MS,Mississippi,37.79,10435,27.97,0.000000,759,0.026727,2864,-986.6,2830,0.059,0.453,0.709,-1.8218,-0.2779,0.3086
Chickasaw,MS,Mississippi,56.39,7234,12.02,0.000000,760,0.076590,2420,293.8,2500,0.230,0.333,0.037,-0.6482,-0.3009,-1.2351
Claiborne,MS,Mississippi,15.76,3541,18.14,0.000000,761,0.000474,3141,-1720.9,2872,0.003,0.158,0.276,-3.2116,-0.3274,-0.6432
Clay,MS,Mississippi,44.35,9057,17.30,0.000000,762,0.044145,2715,-316.8,2754,0.109,0.405,0.242,-1.4075,-0.2878,-0.7241
Coahoma,MS,Mississippi,29.57,6790,19.51,0.000000,763,0.008216,3052,-1375.9,2852,0.026,0.316,0.354,-2.3400,-0.3041,-0.5108
Copiah,MS,Mississippi,52.58,11665,19.67,0.000000,764,0.092043,2294,166.7,2578,0.189,0.487,0.363,-0.8881,-0.2691,-0.4945
Covington,MS,Mississippi,66.23,8861,17.40,0.000000,765,0.165549,1657,1262.1,1801,0.417,0.397,0.243,-0.0269,-0.2892,-0.7147
DeSoto,MS,Mississippi,60.78,79082,28.96,0.000000,766,0.263772,1005,6296.6,460,0.306,0.862,0.734,-0.3712,0.2142,0.4046
Forrest,MS,Mississippi,58.24,28466,30.57,0.000000,767,0.186018,1502,1591.6,1610,0.258,0.721,0.768,-0.5312,-0.1487,0.5602
Grenada,MS,Mississippi,57.86,9766,21.80,0.000000,768,0.108864,2131,514.3,2331,0.252,0.432,0.478,-0.5550,-0.2827,-0.2892
Harrison,MS,Mississippi,63.88,75923,27.46,0.000000,769,0.312180,747,8597.4,282,0.363,0.860,0.697,-0.1756,0.1916,0.2587
Hinds,MS,Mississippi,26.28,86830,31.17,0.000000,770,0.013155,3002,-22391.7,3056,0.015,0.877,0.781,-2.5479,0.2698,0.6183
Holmes,MS,Mississippi,18.47,6730,13.95,0.000000,771,0.001878,3127,-2821.1,2919,0.006,0.313,0.088,-3.0405,-0.3045,-1.0491
Humphreys,MS,Mississippi,28.55,3468,19.61,0.000000,772,0.003410,3105,-759.7,2815,0.022,0.155,0.359,-2.4047,-0.3279,-0.5004
Issaquena,MS,Mississippi,47.59,622,8.58,0.000000,773,0.001463,3132,-8.2,2657,0.133,0.011,0.004,-1.2033,-0.3483,-1.5683
Jasper,MS,Mississippi,52.19,7890,12.22,0.000000,774,0.065860,2512,94.3,2606,0.185,0.356,0.041,-0.9128,-0.2962,-1.2158
Jefferson,MS,Mississippi,16.40,3299,13.45,0.000000,775,0.000435,3142,-1549.5,2862,0.003,0.145,0.072,-3.1712,-0.3291,-1.0973
Jefferson Davis,MS,Mississippi,42.80,5378,12.67,0.000000,776,0.024225,2890,-253.2,2744,0.095,0.255,0.051,-1.5052,-0.3142,-1.1724
Kemper,MS,Mississippi,41.39,4086,18.59,0.000000,777,0.015604,2982,-241.9,2740,0.083,0.188,0.306,-1.5947,-0.3235,-0.5999
Lafayette,MS,Mississippi,60.02,23409,46.49,0.000000,778,0.195460,1434,1689.9,1563,0.290,0.674,0.953,-0.4190,-0.1849,2.1016
Lauderdale,MS,Mississippi,60.16,27407,23.57,0.000000,779,0.208616,1343,2014.6,1417,0.293,0.712,0.556,-0.4103,-0.1563,-0.1179
Leake,MS,Mississippi,61.37,8380,15.73,0.000000,780,0.120522,2032,717.9,2168,0.318,0.379,0.159,-0.3336,-0.2927,-0.8766
Leflore,MS,Mississippi,30.29,9421,21.16,0.000000,781,0.012180,3010,-1804.1,2876,0.029,0.420,0.445,-2.2945,-0.2852,-0.3509
Lowndes,MS,Mississippi,53.58,24426,28.10,0.000000,782,0.136116,1889,501.8,2350,0.199,0.684,0.713,-0.8254,-0.1776,0.3208
Madison,MS,Mississippi,58.04,55710,49.61,0.000000,783,0.210120,1334,3016.8,1053,0.255,0.824,0.967,-0.5440,0.0467,2.4033
Marshall,MS,Mississippi,53.24,14983,14.56,0.000000,784,0.108192,2140,275.2,2509,0.196,0.552,0.109,-0.8467,-0.2453,-0.9894
Montgomery,MS,Mississippi,60.08,4424,19.37,0.000000,785,0.060152,2575,322.0,2487,0.292,0.206,0.347,-0.4151,-0.3210,-0.5236
Noxubee,MS,Mississippi,25.87,4449,10.63,0.000000,786,0.003120,3110,-1179.8,2841,0.015,0.208,0.018,-2.5735,-0.3208,-1.3700
Oktibbeha,MS,Mississippi,49.31,18051,46.97,0.000000,787,0.092412,2287,-64.0,2684,0.151,0.612,0.956,-1.0947,-0.2233,2.1479
Panola,MS,Mississippi,56.87,14422,17.65,0.000000,788,0.129472,1945,641.1,2223,0.238,0.544,0.255,-0.6176,-0.2493,-0.6903
Pike,MS,Mississippi,51.29,15485,15.34,0.000000,789,0.098350,2237,105.5,2601,0.175,0.562,0.144,-0.9694,-0.2417,-0.9139
Quitman,MS,Mississippi,33.69,2677,17.11,0.000000,790,0.004563,3096,-383.8,2765,0.039,0.117,0.233,-2.0799,-0.3336,-0.7431
Scott,MS,Mississippi,61.65,9891,13.53,0.000000,791,0.141358,1842,876.1,2057,0.322,0.439,0.074,-0.3160,-0.2818,-1.0892
Sharkey,MS,Mississippi,31.20,1766,16.07,0.000000,792,0.002277,3120,-314.3,2753,0.033,0.069,0.176,-2.2373,-0.3401,-0.8436
Sunflower,MS,Mississippi,31.93,7876,16.03,0.000000,793,0.012425,3007,-1318.6,2847,0.035,0.355,0.173,-2.1911,-0.2963,-0.8475
Tallahatchie,MS,Mississippi,46.55,5012,11.70,0.000000,794,0.029388,2843,-98.9,2701,0.124,0.237,0.030,-1.2689,-0.3168,-1.2662
Tunica,MS,Mississippi,29.95,2668,13.72,0.000000,795,0.003132,3109,-525.1,2790,0.027,0.116,0.081,-2.3163,-0.3336,-1.0708
Walthall,MS,Mississippi,63.01,6529,12.94,0.000000,796,0.107406,2148,674.6,2196,0.351,0.306,0.059,-0.2302,-0.3059,-1.1461
Warren,MS,Mississippi,51.41,18298,28.76,0.000000,797,0.108855,2132,136.4,2589,0.177,0.615,0.730,-0.9622,-0.2216,0.3846
Washington,MS,Mississippi,31.97,14540,22.36,0.000000,798,0.019075,2938,-2425.8,2904,0.035,0.545,0.502,-2.1885,-0.2485,-0.2350
Wayne,MS,Mississippi,65.94,9119,15.99,0.000000,799,0.167281,1643,1264.0,1799,0.409,0.409,0.171,-0.0455,-0.2874,-0.8515
Wilkinson,MS,Mississippi,36.68,2931,8.83,0.000000,800,0.006784,3074,-313.2,2752,0.053,0.128,0.005,-1.8917,-0.3317,-1.5445
Winston,MS,Mississippi,58.71,8384,19.70,0.000000,801,0.100814,2208,503.2,2346,0.266,0.379,0.364,-0.5018,-0.2926,-0.4925
Yalobusha,MS,Mississippi,59.85,5878,15.57,0.000000,802,0.079499,2396,414.8,2416,0.287,0.277,0.153,-0.4296,-0.3106,-0.8919
Yazoo,MS,Mississippi,50.81,8971,15.30,0.000000,803,0.067368,2500,37.4,2633,0.168,0.401,0.141,-1.0002,-0.2884,-0.9176
Big Horn,MT,Montana,48.95,4470,17.82,0.000000,804,0.030660,2833,-24.5,2662,0.146,0.210,0.263,-1.1175,-0.3207,-0.6741
Blaine,MT,Montana,50.55,3019,23.90,0.000000,805,0.021780,2910,8.4,2648,0.165,0.132,0.568,-1.0167,-0.3311,-0.0851
Carbon,MT,Montana,64.67,7297,34.57,0.000000,806,0.128060,1968,895.4,2040,0.380,0.337,0.844,-0.1255,-0.3004,0.9475
Cascade,MT,Montana,59.65,37583,28.42,0.000000,807,0.218193,1270,2581.6,1201,0.283,0.771,0.720,-0.4422,-0.0833,0.3524
Chouteau,MT,Montana,64.25,2934,23.00,0.000000,808,0.047488,2678,345.1,2471,0.371,0.128,0.533,-0.1523,-0.3317,-0.1728
Deer Lodge,MT,Montana,47.82,4870,24.15,0.000000,809,0.030736,2832,-57.7,2680,0.136,0.226,0.579,-1.1885,-0.3178,-0.0616
Flathead,MT,Montana,65.55,63140,37.18,0.000000,810,0.337642,635,8439.6,291,0.401,0.842,0.880,-0.0699,0.0999,1.2003
Gallatin,MT,Montana,46.78,69897,54.28,0.000000,811,0.107352,2151,-1276.7,2846,0.126,0.852,0.982,-1.2546,0.1484,2.8549
Glacier,MT,Montana,38.18,5078,16.46,0.000000,812,0.015120,2989,-458.5,2775,0.063,0.240,0.194,-1.7966,-0.3163,-0.8057
Hill,MT,Montana,56.89,6804,24.40,0.000000,813,0.075763,2427,303.6,2496,0.239,0.317,0.591,-0.6162,-0.3040,-0.0369
Lake,MT,Montana,58.43,16910,31.51,0.000000,814,0.154773,1754,972.9,1989,0.261,0.593,0.790,-0.5194,-0.2315,0.6514
Lewis and Clark,MT,Montana,51.11,42023,43.04,0.000000,815,0.135632,1893,244.3,2535,0.173,0.784,0.935,-0.9809,-0.0515,1.7670
Missoula,MT,Montana,37.52,72773,47.42,0.000000,816,0.049590,2665,-7089.1,2976,0.058,0.855,0.957,-1.8384,0.1690,2.1909
Park,MT,Montana,52.30,11717,39.83,0.000000,817,0.090768,2309,147.4,2586,0.186,0.488,0.909,-0.9060,-0.2687,1.4565
Roosevelt,MT,Montana,52.50,3914,21.19,0.000000,818,0.033276,2813,54.0,2623,0.188,0.177,0.447,-0.8932,-0.3247,-0.3480
Silver Bow,MT,Montana,44.50,18226,27.99,0.000000,819,0.068154,2494,-618.0,2796,0.111,0.614,0.710,-1.3984,-0.2221,0.3103
Yellowstone,MT,Montana,62.00,81391,34.14,0.000000,820,0.288378,874,7506.2,356,0.333,0.866,0.835,-0.2942,0.2308,0.9061
Alamance,NC,North Carolina,53.36,89831,28.72,0.000000,821,0.173360,1594,1720.8,1548,0.197,0.880,0.729,-0.8389,0.2913,0.3805
Anson,NC,North Carolina,50.80,10875,9.91,0.000000,822,0.078456,2406,45.2,2625,0.168,0.467,0.012,-1.0004,-0.2748,-1.4399
Beaufort,NC,North Carolina,65.09,26572,21.24,0.000000,823,0.274873,936,3398.0,954,0.391,0.703,0.449,-0.0990,-0.1622,-0.3430
Bertie,NC,North Carolina,41.80,9186,18.99,0.000000,824,0.035346,2794,-510.1,2787,0.086,0.411,0.324,-1.5683,-0.2869,-0.5608
Bladen,NC,North Carolina,59.86,16764,19.47,0.000000,825,0.169617,1627,1184.6,1845,0.287,0.591,0.351,-0.4290,-0.2326,-0.5146
Brunswick,NC,North Carolina,61.86,109378,34.67,0.000000,826,0.294300,843,9924.6,221,0.327,0.900,0.846,-0.3030,0.4314,0.9567
Buncombe,NC,North Carolina,36.77,160510,45.91,0.000000,827,0.050220,2657,-16984.0,3041,0.054,0.930,0.951,-1.8860,0.7980,2.0450
Cabarrus,NC,North Carolina,53.03,120202,37.91,0.000000,828,0.175244,1579,2050.3,1408,0.193,0.908,0.887,-0.8598,0.5090,1.2711
Caswell,NC,North Carolina,61.84,12040,17.89,0.000000,829,0.161044,1707,1089.7,1911,0.326,0.494,0.267,-0.3044,-0.2664,-0.6673
Chatham,NC,North Carolina,43.03,52301,48.94,0.000000,830,0.079055,2400,-2364.8,2898,0.097,0.815,0.964,-1.4907,0.0222,2.3379
Chowan,NC,North Carolina,60.74,7552,25.00,0.000000,831,0.104576,2174,598.4,2254,0.304,0.344,0.616,-0.3736,-0.2986,0.0207
Columbus,NC,North Carolina,66.63,26402,14.60,0.000000,832,0.299327,815,3899.0,843,0.427,0.701,0.110,-0.0018,-0.1635,-0.9861
Craven,NC,North Carolina,59.60,56173,27.52,0.000000,833,0.232932,1190,3829.1,857,0.282,0.826,0.697,-0.4457,0.0500,0.2649
Cumberland,NC,North Carolina,42.59,140513,27.82,0.000000,834,0.085560,2356,-6867.1,2973,0.093,0.920,0.704,-1.5189,0.6546,0.2940
Dare,NC,North Carolina,58.71,25196,43.21,0.000000,835,0.184072,1519,1512.4,1645,0.266,0.692,0.936,-0.5017,-0.1721,1.7836
Duplin,NC,North Carolina,64.10,22898,17.63,0.000000,836,0.244488,1124,2652.4,1169,0.366,0.668,0.254,-0.1617,-0.1886,-0.6926
Durham,NC,North Carolina,18.16,180912,55.23,0.000000,837,0.005622,3085,-77163.2,3120,0.006,0.937,0.983,-3.0601,0.9443,2.9468
Edgecombe,NC,North Carolina,38.26,24448,17.51,0.000000,838,0.043092,2723,-2186.9,2891,0.063,0.684,0.247,-1.7916,-0.1775,-0.7039
Forsyth,NC,North Carolina,42.64,204726,38.48,0.000000,839,0.088736,2325,-9917.8,2997,0.094,0.944,0.894,-1.5156,1.1150,1.3258
Franklin,NC,North Carolina,56.10,42667,27.01,0.000000,840,0.177075,1568,1639.6,1590,0.225,0.787,0.683,-0.6660,-0.0469,0.2151
Gaston,NC,North Carolina,61.91,119256,26.49,0.000000,841,0.298074,823,10884.3,184,0.329,0.906,0.668,-0.2999,0.5022,0.1651
Gates,NC,North Carolina,60.29,5868,10.92,0.000000,842,0.081972,2377,439.1,2408,0.297,0.276,0.020,-0.4017,-0.3107,-1.3425
Granville,NC,North Carolina,54.15,32104,25.20,0.000000,843,0.151368,1778,780.4,2122,0.204,0.742,0.624,-0.7896,-0.1226,0.0398
Greene,NC,North Carolina,58.76,8450,12.19,0.000000,844,0.102261,2191,511.0,2337,0.267,0.383,0.040,-0.4986,-0.2922,-1.2194
Guilford,NC,North Carolina,38.27,285053,39.03,0.000000,845,0.061632,2557,-25496.2,3067,0.064,0.963,0.901,-1.7915,1.6909,1.3788
Halifax,NC,North Carolina,40.80,23965,16.13,0.000000,846,0.053641,2626,-1545.1,2861,0.079,0.679,0.179,-1.6315,-0.1809,-0.8381
Harnett,NC,North Carolina,61.86,63757,24.47,0.000000,847,0.276504,929,5787.0,523,0.328,0.843,0.593,-0.3029,0.1043,-0.0308
Haywood,NC,North Carolina,61.80,37851,29.53,0.000000,848,0.250900,1086,3412.8,952,0.325,0.772,0.745,-0.3065,-0.0814,0.4594
Henderson,NC,North Carolina,56.45,69974,36.51,0.000000,849,0.196812,1425,2873.8,1091,0.231,0.852,0.869,-0.6445,0.1489,1.1353
Hertford,NC,North Carolina,36.18,9843,16.58,0.000000,850,0.022236,2907,-1108.3,2837,0.051,0.436,0.202,-1.9232,-0.2822,-0.7940
Hoke,NC,North Carolina,46.33,22767,23.45,0.000000,851,0.080586,2390,-482.0,2780,0.121,0.666,0.552,-1.2830,-0.1895,-0.1287
Hyde,NC,North Carolina,60.51,2421,14.71,0.000000,852,0.031003,2830,186.4,2568,0.301,0.103,0.113,-0.3879,-0.3354,-0.9751
Iredell,NC,North Carolina,65.66,110875,34.11,0.000000,853,0.362202,532,14971.8,98,0.402,0.901,0.835,-0.0631,0.4422,0.9027
Jackson,NC,North Carolina,53.76,21942,31.11,0.000000,854,0.133118,1920,476.9,2368,0.202,0.659,0.779,-0.8139,-0.1954,0.6126
Johnston,NC,North Carolina,60.06,124678,28.90,0.000000,855,0.264810,999,9045.3,263,0.291,0.910,0.733,-0.4166,0.5411,0.3987
Jones,NC,North Carolina,62.40,5463,19.77,0.000000,856,0.087462,2340,527.6,2315,0.339,0.258,0.369,-0.2687,-0.3136,-0.4849
Lee,NC,North Carolina,58.14,30081,21.31,0.000000,857,0.187867,1490,1655.3,1584,0.257,0.731,0.452,-0.5376,-0.1371,-0.3366
Lenoir,NC,North Carolina,52.95,27503,16.35,0.000000,858,0.136704,1883,455.7,2394,0.192,0.712,0.191,-0.8647,-0.1556,-0.8165
Madison,NC,North Carolina,60.75,13621,32.21,0.000000,859,0.161650,1695,1081.0,1920,0.305,0.530,0.803,-0.3728,-0.2551,0.7187
Martin,NC,North Carolina,54.83,12040,16.72,0.000000,860,0.104728,2170,349.3,2465,0.212,0.494,0.210,-0.7467,-0.2664,-0.7810
Mecklenburg,NC,North Carolina,32.51,577505,49.22,0.000000,861,0.036556,2777,-91982.1,3126,0.037,0.988,0.965,-2.1544,3.7876,2.3656
Moore,NC,North Carolina,64.12,61790,41.00,0.000000,862,0.307546,772,7170.9,388,0.367,0.838,0.919,-0.1605,0.0902,1.5700
Nash,NC,North Carolina,50.37,52471,22.08,0.000000,863,0.133008,1922,99.2,2604,0.163,0.816,0.492,-1.0276,0.0234,-0.2622
New Hanover,NC,North Carolina,48.98,138734,45.39,0.000000,864,0.135093,1901,-738.3,2808,0.147,0.919,0.946,-1.1156,0.6419,1.9947
Northampton,NC,North Carolina,42.38,9215,17.88,0.000000,865,0.037492,2770,-466.5,2777,0.091,0.412,0.266,-1.5321,-0.2867,-0.6682
Orange,NC,North Carolina,23.70,87807,61.76,0.000000,866,0.011414,3020,-26896.7,3071,0.013,0.878,0.994,-2.7108,0.2768,3.5790
Pamlico,NC,North Carolina,65.56,7976,25.40,0.000000,867,0.144720,1824,1066.8,1931,0.402,0.360,0.632,-0.0695,-0.2956,0.0599
Pasquotank,NC,North Carolina,51.80,20343,27.55,0.000000,868,0.116480,2070,196.1,2562,0.182,0.640,0.699,-0.9378,-0.2069,0.2679
Person,NC,North Carolina,61.30,22036,19.34,0.000000,869,0.208560,1345,1872.3,1475,0.316,0.660,0.343,-0.3379,-0.1948,-0.5271
Pitt,NC,North Carolina,46.37,87130,33.83,0.000000,870,0.107116,2154,-1818.8,2878,0.122,0.878,0.831,-1.2801,0.2719,0.8754
Polk,NC,North Carolina,62.04,13068,36.22,0.000000,871,0.171495,1610,1210.8,1829,0.333,0.515,0.865,-0.2917,-0.2591,1.1073
Richmond,NC,North Carolina,60.04,19873,16.04,0.000000,872,0.185076,1512,1437.8,1695,0.291,0.636,0.175,-0.4179,-0.2103,-0.8462
Robeson,NC,North Carolina,63.39,46770,14.68,0.000000,873,0.284710,890,5032.3,622,0.355,0.802,0.111,-0.2064,-0.0174,-0.9780
Sampson,NC,North Carolina,64.46,28201,16.24,0.000000,874,0.269250,972,3388.3,956,0.375,0.718,0.185,-0.1389,-0.1506,-0.8273
Scotland,NC,North Carolina,53.10,14626,16.65,0.000000,875,0.106860,2155,256.1,2523,0.195,0.548,0.206,-0.8553,-0.2479,-0.7878
Swain,NC,North Carolina,61.13,7052,21.44,0.000000,876,0.101712,2201,586.7,2265,0.312,0.326,0.460,-0.3488,-0.3022,-0.3237
Transylvania,NC,North Carolina,55.30,20780,39.96,0.000000,877,0.139105,1866,674.1,2197,0.215,0.647,0.910,-0.7165,-0.2038,1.4693
Tyrrell,NC,North Carolina,60.16,1757,13.03,0.000000,878,0.019992,2927,129.2,2592,0.294,0.068,0.062,-0.4101,-0.3401,-1.1378
Union,NC,North Carolina,61.91,139355,40.49,0.000000,879,0.302351,801,12719.0,131,0.329,0.919,0.914,-0.2999,0.6463,1.5206
Vance,NC,North Carolina,42.87,20092,17.19,0.000000,880,0.061344,2560,-934.7,2825,0.096,0.639,0.237,-1.5008,-0.2087,-0.7346
Wake,NC,North Carolina,36.22,653580,57.16,0.000000,881,0.050490,2649,-73263.8,3118,0.051,0.990,0.987,-1.9205,4.3330,3.1336
Warren,NC,North Carolina,39.71,10013,18.90,0.000000,882,0.032266,2822,-749.2,2812,0.073,0.442,0.317,-1.7005,-0.2810,-0.5697
Washington,NC,North Carolina,46.57,5944,14.83,0.000000,883,0.034844,2799,-116.5,2710,0.124,0.281,0.119,-1.2677,-0.3101,-0.9637
Watauga,NC,North Carolina,46.09,33095,48.08,0.000000,884,0.088893,2323,-751.8,2814,0.119,0.747,0.960,-1.2977,-0.1155,2.2547
Wayne,NC,North Carolina,57.67,54762,21.74,0.000000,885,0.205500,1368,2792.8,1119,0.250,0.822,0.476,-0.5674,0.0399,-0.2943
Wilson,NC,North Carolina,49.32,40045,21.74,0.000000,886,0.117478,2062,-140.0,2717,0.151,0.778,0.476,-1.0941,-0.0656,-0.2948
Yancey,NC,North Carolina,66.55,11283,25.06,0.000000,887,0.203520,1385,1654.3,1585,0.424,0.480,0.620,-0.0068,-0.2719,0.0269
Barnes,ND,North Dakota,66.14,5339,30.68,0.000000,888,0.104742,2169,753.6,2146,0.414,0.253,0.770,-0.0331,-0.3145,0.5705
Benson,ND,North Dakota,58.09,2002,21.86,0.000000,889,0.020560,2923,109.3,2598,0.257,0.080,0.482,-0.5406,-0.3384,-0.2826
Cass,ND,North Dakota,52.69,90851,42.65,0.000000,890,0.166887,1649,1359.2,1740,0.189,0.883,0.931,-0.8812,0.2986,1.7294
Grand Forks,ND,North Dakota,57.70,31411,38.00,0.000000,891,0.185000,1513,1609.5,1602,0.250,0.740,0.889,-0.5655,-0.1275,1.2790
Nelson,ND,North Dakota,64.79,1761,29.43,0.000000,892,0.026044,2871,218.7,2548,0.383,0.068,0.743,-0.1178,-0.3401,0.4495
Ransom,ND,North Dakota,62.70,2649,22.89,0.000000,893,0.039444,2758,264.6,2517,0.346,0.114,0.528,-0.2497,-0.3338,-0.1835
Rolette,ND,North Dakota,35.02,4075,17.96,0.000000,894,0.008556,3049,-515.6,2788,0.046,0.186,0.270,-1.9964,-0.3235,-0.6605
Sargent,ND,North Dakota,64.86,2043,18.22,0.000000,895,0.031734,2825,255.3,2524,0.387,0.082,0.282,-0.1138,-0.3381,-0.6356
Sioux,ND,North Dakota,29.91,953,16.26,0.000000,896,0.000650,3138,-188.2,2729,0.026,0.025,0.186,-2.3190,-0.3459,-0.8252
Steele,ND,North Dakota,61.28,1015,28.85,0.000000,897,0.008848,3046,86.0,2610,0.316,0.028,0.733,-0.3394,-0.3455,0.3939
Traill,ND,North Dakota,64.40,4115,30.86,0.000000,898,0.071060,2462,491.4,2356,0.374,0.190,0.773,-0.1427,-0.3232,0.5880
Dakota,NE,Nebraska,64.28,6120,14.56,0.000000,899,0.108252,2138,722.3,2166,0.372,0.291,0.108,-0.1501,-0.3089,-0.9899
Dodge,NE,Nebraska,65.65,16443,21.99,0.000000,900,0.234768,1178,2218.4,1330,0.402,0.584,0.487,-0.0637,-0.2349,-0.2708
Douglas,NE,Nebraska,44.23,273403,42.11,0.000000,901,0.103680,2182,-9818.6,2995,0.108,0.960,0.928,-1.4154,1.6074,1.6771
Lancaster,NE,Nebraska,47.08,157633,41.87,0.000000,902,0.119841,2036,-2577.2,2913,0.129,0.929,0.926,-1.2353,0.7774,1.6538
Saline,NE,Nebraska,66.03,5655,21.80,0.000000,903,0.108915,2129,790.5,2115,0.411,0.265,0.478,-0.0397,-0.3122,-0.2887
Sarpy,NE,Nebraska,55.16,100735,42.61,0.000000,904,0.191530,1463,3164.2,1008,0.214,0.895,0.931,-0.7255,0.3695,1.7252
Thurston,NE,Nebraska,52.99,2123,22.18,0.000000,905,0.016320,2977,35.7,2636,0.192,0.085,0.497,-0.8624,-0.3375,-0.2521
Belknap,NH,New Hampshire,55.97,40676,33.55,0.000000,906,0.174720,1582,1520.4,1642,0.224,0.780,0.827,-0.6747,-0.0611,0.8488
Carroll,NH,New Hampshire,50.28,34658,38.65,0.000000,907,0.122902,2010,49.0,2624,0.163,0.754,0.896,-1.0335,-0.1043,1.3421
Cheshire,NH,New Hampshire,44.25,45389,35.54,0.000000,908,0.086184,2349,-1623.6,2865,0.108,0.798,0.857,-1.4142,-0.0273,1.0413
Coos,NH,New Hampshire,56.19,17322,20.07,0.000000,909,0.136427,1886,677.7,2192,0.227,0.601,0.385,-0.6603,-0.2286,-0.4558
Grafton,NH,New Hampshire,39.20,55895,46.72,0.000000,910,0.057750,2592,-4464.9,2948,0.070,0.825,0.955,-1.7328,0.0480,2.1232
Hillsborough,NH,New Hampshire,47.80,234440,41.53,0.000000,911,0.127836,1972,-2813.9,2917,0.134,0.954,0.922,-1.1901,1.3280,1.6215
Merrimack,NH,New Hampshire,46.64,92978,38.91,0.000000,912,0.110750,2118,-1779.6,2875,0.125,0.886,0.899,-1.2632,0.3138,1.3673
Rockingham,NH,New Hampshire,50.53,202922,45.71,0.000000,913,0.155595,1748,550.5,2298,0.165,0.943,0.949,-1.0176,1.1021,2.0253
Strafford,NH,New Hampshire,43.24,76688,39.28,0.000000,914,0.085239,2359,-3338.6,2931,0.099,0.861,0.903,-1.4775,0.1971,1.4033
Sullivan,NH,New Hampshire,49.50,25221,30.31,0.000000,915,0.106568,2158,-64.5,2685,0.154,0.692,0.764,-1.0828,-0.1719,0.5346
Atlantic,NJ,New Jersey,50.72,129759,31.84,0.000000,916,0.151724,1776,482.4,2363,0.166,0.914,0.796,-1.0056,0.5775,0.6828
Bergen,NJ,New Jersey,47.29,459077,53.14,0.000000,917,0.127920,1971,-6914.0,2974,0.130,0.984,0.979,-1.2221,2.9385,2.7445
Burlington,NJ,New Jersey,41.02,229466,42.55,0.000000,918,0.077112,2416,-14346.1,3027,0.081,0.952,0.930,-1.6180,1.2924,1.7194
Camden,NJ,New Jersey,35.54,246954,36.34,0.000000,919,0.046795,2688,-29675.8,3076,0.049,0.955,0.868,-1.9635,1.4177,1.1184
Cape May,NJ,New Jersey,58.92,54568,39.05,0.000000,920,0.221670,1248,3379.1,958,0.270,0.821,0.901,-0.4884,0.0385,1.3805
Cumberland,NJ,New Jersey,51.31,55885,18.93,0.000000,921,0.145200,1822,385.7,2441,0.176,0.825,0.319,-0.9684,0.0479,-0.5666
Essex,NJ,New Jersey,26.78,313283,39.15,0.000000,922,0.016456,2976,-77980.0,3121,0.017,0.968,0.902,-2.5160,1.8933,1.3902
Gloucester,NJ,New Jersey,50.61,164635,36.83,0.000000,923,0.153945,1758,516.7,2328,0.165,0.933,0.875,-1.0125,0.8276,1.1661
Hudson,NJ,New Jersey,34.57,231181,48.91,0.000000,924,0.041932,2734,-30550.2,3081,0.044,0.953,0.964,-2.0249,1.3047,2.3353
Hunterdon,NJ,New Jersey,52.38,80925,57.38,0.000000,925,0.161755,1692,1058.4,1937,0.187,0.865,0.988,-0.9008,0.2274,3.1556
Mercer,NJ,New Jersey,32.02,163270,45.44,0.000000,926,0.033552,2810,-27139.6,3072,0.036,0.932,0.947,-2.1858,0.8178,1.9996
Middlesex,NJ,New Jersey,44.49,365187,45.60,0.000000,927,0.108225,2139,-12409.9,3016,0.111,0.975,0.948,-1.3990,2.2654,2.0148
Monmouth,NJ,New Jersey,54.81,360143,51.31,0.000000,928,0.205303,1369,10418.4,195,0.211,0.973,0.973,-0.7474,2.2292,2.5680
Morris,NJ,New Jersey,50.39,284666,57.81,0.000000,929,0.157768,1730,561.6,2291,0.164,0.962,0.989,-1.0266,1.6881,3.1969
Passaic,NJ,New Jersey,49.79,202767,30.87,0.000000,930,0.148051,1806,-216.6,2735,0.157,0.943,0.773,-1.0645,1.1010,0.5887
Salem,NJ,New Jersey,58.80,31001,24.96,0.000000,931,0.196980,1422,1886.8,1471,0.268,0.735,0.615,-0.4958,-0.1305,0.0173
Somerset,NJ,New Jersey,41.77,177412,57.80,0.000000,932,0.080410,2392,-9905.1,2996,0.086,0.935,0.989,-1.5705,0.9192,3.1955
Sussex,NJ,New Jersey,61.59,84629,40.27,0.000000,933,0.278720,916,7441.4,364,0.320,0.871,0.913,-0.3199,0.2540,1.4993
Union,NJ,New Jersey,37.01,240632,38.86,0.000000,934,0.052470,2637,-24799.1,3064,0.055,0.954,0.898,-1.8706,1.3724,1.3626
Warren,NJ,New Jersey,59.47,60150,36.51,0.000000,935,0.234635,1180,4029.9,818,0.281,0.835,0.870,-0.4536,0.0785,1.1355
Bernalillo,NM,New Mexico,38.21,310844,38.15,0.000000,936,0.060921,2567,-27997.0,3073,0.063,0.967,0.890,-1.7953,1.8758,1.2941
Cibola,NM,New Mexico,48.13,8957,17.00,0.000000,937,0.055200,2614,-90.1,2697,0.138,0.400,0.227,-1.1691,-0.2885,-0.7536
Colfax,NM,New Mexico,56.94,5711,25.40,0.000000,938,0.064320,2530,257.1,2520,0.240,0.268,0.632,-0.6131,-0.3118,0.0593
Doña Ana,NM,New Mexico,44.02,85407,31.68,0.000000,939,0.090792,2308,-3202.7,2928,0.104,0.873,0.794,-1.4286,0.2596,0.6671
Grant,NM,New Mexico,46.92,14024,30.66,0.000000,940,0.067945,2497,-243.4,2741,0.127,0.535,0.770,-1.2455,-0.2522,0.5689
Guadalupe,NM,New Mexico,49.63,1904,16.38,0.000000,941,0.011625,3018,-3.6,2653,0.155,0.075,0.192,-1.0743,-0.3391,-0.8131
Hidalgo,NM,New Mexico,61.79,1845,18.30,0.000000,942,0.023725,2894,166.1,2579,0.325,0.073,0.286,-0.3074,-0.3395,-0.6275
Los Alamos,NM,New Mexico,33.28,12161,69.74,0.000000,943,0.018924,2940,-1810.5,2877,0.038,0.498,0.999,-2.1062,-0.2656,4.3521
Luna,NM,New Mexico,58.95,7970,14.59,0.000000,944,0.097560,2244,495.5,2354,0.271,0.360,0.110,-0.4867,-0.2956,-0.9870
McKinley,NM,New Mexico,36.24,25839,13.30,0.000000,945,0.036348,2779,-2890.9,2921,0.052,0.699,0.069,-1.9193,-0.1675,-1.1117
Mora,NM,New Mexico,41.24,2449,34.28,0.000000,946,0.008610,3047,-148.1,2718,0.082,0.105,0.838,-1.6038,-0.3352,0.9192
Otero,NM,New Mexico,62.49,24190,22.74,0.000000,947,0.231880,1197,2360.4,1277,0.341,0.680,0.522,-0.2629,-0.1793,-0.1978
Rio Arriba,NM,New Mexico,39.49,15871,19.04,0.000000,948,0.041112,2739,-1221.0,2842,0.072,0.571,0.326,-1.7140,-0.2390,-0.5562
San Juan,NM,New Mexico,64.74,52926,18.26,0.000000,949,0.312094,748,6539.1,438,0.382,0.817,0.283,-0.1212,0.0267,-0.6312
San Miguel,NM,New Mexico,35.43,10972,26.50,0.000000,950,0.022560,2905,-1333.5,2848,0.048,0.470,0.670,-1.9706,-0.2741,0.1663
Sandoval,NM,New Mexico,46.02,79540,33.75,0.000000,951,0.101834,2198,-1844.4,2879,0.118,0.863,0.830,-1.3022,0.2175,0.8682
Santa Fe,NM,New Mexico,24.49,83521,46.07,0.000000,952,0.011297,3021,-24291.4,3062,0.013,0.869,0.951,-2.6605,0.2460,2.0603
Sierra,NM,New Mexico,59.65,5822,17.02,0.000000,953,0.077816,2413,400.0,2431,0.284,0.274,0.229,-0.4421,-0.3110,-0.7514
Socorro,NM,New Mexico,51.06,7150,18.96,0.000000,954,0.057090,2598,39.6,2630,0.173,0.330,0.321,-0.9841,-0.3015,-0.5635
Taos,NM,New Mexico,25.22,16412,38.54,0.000000,955,0.008162,3055,-4548.7,2950,0.014,0.583,0.895,-2.6146,-0.2351,1.3311
Valencia,NM,New Mexico,57.27,33277,20.90,0.000000,956,0.181764,1531,1586.3,1612,0.243,0.748,0.430,-0.5926,-0.1142,-0.3759
Carson City,NV,Nevada,54.31,31068,23.73,0.000000,957,0.152352,1769,789.9,2116,0.207,0.736,0.561,-0.7792,-0.1300,-0.1017
Clark,NV,Nevada,47.81,1031223,27.81,0.000000,958,0.134595,1907,-12288.4,3015,0.135,0.997,0.704,-1.1892,7.0404,0.2929
Douglas,NV,Nevada,65.35,35556,31.61,0.000000,959,0.301323,806,4663.1,694,0.397,0.759,0.793,-0.0824,-0.0978,0.6613
Mineral,NV,Nevada,66.58,2295,13.22,0.000000,960,0.040800,2743,337.3,2475,0.425,0.096,0.067,-0.0051,-0.3363,-1.1193
Washoe,NV,Nevada,48.32,263734,34.22,0.000000,961,0.135219,1898,-2362.9,2897,0.141,0.959,0.837,-1.1570,1.5380,0.9135
Albany,NY,New York,36.72,148577,46.42,0.000000,962,0.049896,2663,-15799.1,3034,0.054,0.924,0.953,-1.8889,0.7125,2.0945
Bronx,NY,New York,27.05,362890,22.39,0.000000,963,0.018506,2949,-88620.5,3125,0.019,0.974,0.504,-2.4989,2.2489,-0.2319
Broome,NY,New York,49.48,90459,31.04,0.000000,964,0.134946,1905,-238.1,2738,0.153,0.882,0.777,-1.0837,0.2958,0.6059
Cattaraugus,NY,New York,66.22,34107,21.13,0.000000,965,0.312832,740,4852.2,647,0.416,0.752,0.444,-0.0277,-0.1082,-0.3539
Cayuga,NY,New York,56.36,36343,24.62,0.000000,966,0.174956,1580,1467.7,1673,0.229,0.764,0.598,-0.6500,-0.0922,-0.0163
Chautauqua,NY,New York,60.84,56751,25.12,0.000000,967,0.254716,1062,4554.9,713,0.308,0.827,0.622,-0.3671,0.0541,0.0326
Chemung,NY,New York,58.20,37560,27.22,0.000000,968,0.198918,1414,2087.4,1394,0.258,0.771,0.690,-0.5336,-0.0835,0.2360
Chenango,NY,New York,63.42,22540,19.56,0.000000,969,0.236075,1170,2432.3,1252,0.355,0.665,0.356,-0.2047,-0.1911,-0.5058
Clinton,NY,New York,50.95,35817,27.55,0.000000,970,0.130131,1941,175.7,2571,0.171,0.761,0.699,-0.9915,-0.0960,0.2682
Columbia,NY,New York,42.25,35897,39.37,0.000000,971,0.068580,2490,-1854.4,2880,0.090,0.762,0.905,-1.5399,-0.0954,1.4121
Cortland,NY,New York,53.06,22063,29.14,0.000000,972,0.128040,1969,379.8,2445,0.194,0.660,0.737,-0.8583,-0.1946,0.4214
Delaware,NY,New York,59.55,23156,27.59,0.000000,973,0.188940,1478,1568.0,1620,0.282,0.670,0.700,-0.4487,-0.1867,0.2718
Dutchess,NY,New York,47.02,152659,41.62,0.000000,974,0.119583,2039,-2555.2,2910,0.129,0.927,0.924,-1.2393,0.7417,1.6295
Erie,NY,New York,44.85,456550,38.05,0.000000,975,0.111079,2115,-14294.5,3025,0.113,0.983,0.889,-1.3759,2.9204,1.2839
Essex,NY,New York,49.56,19236,32.80,0.000000,976,0.096404,2252,-43.3,2673,0.154,0.626,0.814,-1.0790,-0.2148,0.7756
Franklin,NY,New York,54.32,19458,23.81,0.000000,977,0.129996,1942,495.7,2353,0.207,0.628,0.563,-0.7788,-0.2132,-0.0945
Greene,NY,New York,58.09,25310,29.94,0.000000,978,0.177664,1561,1381.4,1730,0.256,0.694,0.756,-0.5409,-0.1713,0.4995
Hamilton,NY,New York,64.64,3439,33.22,0.000000,979,0.057456,2595,420.8,2415,0.378,0.152,0.821,-0.1274,-0.3281,0.8168
Jefferson,NY,New York,61.66,42843,26.45,0.000000,980,0.254201,1064,3798.5,866,0.323,0.787,0.667,-0.3155,-0.0456,0.1616
Kings,NY,New York,27.59,847934,42.11,0.000000,981,0.019900,2930,-199232.7,3146,0.020,0.995,0.928,-2.4649,5.7264,1.6769
Livingston,NY,New York,60.51,31035,30.55,0.000000,982,0.221536,1249,2389.3,1267,0.301,0.736,0.768,-0.3879,-0.1302,0.5585
Madison,NY,New York,56.26,33814,29.64,0.000000,983,0.170250,1618,1340.9,1751,0.227,0.750,0.749,-0.6559,-0.1103,0.4699
Monroe,NY,New York,40.24,362715,41.47,0.000000,984,0.074024,2441,-25300.9,3066,0.076,0.974,0.922,-1.6672,2.2477,1.6147
Montgomery,NY,New York,64.15,20712,22.92,0.000000,985,0.237360,1160,2411.2,1259,0.368,0.645,0.530,-0.1586,-0.2043,-0.1801
Nassau,NY,New York,51.68,712299,49.68,0.000000,986,0.179552,1546,6392.6,451,0.181,0.992,0.967,-0.9451,4.7540,2.4095
New York,NY,New York,17.41,654372,64.19,0.000000,987,0.004950,3092,-290946.3,3151,0.005,0.990,0.996,-3.1074,4.3387,3.8145
Niagara,NY,New York,57.29,102431,27.96,0.000000,988,0.217728,1278,4897.8,636,0.243,0.896,0.709,-0.5915,0.3816,0.3071
Oneida,NY,New York,60.53,100258,27.85,0.000000,989,0.270290,965,7736.9,340,0.302,0.895,0.705,-0.3867,0.3660,0.2965
Onondaga,NY,New York,41.12,228381,39.22,0.000000,990,0.078064,2410,-14056.5,3024,0.082,0.952,0.902,-1.6113,1.2846,1.3971
Ontario,NY,New York,50.38,59987,37.97,0.000000,991,0.136105,1891,115.5,2596,0.163,0.835,0.888,-1.0272,0.0773,1.2766
Orange,NY,New York,54.05,175660,32.55,0.000000,992,0.189805,1475,4151.2,785,0.203,0.935,0.810,-0.7959,0.9066,0.7515
Oswego,NY,New York,61.94,54163,21.64,0.000000,993,0.271420,955,4961.7,630,0.331,0.820,0.472,-0.2979,0.0356,-0.3045
Otsego,NY,New York,53.65,28436,34.39,0.000000,994,0.144000,1827,597.5,2255,0.200,0.720,0.841,-0.8208,-0.1489,0.9296
Putnam,NY,New York,56.58,55765,45.49,0.000000,995,0.191400,1464,2350.2,1280,0.232,0.825,0.947,-0.6359,0.0471,2.0047
Queens,NY,New York,37.16,712191,36.14,0.000000,996,0.054505,2616,-72245.7,3117,0.055,0.991,0.863,-1.8615,4.7532,1.0988
Rensselaer,NY,New York,49.03,78736,37.55,0.000000,997,0.127576,1974,-398.6,2766,0.148,0.862,0.883,-1.1126,0.2117,1.2362
Richmond,NY,New York,64.20,199620,35.70,0.000000,998,0.347967,594,23360.4,35,0.369,0.943,0.858,-0.1554,1.0784,1.0571
Rockland,NY,New York,55.67,150072,42.71,0.000000,999,0.204646,1375,5272.6,594,0.221,0.926,0.932,-0.6935,0.7232,1.7351
Saratoga,NY,New York,48.88,130812,45.39,0.000000,1000,0.133590,1914,-766.2,2816,0.146,0.915,0.946,-1.1218,0.5851,1.9949
Schenectady,NY,New York,44.31,72165,36.10,0.000000,1001,0.092340,2289,-2547.9,2909,0.108,0.855,0.862,-1.4103,0.1646,1.0957
Schoharie,NY,New York,64.97,16042,26.19,0.000000,1002,0.222897,1243,2028.0,1411,0.389,0.573,0.659,-0.1064,-0.2377,0.1366
Schuyler,NY,New York,60.27,9486,26.38,0.000000,1003,0.125334,1994,707.6,2178,0.297,0.422,0.667,-0.4033,-0.2847,0.1549
Seneca,NY,New York,55.73,15034,25.24,0.000000,1004,0.122766,2012,535.5,2310,0.222,0.553,0.625,-0.6894,-0.2450,0.0444
St. Lawrence,NY,New York,58.87,44026,25.31,0.000000,1005,0.213317,1312,2707.6,1150,0.269,0.793,0.628,-0.4914,-0.0371,0.0510
Steuben,NY,New York,65.67,45344,26.34,0.000000,1006,0.321594,700,6128.0,479,0.403,0.798,0.665,-0.0625,-0.0277,0.1509
Suffolk,NY,New York,54.74,762849,40.22,0.000000,1007,0.209734,1335,21645.6,45,0.211,0.994,0.912,-0.7524,5.1164,1.4940
Sullivan,NY,New York,58.14,35062,30.10,0.000000,1008,0.194292,1443,1930.3,1450,0.257,0.756,0.758,-0.5374,-0.1014,0.5150
Tioga,NY,New York,61.23,24559,25.27,0.000000,1009,0.215090,1297,2068.5,1401,0.314,0.685,0.626,-0.3425,-0.1767,0.0466
Tompkins,NY,New York,24.40,46532,58.76,0.000000,1010,0.010413,3033,-13616.1,3022,0.013,0.801,0.990,-2.6663,-0.0191,3.2889
Ulster,NY,New York,40.33,98534,38.22,0.000000,1011,0.068761,2487,-6781.1,2972,0.077,0.893,0.891,-1.6610,0.3537,1.3008
Warren,NY,New York,51.93,35829,36.44,0.000000,1012,0.139446,1860,373.0,2450,0.183,0.762,0.868,-0.9294,-0.0959,1.1279
Washington,NY,New York,60.41,28586,22.37,0.000000,1013,0.215878,1293,2171.2,1358,0.299,0.722,0.504,-0.3945,-0.1478,-0.2335
Wayne,NY,New York,61.40,44443,25.60,0.000000,1014,0.253286,1072,3818.0,858,0.319,0.794,0.637,-0.3322,-0.0341,0.0790
Westchester,NY,New York,36.65,457838,53.12,0.000000,1015,0.052099,2639,-49061.7,3101,0.053,0.983,0.979,-1.8935,2.9296,2.7426
Yates,NY,New York,57.84,10542,25.49,0.000000,1016,0.115416,2080,553.4,2295,0.252,0.458,0.635,-0.5562,-0.2772,0.0686
Ashtabula,OH,Ohio,63.76,43374,16.08,0.000000,1017,0.283610,897,4853.5,646,0.359,0.790,0.177,-0.1829,-0.0418,-0.8425
Athens,OH,Ohio,44.11,25776,34.92,0.000000,1018,0.073988,2443,-949.1,2827,0.106,0.698,0.850,-1.4230,-0.1679,0.9811
Butler,OH,Ohio,62.68,183197,32.85,0.000000,1019,0.324548,689,18256.1,65,0.346,0.938,0.815,-0.2510,0.9607,0.7807
Clark,OH,Ohio,64.28,62855,20.21,0.000000,1020,0.312852,739,7417.1,365,0.372,0.841,0.392,-0.1502,0.0979,-0.4430
Cuyahoga,OH,Ohio,33.85,576520,36.55,0.000000,1021,0.039520,2756,-81469.2,3124,0.040,0.988,0.871,-2.0700,3.7805,1.1389
Delaware,OH,Ohio,52.81,133392,59.43,0.000000,1022,0.174956,1581,2093.0,1392,0.191,0.916,0.991,-0.8737,0.6036,3.3538
Erie,OH,Ohio,56.59,39749,29.03,0.000000,1023,0.181041,1537,1677.0,1571,0.233,0.777,0.735,-0.6355,-0.0678,0.4115
Fairfield,OH,Ohio,61.57,84457,32.28,0.000000,1024,0.278720,917,7407.4,366,0.320,0.871,0.805,-0.3212,0.2528,0.7255
Franklin,OH,Ohio,35.24,598225,42.10,0.000000,1025,0.046483,2693,-74042.9,3119,0.047,0.989,0.928,-1.9822,3.9361,1.6764
Geauga,OH,Ohio,61.65,54894,40.86,0.000000,1026,0.264684,1002,4863.2,642,0.322,0.822,0.917,-0.3159,0.0408,1.5564
Greene,OH,Ohio,59.31,90041,41.67,0.000000,1027,0.245799,1118,5893.6,506,0.279,0.881,0.924,-0.4640,0.2928,1.6346
Hamilton,OH,Ohio,42.03,410085,41.83,0.000000,1028,0.086240,2348,-21961.5,3055,0.088,0.980,0.926,-1.5539,2.5873,1.6501
Lake,OH,Ohio,56.72,128579,31.57,0.000000,1029,0.214555,1303,5554.8,552,0.235,0.913,0.792,-0.6274,0.5691,0.6568
Licking,OH,Ohio,64.55,95060,29.35,0.000000,1030,0.334776,645,11523.4,163,0.377,0.888,0.742,-0.1333,0.3288,0.4416
Lorain,OH,Ohio,52.39,159007,28.54,0.000000,1031,0.173910,1587,2082.1,1395,0.187,0.930,0.723,-0.9006,0.7872,0.3632
Lucas,OH,Ohio,43.23,190609,29.37,0.000000,1032,0.092120,2291,-8319.4,2986,0.098,0.940,0.743,-1.4784,1.0138,0.4437
Mahoning,OH,Ohio,54.34,112705,26.97,0.000000,1033,0.187824,1491,2892.2,1085,0.208,0.903,0.682,-0.7770,0.4553,0.2113
Medina,OH,Ohio,61.94,107045,36.24,0.000000,1034,0.297569,828,9811.8,225,0.331,0.899,0.866,-0.2975,0.4147,1.1091
Montgomery,OH,Ohio,49.27,254837,31.30,0.000000,1035,0.143550,1830,-953.4,2828,0.150,0.957,0.785,-1.0970,1.4743,0.6311
Ottawa,OH,Ohio,62.07,23960,29.52,0.000000,1036,0.226786,1229,2228.4,1328,0.334,0.679,0.745,-0.2896,-0.1810,0.4589
Portage,OH,Ohio,57.29,83226,32.50,0.000000,1037,0.212036,1323,3983.3,829,0.244,0.869,0.809,-0.5911,0.2439,0.7474
Sandusky,OH,Ohio,64.99,29716,18.35,0.000000,1038,0.283581,898,3761.1,873,0.389,0.729,0.290,-0.1057,-0.1397,-0.6227
Stark,OH,Ohio,60.52,184193,25.92,0.000000,1039,0.283276,900,14198.7,106,0.302,0.938,0.649,-0.3872,0.9678,0.1101
Summit,OH,Ohio,46.02,273571,35.77,0.000000,1040,0.114240,2088,-6336.8,2964,0.119,0.960,0.859,-1.3020,1.6086,1.0634
Trumbull,OH,Ohio,57.99,96532,20.88,0.000000,1041,0.226060,1233,5191.0,602,0.254,0.890,0.429,-0.5468,0.3393,-0.3779
Union,OH,Ohio,64.29,37301,39.17,0.000000,1042,0.286837,879,4407.7,739,0.373,0.769,0.902,-0.1493,-0.0853,1.3927
Warren,OH,Ohio,65.27,139619,45.58,0.000000,1043,0.362086,533,18168.6,66,0.394,0.919,0.947,-0.0876,0.6482,2.0132
Wood,OH,Ohio,54.56,67586,36.53,0.000000,1044,0.178290,1557,1836.3,1491,0.210,0.849,0.870,-0.7632,0.1318,1.1373
Cherokee,OK,Oklahoma,65.29,17823,29.18,0.000000,1045,0.240555,1139,2323.8,1291,0.395,0.609,0.738,-0.0863,-0.2250,0.4253
Cleveland,OK,Oklahoma,56.35,119294,36.22,0.000000,1046,0.207474,1354,4812.9,662,0.229,0.906,0.864,-0.6503,0.5025,1.1070
Comanche,OK,Oklahoma,60.74,34284,24.26,0.000000,1047,0.228608,1219,2715.8,1147,0.304,0.752,0.584,-0.3737,-0.1070,-0.0510
Oklahoma,OK,Oklahoma,49.71,288923,35.86,0.000000,1048,0.150228,1793,-426.7,2772,0.156,0.963,0.859,-1.0696,1.7186,1.0719
Payne,OK,Oklahoma,61.35,29279,39.70,0.000000,1049,0.229825,1211,2500.9,1233,0.317,0.725,0.907,-0.3352,-0.1428,1.4441
Tulsa,OK,Oklahoma,56.53,256939,34.36,0.000000,1050,0.221067,1252,10718.2,190,0.231,0.957,0.839,-0.6393,1.4893,0.9267
Benton,OR,Oregon,28.24,50232,54.20,0.000000,1051,0.017010,2968,-11254.8,3009,0.021,0.810,0.981,-2.4239,0.0074,2.8473
Clackamas,OR,Oregon,43.20,246240,40.54,0.000000,1052,0.093590,2273,-10795.2,3005,0.098,0.955,0.915,-1.4799,1.4126,1.5256
Clatsop,OR,Oregon,42.56,23290,28.74,0.000000,1053,0.062496,2552,-1142.8,2840,0.093,0.672,0.730,-1.5203,-0.1858,0.3825
Columbia,OR,Oregon,54.98,31334,19.85,0.000000,1054,0.157407,1732,943.1,2009,0.213,0.739,0.373,-0.7370,-0.1281,-0.4777
Coos,OR,Oregon,58.34,35735,22.65,0.000000,1055,0.197860,1419,2029.8,1410,0.260,0.761,0.518,-0.5247,-0.0965,-0.2068
Curry,OR,Oregon,56.34,14200,22.07,0.000000,1056,0.122664,2013,571.3,2285,0.228,0.538,0.492,-0.6512,-0.2509,-0.2630
Deschutes,OR,Oregon,43.06,127375,44.97,0.000000,1057,0.088464,2329,-5730.2,2959,0.097,0.912,0.944,-1.4889,0.5604,1.9539
Hood River,OR,Oregon,30.33,12707,40.98,0.000000,1058,0.014674,2993,-2426.5,2905,0.029,0.506,0.919,-2.2922,-0.2616,1.5681
Jackson,OR,Oregon,51.64,119572,31.71,0.000000,1059,0.163260,1676,1043.6,1948,0.180,0.907,0.794,-0.9479,0.5045,0.6701
Jefferson,OR,Oregon,63.44,11750,21.17,0.000000,1060,0.173728,1590,1270.9,1794,0.356,0.488,0.445,-0.2033,-0.2685,-0.3502
Josephine,OR,Oregon,62.72,49628,19.69,0.000000,1061,0.279914,911,4969.1,629,0.346,0.809,0.364,-0.2483,0.0031,-0.4927
Lane,OR,Oregon,36.62,211285,34.03,0.000000,1062,0.050138,2660,-22708.3,3057,0.053,0.946,0.833,-1.8952,1.1620,0.8953
Lincoln,OR,Oregon,39.07,29804,28.64,0.000000,1063,0.050370,2653,-2418.1,2903,0.069,0.730,0.726,-1.7406,-0.1391,0.3733
Linn,OR,Oregon,60.31,71429,21.57,0.000000,1064,0.254492,1063,5356.4,579,0.298,0.854,0.468,-0.4007,0.1594,-0.3112
Marion,OR,Oregon,49.20,156691,26.04,0.000000,1065,0.139200,1864,-648.6,2799,0.150,0.928,0.653,-1.1017,0.7706,0.1216
Multnomah,OR,Oregon,17.08,414250,48.86,0.000000,1066,0.003920,3100,-187517.5,3144,0.004,0.980,0.962,-3.1281,2.6171,2.3310
Polk,OR,Oregon,49.94,47593,31.21,0.000000,1067,0.127190,1980,-14.3,2660,0.158,0.805,0.783,-1.0549,-0.0115,0.6219
Tillamook,OR,Oregon,49.05,16252,26.20,0.000000,1068,0.085692,2355,-80.5,2692,0.148,0.579,0.660,-1.1113,-0.2362,0.1367
Wallowa,OR,Oregon,65.90,5108,38.22,0.000000,1069,0.098736,2233,705.2,2180,0.408,0.242,0.891,-0.0482,-0.3161,1.3003
Wasco,OR,Oregon,51.06,13391,22.45,0.000000,1070,0.089784,2318,73.8,2616,0.172,0.522,0.507,-0.9845,-0.2567,-0.2259
Washington,OR,Oregon,31.08,297949,47.50,0.000000,1071,0.029884,2840,-53571.4,3106,0.031,0.964,0.958,-2.2451,1.7833,2.1991
Yamhill,OR,Oregon,51.10,57800,29.59,0.000000,1072,0.143417,1831,332.2,2480,0.173,0.829,0.747,-0.9817,0.0616,0.4649
Adams,PA,Pennsylvania,66.36,60650,25.76,0.000000,1073,0.350703,580,8739.8,274,0.419,0.837,0.643,-0.0189,0.0821,0.0946
Allegheny,PA,Pennsylvania,39.36,720504,45.75,0.000000,1074,0.070432,2470,-56375.6,3111,0.071,0.992,0.949,-1.7224,4.8128,2.0299
Beaver,PA,Pennsylvania,59.93,94843,28.71,0.000000,1075,0.256632,1045,6762.8,419,0.289,0.888,0.729,-0.4248,0.3272,0.3805
Berks,PA,Pennsylvania,55.60,209838,27.70,0.000000,1076,0.206955,1357,7270.5,380,0.219,0.945,0.701,-0.6976,1.1517,0.2823
Bucks,PA,Pennsylvania,49.55,401028,44.76,0.000000,1077,0.150612,1788,-912.1,2823,0.154,0.978,0.943,-1.0793,2.5224,1.9339
Butler,PA,Pennsylvania,65.69,121440,39.36,0.000000,1078,0.365924,514,16443.0,80,0.403,0.908,0.905,-0.0612,0.5179,1.4111
Centre,PA,Pennsylvania,48.06,80792,46.22,0.000000,1079,0.119370,2041,-845.5,2820,0.138,0.865,0.952,-1.1735,0.2265,2.0753
Chester,PA,Pennsylvania,42.25,324964,57.13,0.000000,1080,0.087120,2342,-16797.1,3037,0.090,0.968,0.987,-1.5401,1.9770,3.1315
Columbia,PA,Pennsylvania,65.05,32576,26.62,0.000000,1081,0.290160,861,4148.3,786,0.390,0.744,0.672,-0.1017,-0.1192,0.1778
Cumberland,PA,Pennsylvania,54.09,148396,40.00,0.000000,1082,0.188292,1485,3551.2,918,0.204,0.923,0.910,-0.7931,0.7112,1.4734
Dauphin,PA,Pennsylvania,46.46,149526,34.43,0.000000,1083,0.113775,2090,-3031.9,2924,0.123,0.925,0.842,-1.2743,0.7193,0.9336
Delaware,PA,Pennsylvania,37.61,328172,41.94,0.000000,1084,0.056260,2604,-31659.2,3084,0.058,0.970,0.927,-1.8330,2.0000,1.6607
Erie,PA,Pennsylvania,50.05,137595,30.30,0.000000,1085,0.146720,1815,34.3,2637,0.160,0.917,0.763,-1.0480,0.6337,0.5342
Lackawanna,PA,Pennsylvania,48.26,116590,30.63,0.000000,1086,0.126700,1986,-1089.2,2836,0.140,0.905,0.769,-1.1612,0.4831,0.5662
Lancaster,PA,Pennsylvania,57.48,289257,32.44,0.000000,1087,0.237144,1162,14293.9,104,0.246,0.964,0.808,-0.5793,1.7210,0.7408
Lawrence,PA,Pennsylvania,66.54,47110,23.38,0.000000,1088,0.340896,626,6899.9,404,0.424,0.804,0.549,-0.0076,-0.0150,-0.1360
Lebanon,PA,Pennsylvania,65.52,73692,24.27,0.000000,1089,0.343657,612,9818.2,224,0.401,0.857,0.585,-0.0720,0.1756,-0.0499
Lehigh,PA,Pennsylvania,48.05,189810,34.18,0.000000,1090,0.128643,1958,-1995.9,2886,0.137,0.939,0.836,-1.1741,1.0081,0.9094
Luzerne,PA,Pennsylvania,59.20,156150,25.31,0.000000,1091,0.256128,1048,10072.3,214,0.276,0.928,0.629,-0.4705,0.7667,0.0512
Mercer,PA,Pennsylvania,64.65,58410,25.63,0.000000,1092,0.314949,730,7151.8,391,0.379,0.831,0.638,-0.1269,0.0660,0.0814
Monroe,PA,Pennsylvania,49.90,85525,27.39,0.000000,1093,0.138092,1876,-43.4,2674,0.158,0.874,0.696,-1.0575,0.2604,0.2526
Montgomery,PA,Pennsylvania,38.07,520906,53.02,0.000000,1094,0.060207,2574,-47666.3,3099,0.061,0.987,0.979,-1.8038,3.3818,2.7336
Montour,PA,Pennsylvania,59.99,9908,38.68,0.000000,1095,0.127310,1977,712.6,2175,0.290,0.439,0.897,-0.4207,-0.2817,1.3454
Northampton,PA,Pennsylvania,50.40,178215,34.71,0.000000,1096,0.153504,1763,360.4,2457,0.164,0.936,0.847,-1.0260,0.9249,0.9611
Philadelphia,PA,Pennsylvania,20.00,721441,35.40,0.000000,1097,0.006951,3069,-276982.3,3150,0.007,0.993,0.856,-2.9438,4.8195,1.0275
Pike,PA,Pennsylvania,61.62,34950,29.68,0.000000,1098,0.242676,1131,3084.9,1033,0.321,0.756,0.750,-0.3178,-0.1022,0.4735
Union,PA,Pennsylvania,61.21,21188,26.50,0.000000,1099,0.204076,1381,1779.6,1520,0.313,0.652,0.670,-0.3439,-0.2008,0.1662
Washington,PA,Pennsylvania,62.43,121617,32.92,0.000000,1100,0.308720,763,11787.5,156,0.340,0.908,0.816,-0.2667,0.5192,0.7879
Westmoreland,PA,Pennsylvania,63.85,211450,32.78,0.000000,1101,0.342814,616,23875.3,29,0.362,0.947,0.814,-0.1774,1.1632,0.7743
York,PA,Pennsylvania,62.15,249210,27.61,0.000000,1102,0.320880,703,23391.3,34,0.336,0.955,0.700,-0.2845,1.4339,0.2737
Bristol,RI,Rhode Island,35.46,28335,53.01,0.000000,1103,0.035231,2796,-3431.7,2934,0.049,0.719,0.978,-1.9684,-0.1496,2.7321
Kent,RI,Rhode Island,47.80,93148,34.68,0.000000,1104,0.119610,2038,-1116.0,2838,0.135,0.886,0.846,-1.1899,0.3151,0.9576
Newport,RI,Rhode Island,35.92,44618,54.09,0.000000,1105,0.039800,2752,-5159.0,2955,0.050,0.796,0.980,-1.9395,-0.0329,2.8369
Providence,RI,Rhode Island,41.70,269679,32.26,0.000000,1106,0.081515,2381,-15227.2,3031,0.085,0.959,0.804,-1.5751,1.5807,0.7240
Washington,RI,Rhode Island,41.10,76036,52.37,0.000000,1107,0.069660,2479,-4698.8,2953,0.081,0.860,0.977,-1.6130,0.1924,2.6707
Aiken,SC,South Carolina,62.25,86091,31.94,0.000000,1108,0.294000,844,8173.8,304,0.336,0.875,0.799,-0.2782,0.2645,0.6925
Allendale,SC,South Carolina,26.89,3023,14.26,0.000000,1109,0.002394,3118,-746.6,2811,0.018,0.133,0.097,-2.5090,-0.3311,-1.0189
Bamberg,SC,South Carolina,41.73,5694,17.94,0.000000,1110,0.022780,2903,-319.9,2755,0.085,0.268,0.269,-1.5730,-0.3119,-0.6627
Barnwell,SC,South Carolina,57.18,9803,13.89,0.000000,1111,0.104594,2172,460.0,2389,0.241,0.434,0.086,-0.5984,-0.2825,-1.0547
Beaufort,SC,South Carolina,56.63,104403,45.99,0.000000,1112,0.210132,1333,4439.3,728,0.234,0.898,0.951,-0.6329,0.3958,2.0525
Berkeley,SC,South Carolina,57.41,112834,30.97,0.000000,1113,0.222138,1247,5510.6,559,0.246,0.903,0.775,-0.5837,0.4562,0.5985
Calhoun,SC,South Carolina,56.53,7914,24.45,0.000000,1114,0.082824,2371,330.5,2481,0.232,0.357,0.593,-0.6390,-0.2960,-0.0322
Charleston,SC,South Carolina,46.27,214521,50.34,0.000000,1115,0.113640,2091,-4616.0,2951,0.120,0.947,0.969,-1.2863,1.1852,2.4734
Chester,SC,South Carolina,58.05,15556,13.99,0.000000,1116,0.143565,1828,843.8,2075,0.255,0.563,0.090,-0.5433,-0.2412,-1.0450
Chesterfield,SC,South Carolina,63.52,18391,13.62,0.000000,1117,0.220269,1260,2006.5,1421,0.357,0.617,0.077,-0.1981,-0.2209,-1.0811
Clarendon,SC,South Carolina,55.55,16320,18.22,0.000000,1118,0.126440,1988,558.4,2293,0.218,0.580,0.282,-0.7013,-0.2357,-0.6354
Colleton,SC,South Carolina,58.52,18276,17.42,0.000000,1119,0.161745,1693,1067.3,1929,0.263,0.615,0.244,-0.5133,-0.2217,-0.7124
Darlington,SC,South Carolina,56.10,30331,19.86,0.000000,1120,0.165432,1658,1165.6,1859,0.226,0.732,0.373,-0.6660,-0.1353,-0.4763
Dillon,SC,South Carolina,55.02,11861,13.79,0.000000,1121,0.104583,2173,360.5,2456,0.213,0.491,0.083,-0.7344,-0.2677,-1.0640
Dorchester,SC,South Carolina,56.37,77764,29.81,0.000000,1122,0.198030,1418,3150.7,1011,0.230,0.861,0.753,-0.6490,0.2048,0.4862
Edgefield,SC,South Carolina,65.32,13919,23.31,0.000000,1123,0.211068,1329,1819.8,1501,0.396,0.533,0.546,-0.0845,-0.2530,-0.1431
Fairfield,SC,South Carolina,42.73,11215,15.22,0.000000,1124,0.045410,2704,-535.0,2793,0.095,0.478,0.136,-1.5099,-0.2723,-0.9259
Florence,SC,South Carolina,53.34,61140,24.38,0.000000,1125,0.164889,1664,1163.9,1860,0.197,0.837,0.589,-0.8401,0.0856,-0.0386
Georgetown,SC,South Carolina,59.14,37754,32.77,0.000000,1126,0.211254,1328,2412.2,1258,0.274,0.771,0.814,-0.4747,-0.0821,0.7733
Greenville,SC,South Carolina,60.21,263316,41.26,0.000000,1127,0.282610,901,19491.1,53,0.295,0.958,0.921,-0.4070,1.5351,1.5950
Greenwood,SC,South Carolina,63.83,30888,24.67,0.000000,1128,0.265708,990,3480.0,938,0.362,0.734,0.601,-0.1787,-0.1313,-0.0110
Hampton,SC,South Carolina,46.17,8233,12.07,0.000000,1129,0.044640,2712,-182.9,2728,0.120,0.372,0.038,-1.2929,-0.2937,-1.2311
Jasper,SC,South Carolina,54.32,18227,26.01,0.000000,1130,0.127098,1982,464.1,2383,0.207,0.614,0.652,-0.7789,-0.2221,0.1189
Kershaw,SC,South Carolina,63.49,33533,24.03,0.000000,1131,0.266644,985,3645.6,894,0.356,0.749,0.574,-0.2002,-0.1123,-0.0726
Lancaster,SC,South Carolina,61.78,54427,33.57,0.000000,1132,0.265680,992,4892.1,637,0.324,0.820,0.828,-0.3081,0.0375,0.8509
Lee,SC,South Carolina,38.11,8076,11.58,0.000000,1133,0.022692,2904,-735.4,2807,0.062,0.366,0.029,-1.8011,-0.2948,-1.2783
Lexington,SC,South Carolina,66.01,146903,34.06,0.000000,1134,0.378020,468,20488.8,50,0.410,0.922,0.834,-0.0413,0.7005,0.8977
Marion,SC,South Carolina,44.11,13388,14.46,0.000000,1135,0.055332,2612,-492.2,2782,0.106,0.522,0.103,-1.4225,-0.2568,-0.9992
Marlboro,SC,South Carolina,48.23,10152,8.96,0.000000,1136,0.062580,2549,-96.5,2699,0.140,0.447,0.006,-1.1630,-0.2800,-1.5321
McCormick,SC,South Carolina,57.94,6153,23.99,0.000000,1137,0.073876,2444,328.0,2482,0.253,0.292,0.572,-0.5502,-0.3086,-0.0765
Newberry,SC,South Carolina,66.56,18129,23.09,0.000000,1138,0.260525,1022,2660.5,1165,0.425,0.613,0.535,-0.0062,-0.2228,-0.1641
Orangeburg,SC,South Carolina,37.19,36970,19.38,0.000000,1139,0.043008,2724,-3735.7,2938,0.056,0.768,0.348,-1.8592,-0.0877,-0.5231
Richland,SC,South Carolina,31.81,182411,40.71,0.000000,1140,0.031892,2824,-30865.6,3083,0.034,0.938,0.916,-2.1990,0.9550,1.5420
Spartanburg,SC,South Carolina,66.22,155597,25.05,0.000000,1141,0.385632,445,22128.4,43,0.416,0.927,0.619,-0.0279,0.7628,0.0261
Sumter,SC,South Carolina,46.97,45170,23.55,0.000000,1142,0.102016,2193,-770.6,2817,0.128,0.797,0.556,-1.2425,-0.0289,-0.1196
Union,SC,South Carolina,65.93,12289,14.98,0.000000,1143,0.204500,1378,1701.7,1557,0.409,0.500,0.125,-0.0461,-0.2646,-0.9493
Williamsburg,SC,South Carolina,38.55,14330,17.40,0.000000,1144,0.035640,2790,-1239.4,2844,0.066,0.540,0.243,-1.7737,-0.2500,-0.7144
York,SC,South Carolina,58.80,150059,39.30,0.000000,1145,0.247900,1102,9135.1,260,0.268,0.925,0.904,-0.4957,0.7231,1.4052
Bennett,SD,South Dakota,62.13,1088,18.28,0.000000,1146,0.010720,3031,101.9,2603,0.335,0.032,0.284,-0.2857,-0.3449,-0.6294
Brookings,SD,South Dakota,57.40,14939,42.51,0.000000,1147,0.134995,1903,728.5,2163,0.245,0.551,0.930,-0.5842,-0.2456,1.7157
Brown,SD,South Dakota,62.46,17043,33.80,0.000000,1148,0.203236,1388,1656.8,1583,0.341,0.596,0.831,-0.2650,-0.2306,0.8725
Buffalo,SD,South Dakota,35.19,466,9.91,0.000000,1149,0.000282,3145,-58.0,2682,0.047,0.006,0.012,-1.9854,-0.3494,-1.4402
Clay,SD,South Dakota,45.50,5657,45.38,0.000000,1150,0.030856,2831,-151.2,2720,0.116,0.266,0.946,-1.3350,-0.3122,1.9935
Corson,SD,South Dakota,55.21,1143,18.99,0.000000,1151,0.007955,3058,36.3,2634,0.215,0.037,0.323,-0.7227,-0.3446,-0.5610
Day,SD,South Dakota,63.98,2932,21.99,0.000000,1152,0.046592,2691,335.7,2476,0.364,0.128,0.487,-0.1689,-0.3317,-0.2705
Dewey,SD,South Dakota,42.38,1871,18.80,0.000000,1153,0.006734,3075,-94.6,2698,0.091,0.074,0.314,-1.5317,-0.3393,-0.5794
Hughes,SD,South Dakota,63.77,8435,39.05,0.000000,1154,0.137160,1881,944.7,2008,0.360,0.381,0.901,-0.1823,-0.2923,1.3807
Lake,SD,South Dakota,64.66,5906,34.63,0.000000,1155,0.105362,2163,724.2,2164,0.379,0.278,0.845,-0.1260,-0.3104,0.9531
Lawrence,SD,South Dakota,64.27,15409,32.93,0.000000,1156,0.208320,1349,1817.3,1505,0.372,0.560,0.816,-0.1505,-0.2423,0.7887
Lincoln,SD,South Dakota,62.16,36393,44.45,0.000000,1157,0.256704,1043,3418.9,949,0.336,0.764,0.942,-0.2841,-0.0918,1.9034
Marshall,SD,South Dakota,61.07,2109,25.42,0.000000,1158,0.026435,2866,174.2,2572,0.311,0.085,0.633,-0.3526,-0.3376,0.0619
Mellette,SD,South Dakota,58.65,740,19.15,0.000000,1159,0.003975,3099,44.0,2626,0.265,0.015,0.332,-0.5055,-0.3474,-0.5458
Minnehaha,SD,South Dakota,55.16,93986,35.16,0.000000,1160,0.189818,1474,2950.7,1072,0.214,0.887,0.852,-0.7256,0.3211,1.0042
Moody,SD,South Dakota,64.85,3189,30.42,0.000000,1161,0.053654,2625,398.2,2434,0.386,0.139,0.766,-0.1143,-0.3299,0.5451
Oglala Lakota,SD,South Dakota,13.26,3062,11.80,0.000000,1162,0.000134,3146,-1692.9,2870,0.001,0.134,0.032,-3.3693,-0.3308,-1.2570
Pennington,SD,South Dakota,61.88,56580,34.64,0.000000,1163,0.271256,957,5144.8,608,0.328,0.827,0.845,-0.3019,0.0529,0.9538
Roberts,SD,South Dakota,60.59,4149,18.56,0.000000,1164,0.057873,2591,322.7,2485,0.303,0.191,0.304,-0.3828,-0.3230,-0.6021
Todd,SD,South Dakota,23.38,2126,16.56,0.000000,1165,0.001044,3133,-664.6,2803,0.012,0.087,0.200,-2.7309,-0.3375,-0.7964
Yankton,SD,South Dakota,61.39,10832,31.43,0.000000,1166,0.148188,1805,930.2,2018,0.318,0.466,0.789,-0.3324,-0.2751,0.6430
Ziebach,SD,South Dakota,49.68,781,15.23,0.000000,1167,0.002652,3117,-1.3,2651,0.156,0.017,0.137,-1.0713,-0.3471,-0.9250
Davidson,TN,Tennessee,35.26,290036,48.39,0.000000,1168,0.045308,2705,-35849.5,3091,0.047,0.964,0.961,-1.9814,1.7266,2.2851
Hamilton,TN,Tennessee,55.72,174438,37.47,0.000000,1169,0.206414,1362,6194.3,469,0.221,0.934,0.882,-0.6903,0.8979,1.2281
Hardeman,TN,Tennessee,61.63,9399,12.20,0.000000,1170,0.134499,1908,830.8,2082,0.321,0.419,0.040,-0.3171,-0.2854,-1.2180
Haywood,TN,Tennessee,49.40,6652,14.45,0.000000,1171,0.047272,2682,-20.5,2661,0.152,0.311,0.103,-1.0891,-0.3051,-1.0001
Knox,TN,Tennessee,58.96,221864,40.97,0.000000,1172,0.257179,1040,13824.6,112,0.271,0.949,0.918,-0.4857,1.2379,1.5664
Madison,TN,Tennessee,58.52,39964,26.59,0.000000,1173,0.204614,1376,2330.4,1287,0.263,0.778,0.671,-0.5139,-0.0662,0.1750
Montgomery,TN,Tennessee,58.46,81755,31.08,0.000000,1174,0.226548,1231,4728.4,683,0.261,0.868,0.778,-0.5173,0.2334,0.6096
Rutherford,TN,Tennessee,60.15,147656,35.76,0.000000,1175,0.270439,962,10840.8,186,0.293,0.923,0.859,-0.4109,0.7058,1.0629
Shelby,TN,Tennessee,36.42,326497,34.28,0.000000,1176,0.050440,2650,-35838.9,3090,0.052,0.970,0.838,-1.9078,1.9880,0.9194
Williamson,TN,Tennessee,65.36,144668,62.69,0.000000,1177,0.365637,517,18994.1,57,0.397,0.921,0.995,-0.0817,0.6844,3.6696
Bastrop,TX,Texas,58.54,39806,24.99,0.000000,1178,0.204351,1380,2328.7,1288,0.263,0.777,0.615,-0.5125,-0.0674,0.0204
Bell,TX,Texas,57.52,130662,27.16,0.000000,1179,0.226672,1230,6505.3,441,0.248,0.914,0.688,-0.5765,0.5840,0.2303
Bexar,TX,Texas,44.51,758323,31.84,0.000000,1180,0.110223,2121,-25626.7,3068,0.111,0.993,0.797,-1.3974,5.0839,0.6835
Brazoria,TX,Texas,59.16,162046,33.14,0.000000,1181,0.256025,1051,10390.6,200,0.275,0.931,0.820,-0.4732,0.8090,0.8084
Brazos,TX,Texas,61.63,91961,43.01,0.000000,1182,0.284085,892,8119.7,309,0.321,0.885,0.934,-0.3177,0.3066,1.7642
Brewster,TX,Texas,55.59,4578,45.47,0.000000,1183,0.047085,2684,158.2,2583,0.219,0.215,0.947,-0.6983,-0.3199,2.0021
Brooks,TX,Texas,44.84,2402,16.96,0.000000,1184,0.011526,3019,-75.5,2689,0.113,0.102,0.225,-1.3769,-0.3355,-0.7571
Caldwell,TX,Texas,56.59,15693,19.34,0.000000,1185,0.131878,1929,661.8,2209,0.233,0.566,0.344,-0.6356,-0.2402,-0.5267
Cameron,TX,Texas,52.51,116153,22.08,0.000000,1186,0.170140,1619,1607.2,1603,0.188,0.905,0.493,-0.8928,0.4800,-0.2620
Collin,TX,Texas,54.22,515585,56.22,0.000000,1187,0.202130,1393,12781.7,129,0.205,0.986,0.984,-0.7851,3.3437,3.0427
Culberson,TX,Texas,57.75,781,15.76,0.000000,1188,0.004267,3098,40.3,2628,0.251,0.017,0.160,-0.5624,-0.3471,-0.8734
Dallas,TX,Texas,37.96,849872,35.74,0.000000,1189,0.060756,2569,-78814.0,3122,0.061,0.996,0.858,-1.8111,5.7403,1.0601
Denton,TX,Texas,55.77,449188,49.44,0.000000,1190,0.218004,1274,16129.3,86,0.222,0.982,0.966,-0.6870,2.8676,2.3870
Dimmit,TX,Texas,48.23,3427,9.79,0.000000,1191,0.021280,2916,-32.4,2666,0.140,0.152,0.010,-1.1625,-0.3282,-1.4510
Duval,TX,Texas,54.67,4461,6.84,0.000000,1192,0.043890,2719,124.7,2594,0.210,0.209,0.001,-0.7562,-0.3208,-1.7366
El Paso,TX,Texas,41.79,251569,25.95,0.000000,1193,0.082216,2375,-14002.5,3023,0.086,0.956,0.650,-1.5693,1.4508,0.1128
Ellis,TX,Texas,65.05,99557,30.10,0.000000,1194,0.348660,590,12681.8,133,0.390,0.894,0.758,-0.1015,0.3610,0.5148
Fort Bend,TX,Texas,47.88,362524,50.23,0.000000,1195,0.133438,1918,-4166.4,2944,0.137,0.974,0.969,-1.1846,2.2463,2.4632
Frio,TX,Texas,61.88,4945,11.95,0.000000,1196,0.076328,2423,449.9,2400,0.329,0.232,0.035,-0.3015,-0.3173,-1.2425
Galveston,TX,Texas,63.08,158996,34.79,0.000000,1197,0.326079,683,16550.7,79,0.351,0.929,0.849,-0.2259,0.7871,0.9691
Guadalupe,TX,Texas,64.24,85136,31.43,0.000000,1198,0.323010,693,10005.7,217,0.370,0.873,0.789,-0.1527,0.2576,0.6433
Harris,TX,Texas,46.40,1557484,34.24,0.000000,1199,0.121878,2024,-32202.4,3085,0.122,0.999,0.837,-1.2782,10.8134,0.9154
Hays,TX,Texas,46.44,125827,43.15,0.000000,1200,0.112053,2106,-2567.4,2911,0.123,0.911,0.935,-1.2756,0.5493,1.7783
Hidalgo,TX,Texas,50.98,217265,20.63,0.000000,1201,0.162108,1688,1105.8,1899,0.171,0.948,0.416,-0.9894,1.2049,-0.4017
Jeff Davis,TX,Texas,59.79,1169,35.91,0.000000,1202,0.011115,3026,81.9,2615,0.285,0.039,0.860,-0.4332,-0.3444,1.0766
Jefferson,TX,Texas,53.98,86314,19.73,0.000000,1203,0.177625,1564,2004.5,1423,0.203,0.875,0.367,-0.7998,0.2661,-0.4888
Jim Hogg,TX,Texas,45.74,1585,14.81,0.000000,1204,0.006903,3070,-39.7,2670,0.117,0.059,0.118,-1.3198,-0.3414,-0.9655
Jim Wells,TX,Texas,57.55,13268,16.32,0.000000,1205,0.128960,1951,663.8,2208,0.248,0.520,0.189,-0.5747,-0.2576,-0.8193
Kaufman,TX,Texas,63.49,69406,26.50,0.000000,1206,0.302956,795,7545.0,353,0.356,0.851,0.669,-0.2003,0.1448,0.1657
Kleberg,TX,Texas,56.04,10014,23.22,0.000000,1207,0.099675,2221,380.0,2444,0.225,0.443,0.541,-0.6700,-0.2810,-0.1516
La Salle,TX,Texas,60.04,2360,11.81,0.000000,1208,0.029100,2846,170.9,2575,0.291,0.100,0.032,-0.4175,-0.3358,-1.2561
Maverick,TX,Texas,58.97,15745,14.27,0.000000,1209,0.153657,1762,982.4,1984,0.271,0.567,0.098,-0.4851,-0.2399,-1.0176
McLennan,TX,Texas,64.82,99672,28.69,0.000000,1210,0.343296,613,12411.1,138,0.384,0.894,0.727,-0.1162,0.3618,0.3777
Nueces,TX,Texas,55.23,121678,23.81,0.000000,1211,0.195435,1435,3881.1,845,0.215,0.909,0.564,-0.7213,0.5196,-0.0945
Presidio,TX,Texas,34.40,1994,28.02,0.000000,1212,0.003397,3106,-267.6,2745,0.043,0.079,0.711,-2.0352,-0.3384,0.3133
Starr,TX,Texas,57.77,16421,13.58,0.000000,1213,0.146916,1813,852.1,2069,0.252,0.583,0.076,-0.5607,-0.2350,-1.0847
Tarrant,TX,Texas,51.82,823312,34.77,0.000000,1214,0.181090,1536,8039.3,318,0.182,0.995,0.848,-0.9364,5.5498,0.9668
Travis,TX,Texas,29.38,581276,56.56,0.000000,1215,0.024700,2885,-119539.1,3134,0.025,0.988,0.986,-2.3520,3.8146,3.0760
Uvalde,TX,Texas,66.33,9772,19.79,0.000000,1216,0.180994,1539,1404.5,1715,0.418,0.433,0.370,-0.0207,-0.2827,-0.4837
Val Verde,TX,Texas,62.81,14588,22.53,0.000000,1217,0.190356,1471,1473.7,1669,0.348,0.547,0.512,-0.2432,-0.2482,-0.2179
Waller,TX,Texas,61.96,27561,27.90,0.000000,1218,0.236716,1165,2531.1,1217,0.332,0.713,0.707,-0.2965,-0.1552,0.3019
Webb,TX,Texas,50.69,65865,21.38,0.000000,1219,0.140436,1851,232.0,2544,0.166,0.846,0.456,-1.0079,0.1195,-0.3297
Willacy,TX,Texas,51.34,5563,14.05,0.000000,1220,0.046112,2698,39.3,2631,0.176,0.262,0.092,-0.9666,-0.3129,-1.0391
Williamson,TX,Texas,50.35,308469,48.43,0.000000,1221,0.157458,1731,545.3,2305,0.163,0.966,0.961,-1.0291,1.8588,2.2887
Zapata,TX,Texas,60.97,4871,15.18,0.000000,1222,0.070060,2474,397.4,2435,0.310,0.226,0.134,-0.3588,-0.3178,-0.9297
Zavala,TX,Texas,42.44,3492,11.09,0.000000,1223,0.014352,2995,-174.9,2727,0.092,0.156,0.022,-1.5281,-0.3277,-1.3257
Cache,UT,Utah,65.48,60258,42.23,0.000000,1224,0.334400,647,7999.0,322,0.400,0.836,0.929,-0.0744,0.0793,1.6889
Davis,UT,Utah,60.81,166570,39.25,0.000000,1225,0.286431,885,13318.7,122,0.307,0.933,0.903,-0.3690,0.8414,1.4004
Grand,UT,Utah,43.91,5300,37.49,0.000000,1226,0.026104,2870,-203.3,2732,0.104,0.251,0.883,-1.4357,-0.3147,1.2299
Salt Lake,UT,Utah,43.47,509637,39.35,0.000000,1227,0.099485,2225,-21257.3,3052,0.101,0.985,0.905,-1.4629,3.3010,1.4100
San Juan,UT,Utah,57.09,6329,20.47,0.000000,1228,0.071818,2453,292.3,2501,0.241,0.298,0.406,-0.6040,-0.3074,-0.4173
Summit,UT,Utah,41.67,25876,59.83,0.000000,1229,0.058716,2584,-1466.3,2858,0.084,0.699,0.991,-1.5766,-0.1672,3.3922
Wasatch,UT,Utah,62.63,18354,51.34,0.000000,1230,0.212520,1320,1818.4,1503,0.345,0.616,0.973,-0.2543,-0.2212,2.5708
Weber,UT,Utah,60.28,112054,28.49,0.000000,1231,0.267894,980,8374.2,294,0.297,0.902,0.721,-0.4024,0.4506,0.3588
Accomack,VA,Virginia,56.34,17144,21.71,0.000000,1232,0.136116,1890,690.1,2185,0.228,0.597,0.475,-0.6511,-0.2298,-0.2971
Albemarle,VA,Virginia,32.23,66740,61.12,0.000000,1233,0.030492,2835,-10890.0,3007,0.036,0.847,0.993,-2.1721,0.1257,3.5172
Alexandria City,VA,Virginia,20.12,80062,66.16,0.000000,1234,0.006048,3081,-30521.2,3080,0.007,0.864,0.999,-2.9361,0.2212,4.0054
Arlington,VA,Virginia,19.65,128362,77.08,0.000000,1235,0.005472,3087,-50303.7,3103,0.006,0.912,0.999,-2.9660,0.5675,5.0622
Brunswick,VA,Virginia,45.53,7738,16.59,0.000000,1236,0.041067,2741,-205.3,2733,0.117,0.351,0.203,-1.3333,-0.2973,-0.7935
Buckingham,VA,Virginia,61.24,7915,14.51,0.000000,1237,0.112412,2099,667.1,2202,0.314,0.358,0.105,-0.3421,-0.2960,-0.9947
Caroline,VA,Virginia,53.88,17653,21.85,0.000000,1238,0.122210,2018,397.4,2436,0.202,0.605,0.481,-0.8065,-0.2262,-0.2842
Charles City,VA,Virginia,44.16,4341,17.26,0.000000,1239,0.021507,2914,-158.1,2723,0.107,0.201,0.240,-1.4196,-0.3216,-0.7282
Charlotte,VA,Virginia,65.98,6006,20.04,0.000000,1240,0.116156,2073,835.9,2078,0.409,0.284,0.382,-0.0426,-0.3097,-0.4588
Charlottesville City,VA,Virginia,14.71,23303,62.45,0.000000,1241,0.000672,3137,-11964.0,3014,0.001,0.672,0.995,-3.2777,-0.1857,3.6463
Chesapeake City,VA,Virginia,47.49,127493,36.89,0.000000,1242,0.120384,2033,-1762.6,2874,0.132,0.912,0.876,-1.2093,0.5613,1.1716
Chesterfield,VA,Virginia,44.83,209730,43.79,0.000000,1243,0.106785,2157,-6594.8,2969,0.113,0.945,0.938,-1.3771,1.1509,1.8394
Clarke,VA,Virginia,57.67,9782,39.81,0.000000,1244,0.108066,2142,498.8,2351,0.249,0.434,0.908,-0.5674,-0.2826,1.4548
Colonial Heights City,VA,Virginia,65.80,8941,28.04,0.000000,1245,0.161595,1697,1223.0,1824,0.405,0.399,0.712,-0.0544,-0.2886,0.3152
Covington City,VA,Virginia,66.34,2475,9.48,0.000000,1246,0.044726,2710,356.1,2460,0.418,0.107,0.009,-0.0200,-0.3350,-1.4812
Culpeper,VA,Virginia,61.94,28553,27.35,0.000000,1247,0.237930,1157,2615.2,1191,0.330,0.721,0.694,-0.2980,-0.1480,0.2480
Cumberland,VA,Virginia,60.79,5486,20.87,0.000000,1248,0.079254,2399,437.6,2411,0.306,0.259,0.428,-0.3703,-0.3134,-0.3793
Danville City,VA,Virginia,39.02,17667,19.64,0.000000,1249,0.041745,2735,-1442.3,2856,0.069,0.605,0.361,-1.7438,-0.2261,-0.4981
Dinwiddie,VA,Virginia,61.25,15589,19.36,0.000000,1250,0.177660,1562,1316.6,1767,0.315,0.564,0.345,-0.3410,-0.2410,-0.5249
Emporia City,VA,Virginia,34.16,2178,16.00,0.000000,1251,0.003780,3101,-299.1,2751,0.042,0.090,0.171,-2.0506,-0.3371,-0.8503
Essex,VA,Virginia,53.51,6064,16.58,0.000000,1252,0.057024,2601,122.0,2595,0.198,0.288,0.203,-0.8295,-0.3093,-0.7940
Fairfax,VA,Virginia,31.13,584387,64.99,0.000000,1253,0.031648,2826,-104643.7,3131,0.032,0.989,0.998,-2.2420,3.8369,3.8915
Fairfax City,VA,Virginia,32.00,13445,62.36,0.000000,1254,0.018305,2950,-2238.7,2892,0.035,0.523,0.995,-2.1870,-0.2564,3.6372
Falls Church City,VA,Virginia,18.06,8969,80.53,0.000000,1255,0.002005,3121,-3846.3,2941,0.005,0.401,1.000,-3.0662,-0.2884,5.3965
Fauquier,VA,Virginia,60.23,44537,41.68,0.000000,1256,0.234525,1181,3306.0,973,0.295,0.795,0.924,-0.4056,-0.0334,1.6360
Fluvanna,VA,Virginia,52.63,16678,37.28,0.000000,1257,0.111132,2114,242.6,2538,0.189,0.588,0.881,-0.8854,-0.2332,1.2099
Franklin City,VA,Virginia,38.08,3876,27.31,0.000000,1258,0.010850,3029,-354.3,2762,0.062,0.175,0.693,-1.8032,-0.3250,0.2447
Frederick,VA,Virginia,63.64,52040,31.87,0.000000,1259,0.291054,855,5748.2,528,0.358,0.813,0.797,-0.1907,0.0203,0.6859
Fredericksburg City,VA,Virginia,33.20,13495,46.13,0.000000,1260,0.019950,2929,-2023.8,2887,0.038,0.525,0.952,-2.1113,-0.2560,2.0667
Goochland,VA,Virginia,58.73,19616,45.84,0.000000,1261,0.167846,1640,1181.8,1849,0.266,0.631,0.950,-0.5002,-0.2121,2.0386
Greene,VA,Virginia,61.74,12038,31.54,0.000000,1262,0.160056,1714,1077.1,1923,0.324,0.494,0.790,-0.3106,-0.2664,0.6538
Greensville,VA,Virginia,45.07,4296,14.69,0.000000,1263,0.023000,2899,-128.0,2712,0.115,0.200,0.112,-1.3625,-0.3219,-0.9768
Halifax,VA,Virginia,60.19,17844,19.66,0.000000,1264,0.179950,1542,1318.2,1765,0.295,0.610,0.362,-0.4080,-0.2248,-0.4962
Hampton City,VA,Virginia,29.35,62632,28.53,0.000000,1265,0.020160,2926,-12910.5,3019,0.024,0.840,0.723,-2.3540,0.0963,0.3623
Hanover,VA,Virginia,62.35,73087,42.70,0.000000,1266,0.289328,869,7017.1,397,0.338,0.856,0.932,-0.2720,0.1712,1.7346
Harrisonburg City,VA,Virginia,36.34,17245,37.45,0.000000,1267,0.031148,2829,-1910.3,2881,0.052,0.599,0.882,-1.9133,-0.2291,1.2262
Henrico,VA,Virginia,34.81,180642,46.51,0.000000,1268,0.042165,2730,-23321.5,3061,0.045,0.937,0.954,-2.0095,0.9423,2.1030
Henry,VA,Virginia,66.11,25413,15.47,0.000000,1269,0.285928,888,3577.9,914,0.412,0.694,0.149,-0.0348,-0.1706,-0.9013
Hopewell City,VA,Virginia,42.62,9006,13.73,0.000000,1270,0.037882,2769,-438.0,2774,0.094,0.403,0.081,-1.5170,-0.2882,-1.0702
Isle of Wight,VA,Virginia,59.42,24672,30.81,0.000000,1271,0.192080,1457,1640.1,1589,0.280,0.686,0.771,-0.4571,-0.1759,0.5832
James City,VA,Virginia,46.32,50892,51.05,0.000000,1272,0.098252,2238,-1078.1,2835,0.121,0.812,0.972,-1.2831,0.0121,2.5424
King and Queen,VA,Virginia,62.50,4173,18.61,0.000000,1273,0.066006,2511,407.4,2421,0.342,0.193,0.307,-0.2627,-0.3228,-0.5975
King George,VA,Virginia,61.84,15362,34.71,0.000000,1274,0.182793,1525,1391.3,1724,0.327,0.559,0.847,-0.3041,-0.2426,0.9604
Lancaster,VA,Virginia,53.11,7279,41.27,0.000000,1275,0.065520,2516,127.8,2593,0.195,0.336,0.922,-0.8548,-0.3006,1.5959
Lexington City,VA,Virginia,35.98,2863,50.70,0.000000,1276,0.006250,3080,-329.2,2757,0.050,0.125,0.970,-1.9360,-0.3322,2.5085
Loudoun,VA,Virginia,40.36,228208,64.55,0.000000,1277,0.073227,2448,-15647.8,3033,0.077,0.951,0.997,-1.6593,1.2834,3.8495
Louisa,VA,Virginia,62.68,24067,29.66,0.000000,1278,0.234255,1185,2396.6,1264,0.345,0.679,0.749,-0.2514,-0.1802,0.4719
Lunenburg,VA,Virginia,61.13,5879,11.60,0.000000,1279,0.086424,2346,489.2,2358,0.312,0.277,0.029,-0.3487,-0.3106,-1.2758
Lynchburg City,VA,Virginia,53.31,36715,38.49,0.000000,1280,0.150332,1792,691.5,2184,0.196,0.767,0.894,-0.8421,-0.0895,1.3265
Manassas City,VA,Virginia,41.63,16021,32.68,0.000000,1281,0.048132,2672,-913.3,2824,0.084,0.573,0.812,-1.5791,-0.2379,0.7643
Manassas Park City,VA,Virginia,38.78,5967,26.90,0.000000,1282,0.019176,2936,-501.8,2784,0.068,0.282,0.679,-1.7591,-0.3100,0.2045
Martinsville City,VA,Virginia,38.09,5658,22.06,0.000000,1283,0.016492,2975,-516.7,2789,0.062,0.266,0.491,-1.8027,-0.3122,-0.2641
Mecklenburg,VA,Virginia,60.19,16266,20.68,0.000000,1284,0.170520,1615,1201.5,1834,0.294,0.580,0.419,-0.4080,-0.2361,-0.3971
Middlesex,VA,Virginia,63.31,6882,33.83,0.000000,1285,0.112960,2097,734.3,2159,0.353,0.320,0.832,-0.2114,-0.3034,0.8756
Montgomery,VA,Virginia,47.42,46767,48.84,0.000000,1286,0.105062,2167,-665.9,2804,0.131,0.802,0.962,-1.2136,-0.0175,2.3282
Nelson,VA,Virginia,53.30,9388,36.25,0.000000,1287,0.082124,2376,176.1,2570,0.196,0.419,0.867,-0.8428,-0.2854,1.1102
New Kent,VA,Virginia,65.54,16744,38.37,0.000000,1288,0.236590,1166,2235.4,1325,0.401,0.590,0.893,-0.0707,-0.2327,1.3149
Newport News City,VA,Virginia,34.89,75629,30.64,0.000000,1289,0.039514,2757,-9691.4,2994,0.046,0.859,0.769,-2.0047,0.1895,0.5666
Norfolk City,VA,Virginia,28.46,85643,33.47,0.000000,1290,0.019228,2935,-18877.8,3046,0.022,0.874,0.825,-2.4100,0.2613,0.8404
Northampton,VA,Virginia,46.59,6832,31.97,0.000000,1291,0.039750,2753,-132.9,2715,0.125,0.318,0.799,-1.2663,-0.3038,0.6956
Northumberland,VA,Virginia,60.18,8205,33.60,0.000000,1292,0.108780,2134,605.2,2249,0.294,0.370,0.829,-0.4087,-0.2939,0.8538
Nottoway,VA,Virginia,60.82,6853,14.07,0.000000,1293,0.097933,2241,548.6,2300,0.307,0.319,0.093,-0.3685,-0.3036,-1.0370
Orange,VA,Virginia,61.87,22247,29.55,0.000000,1294,0.217136,1280,2021.4,1413,0.328,0.662,0.746,-0.3023,-0.1932,0.4614
Petersburg City,VA,Virginia,13.02,13077,25.40,0.000000,1295,0.000515,3140,-7318.9,2979,0.001,0.515,0.632,-3.3847,-0.2590,0.0592
Portsmouth City,VA,Virginia,29.99,41252,24.32,0.000000,1296,0.021114,2918,-8094.0,2985,0.027,0.782,0.587,-2.3139,-0.0570,-0.0451
Prince Edward,VA,Virginia,50.74,9424,27.27,0.000000,1297,0.070307,2472,36.0,2635,0.167,0.421,0.691,-1.0043,-0.2852,0.2408
Prince George,VA,Virginia,60.18,17596,24.96,0.000000,1298,0.177576,1565,1298.2,1778,0.294,0.604,0.614,-0.4086,-0.2266,0.0173
Prince William,VA,Virginia,39.63,227591,44.92,0.000000,1299,0.068472,2491,-17194.6,3042,0.072,0.951,0.944,-1.7052,1.2789,1.9496
Radford City,VA,Virginia,48.81,6550,37.93,0.000000,1300,0.044515,2713,-40.9,2671,0.145,0.307,0.888,-1.1263,-0.3058,1.2729
Rappahannock,VA,Virginia,58.42,5038,33.32,0.000000,1301,0.062118,2554,289.4,2503,0.261,0.238,0.822,-0.5201,-0.3166,0.8265
Richmond,VA,Virginia,64.82,4161,16.90,0.000000,1302,0.073728,2445,518.0,2327,0.384,0.192,0.221,-0.1163,-0.3229,-0.7628
Richmond City,VA,Virginia,15.76,108143,45.64,0.000000,1303,0.002697,3116,-52559.2,3105,0.003,0.899,0.948,-3.2116,0.4226,2.0184
Roanoke,VA,Virginia,60.67,56789,37.15,0.000000,1304,0.251408,1084,4459.9,724,0.304,0.827,0.879,-0.3780,0.0544,1.1968
Roanoke City,VA,Virginia,37.47,42128,30.03,0.000000,1305,0.044688,2711,-4126.1,2943,0.057,0.784,0.757,-1.8415,-0.0507,0.5083
Rockbridge,VA,Virginia,66.41,12752,32.77,0.000000,1306,0.212940,1316,1845.0,1488,0.420,0.507,0.813,-0.0161,-0.2613,0.7727
Salem City,VA,Virginia,59.09,13148,33.05,0.000000,1307,0.140868,1847,834.5,2080,0.273,0.516,0.818,-0.4777,-0.2585,0.7997
Southampton,VA,Virginia,62.38,9831,20.12,0.000000,1308,0.147030,1812,947.7,2003,0.338,0.435,0.388,-0.2698,-0.2823,-0.4514
Spotsylvania,VA,Virginia,53.69,79209,34.95,0.000000,1309,0.173463,1592,1687.5,1566,0.201,0.863,0.850,-0.8180,0.2151,0.9837
Stafford,VA,Virginia,48.83,83123,43.83,0.000000,1310,0.126005,1991,-508.7,2786,0.145,0.869,0.938,-1.1249,0.2432,1.8441
Staunton City,VA,Virginia,42.60,13562,37.72,0.000000,1311,0.049632,2664,-660.8,2802,0.094,0.528,0.885,-1.5178,-0.2555,1.2520
Suffolk City,VA,Virginia,41.45,53352,33.34,0.000000,1312,0.067894,2499,-3129.7,2927,0.083,0.818,0.823,-1.5909,0.0298,0.8286
Surry,VA,Virginia,49.79,4429,27.06,0.000000,1313,0.032499,2820,-4.8,2656,0.157,0.207,0.684,-1.0647,-0.3210,0.2202
Sussex,VA,Virginia,47.47,4892,16.50,0.000000,1314,0.030096,2838,-68.4,2686,0.132,0.228,0.197,-1.2111,-0.3177,-0.8020
Virginia Beach City,VA,Virginia,48.02,227770,40.94,0.000000,1315,0.130287,1938,-2437.1,2908,0.137,0.951,0.918,-1.1761,1.2802,1.5635
Waynesboro City,VA,Virginia,52.17,11274,25.69,0.000000,1316,0.088615,2326,133.4,2591,0.185,0.479,0.639,-0.9140,-0.2719,0.0877
Westmoreland,VA,Virginia,56.73,10581,22.53,0.000000,1317,0.108100,2141,458.7,2391,0.235,0.460,0.511,-0.6263,-0.2769,-0.2181
Williamsburg City,VA,Virginia,26.99,7851,45.80,0.000000,1318,0.006390,3078,-1925.9,2882,0.018,0.355,0.950,-2.5029,-0.2965,2.0344
Winchester City,VA,Virginia,44.43,11822,31.31,0.000000,1319,0.053900,2622,-407.1,2769,0.110,0.490,0.786,-1.4028,-0.2680,0.6321
York,VA,Virginia,52.41,39540,49.99,0.000000,1320,0.146076,1819,522.9,2322,0.188,0.777,0.968,-0.8992,-0.0693,2.4399
Addison,VT,Vermont,30.26,22607,43.57,0.000000,1321,0.018648,2946,-4340.8,2946,0.028,0.666,0.937,-2.2966,-0.1907,1.8185
Bennington,VT,Vermont,37.17,20710,41.83,0.000000,1322,0.036120,2783,-2098.8,2889,0.056,0.645,0.926,-1.8609,-0.2043,1.6502
Caledonia,VT,Vermont,41.65,16633,33.24,0.000000,1323,0.049308,2669,-946.3,2826,0.084,0.587,0.822,-1.5782,-0.2335,0.8188
Chittenden,VT,Vermont,21.51,97329,56.77,0.000000,1324,0.008019,3057,-34162.7,3086,0.009,0.891,0.986,-2.8486,0.3450,3.0967
Essex,VT,Vermont,55.18,3425,21.53,0.000000,1325,0.032314,2821,108.1,2600,0.214,0.151,0.466,-0.7242,-0.3282,-0.3150
Franklin,VT,Vermont,46.70,26743,30.20,0.000000,1326,0.088956,2322,-500.8,2783,0.126,0.706,0.761,-1.2591,-0.1610,0.5239
Grand Isle,VT,Vermont,37.85,5001,44.04,0.000000,1327,0.014160,2996,-469.3,2778,0.060,0.236,0.940,-1.8176,-0.3169,1.8642
Lamoille,VT,Vermont,30.35,14844,44.27,0.000000,1328,0.016500,2974,-2830.2,2920,0.030,0.550,0.941,-2.2910,-0.2463,1.8867
Orange,VT,Vermont,37.82,17672,38.39,0.000000,1329,0.035754,2789,-1665.0,2867,0.059,0.606,0.893,-1.8198,-0.2260,1.3169
Orleans,VT,Vermont,48.99,14765,30.47,0.000000,1330,0.080850,2385,-77.8,2691,0.147,0.550,0.766,-1.1150,-0.2469,0.5507
Rutland,VT,Vermont,45.70,34102,35.25,0.000000,1331,0.087867,2335,-863.8,2821,0.117,0.751,0.854,-1.3222,-0.1083,1.0133
Washington,VT,Vermont,26.37,35369,48.12,0.000000,1332,0.012128,3011,-9061.7,2990,0.016,0.758,0.960,-2.5420,-0.0992,2.2585
Windham,VT,Vermont,26.71,25933,44.02,0.000000,1333,0.011200,3023,-6486.2,2968,0.016,0.700,0.940,-2.5203,-0.1668,1.8622
Windsor,VT,Vermont,30.50,34289,42.95,0.000000,1334,0.022560,2906,-6459.6,2966,0.030,0.752,0.934,-2.2815,-0.1069,1.7580
Asotin,WA,Washington,61.07,11468,24.67,0.000000,1335,0.150213,1794,947.4,2004,0.311,0.483,0.601,-0.3524,-0.2705,-0.0114
Benton,WA,Washington,59.15,100693,33.20,0.000000,1336,0.246125,1115,6442.5,449,0.275,0.895,0.821,-0.4741,0.3692,0.8148
Chelan,WA,Washington,53.00,42191,31.18,0.000000,1337,0.151312,1779,712.2,2176,0.193,0.784,0.782,-0.8616,-0.0503,0.6187
Clallam,WA,Washington,44.45,48663,31.55,0.000000,1338,0.088880,2324,-1665.9,2868,0.110,0.808,0.791,-1.4011,-0.0039,0.6554
Clark,WA,Washington,44.83,276578,33.34,0.000000,1339,0.107632,2146,-8698.7,2989,0.112,0.961,0.823,-1.3772,1.6301,0.8280
Cowlitz,WA,Washington,58.29,59325,17.62,0.000000,1340,0.216006,1291,3341.6,966,0.259,0.834,0.254,-0.5281,0.0726,-0.6935
Douglas,WA,Washington,61.82,21182,21.49,0.000000,1341,0.212552,1319,1914.0,1458,0.326,0.652,0.463,-0.3053,-0.2009,-0.3186
Ferry,WA,Washington,64.75,4119,15.19,0.000000,1342,0.072770,2450,509.4,2340,0.383,0.190,0.135,-0.1206,-0.3232,-0.9284
Franklin,WA,Washington,59.84,31897,21.09,0.000000,1343,0.211926,1324,2246.7,1320,0.286,0.741,0.441,-0.4305,-0.1241,-0.3576
Grays Harbor,WA,Washington,51.42,37793,18.15,0.000000,1344,0.137416,1878,283.1,2505,0.178,0.772,0.276,-0.9617,-0.0818,-0.6421
Island,WA,Washington,39.98,52449,36.62,0.000000,1345,0.060310,2573,-3788.4,2939,0.074,0.815,0.872,-1.6836,0.0233,1.1457
Jefferson,WA,Washington,25.61,24698,43.93,0.000000,1346,0.009618,3040,-6669.2,2970,0.014,0.687,0.939,-2.5903,-0.1757,1.8530
King,WA,Washington,22.31,1130502,56.73,0.000000,1347,0.010978,3027,-377926.0,3152,0.011,0.998,0.986,-2.7983,7.7522,3.0920
Kitsap,WA,Washington,37.66,156872,37.94,0.000000,1348,0.053882,2623,-15043.9,3030,0.058,0.929,0.888,-1.8296,0.7719,1.2734
Kittitas,WA,Washington,55.27,26499,37.00,0.000000,1349,0.150930,1784,852.5,2068,0.215,0.702,0.877,-0.7189,-0.1628,1.1822
Klickitat,WA,Washington,52.75,13607,31.18,0.000000,1350,0.099981,2218,208.4,2556,0.189,0.529,0.782,-0.8775,-0.2552,0.6190
Lewis,WA,Washington,64.67,45338,21.54,0.000000,1351,0.302860,796,5565.6,551,0.380,0.797,0.466,-0.1253,-0.0277,-0.3136
Mason,WA,Washington,49.41,36689,21.90,0.000000,1352,0.116584,2067,-111.3,2705,0.152,0.767,0.483,-1.0885,-0.0897,-0.2790
Okanogan,WA,Washington,55.74,20732,24.71,0.000000,1353,0.143412,1832,738.7,2157,0.222,0.646,0.603,-0.6893,-0.2041,-0.0067
Pacific,WA,Washington,49.21,14244,24.88,0.000000,1354,0.080850,2386,-57.8,2681,0.150,0.539,0.609,-1.1008,-0.2506,0.0091
Pierce,WA,Washington,42.81,439581,30.89,0.000000,1355,0.094272,2268,-20667.0,3051,0.096,0.982,0.774,-1.5047,2.7988,0.5912
San Juan,WA,Washington,22.22,13006,53.92,0.000000,1356,0.005643,3084,-4371.5,2947,0.011,0.513,0.980,-2.8039,-0.2595,2.8208
Skagit,WA,Washington,43.79,70256,30.20,0.000000,1357,0.087859,2336,-2757.0,2915,0.103,0.853,0.761,-1.4430,0.1509,0.5242
Skamania,WA,Washington,53.85,7355,29.82,0.000000,1358,0.068276,2492,164.4,2580,0.202,0.338,0.754,-0.8079,-0.3000,0.4875
Snohomish,WA,Washington,38.59,418221,38.24,0.000000,1359,0.064680,2526,-36012.7,3092,0.066,0.980,0.892,-1.7714,2.6456,1.3027
Spokane,WA,Washington,50.63,287082,33.09,0.000000,1360,0.159858,1717,921.1,2022,0.166,0.963,0.819,-1.0116,1.7054,0.8041
Thurston,WA,Washington,37.85,164537,38.50,0.000000,1361,0.055980,2607,-15438.6,3032,0.060,0.933,0.895,-1.8175,0.8269,1.3276
Wahkiakum,WA,Washington,57.38,3062,21.85,0.000000,1362,0.032830,2818,148.8,2585,0.245,0.134,0.481,-0.5855,-0.3308,-0.2840
Walla Walla,WA,Washington,52.34,29568,29.77,0.000000,1363,0.135408,1895,379.1,2447,0.186,0.728,0.752,-0.9035,-0.1408,0.4823
Whatcom,WA,Washington,35.70,137868,39.34,0.000000,1364,0.044933,2709,-16309.4,3035,0.049,0.917,0.904,-1.9537,0.6357,1.4092
Whitman,WA,Washington,43.44,20027,49.78,0.000000,1365,0.063800,2533,-841.1,2819,0.100,0.638,0.967,-1.4653,-0.2092,2.4193
Yakima,WA,Washington,55.63,88751,19.15,0.000000,1366,0.193380,1453,3089.5,1030,0.220,0.879,0.333,-0.6962,0.2835,-0.5453
Adams,WI,Wisconsin,60.26,12882,17.54,0.000000,1367,0.150664,1786,960.2,1998,0.296,0.509,0.250,-0.4036,-0.2604,-0.7014
Ashland,WI,Wisconsin,46.80,8955,24.53,0.000000,1368,0.050400,2651,-162.2,2724,0.126,0.400,0.595,-1.2530,-0.2885,-0.0248
Barron,WI,Wisconsin,62.39,26809,23.20,0.000000,1369,0.238966,1151,2585.8,1198,0.338,0.707,0.540,-0.2694,-0.1605,-0.1533
Bayfield,WI,Wisconsin,43.24,11240,35.01,0.000000,1370,0.047421,2679,-489.7,2781,0.099,0.479,0.851,-1.4778,-0.2722,0.9903
Brown,WI,Wisconsin,52.99,149333,33.51,0.000000,1371,0.177408,1566,2507.8,1225,0.192,0.924,0.826,-0.8625,0.7179,0.8448
Buffalo,WI,Wisconsin,64.36,8100,22.12,0.000000,1372,0.136518,1884,963.4,1996,0.373,0.366,0.494,-0.1452,-0.2947,-0.2575
Burnett,WI,Wisconsin,64.83,10810,22.36,0.000000,1373,0.179025,1548,1347.4,1749,0.385,0.465,0.503,-0.1155,-0.2752,-0.2349
Calumet,WI,Wisconsin,59.21,32916,32.96,0.000000,1374,0.206642,1359,2124.2,1374,0.277,0.746,0.817,-0.4703,-0.1168,0.7912
Chippewa,WI,Wisconsin,60.82,38471,24.23,0.000000,1375,0.237311,1161,3080.5,1036,0.307,0.773,0.582,-0.3683,-0.0769,-0.0532
Columbia,WI,Wisconsin,51.52,34914,25.97,0.000000,1376,0.135145,1900,281.9,2507,0.179,0.755,0.651,-0.9552,-0.1024,0.1153
Crawford,WI,Wisconsin,56.16,9105,18.33,0.000000,1377,0.092208,2290,353.5,2462,0.226,0.408,0.289,-0.6627,-0.2875,-0.6250
Dane,WI,Wisconsin,23.35,365929,55.32,0.000000,1378,0.011700,3016,-114571.4,3133,0.012,0.975,0.984,-2.7324,2.2707,2.9559
Dodge,WI,Wisconsin,65.74,50300,20.31,0.000000,1379,0.327240,678,6843.0,411,0.404,0.810,0.397,-0.0581,0.0079,-0.4330
Door,WI,Wisconsin,48.22,20944,37.40,0.000000,1380,0.090211,2314,-200.0,2731,0.139,0.649,0.881,-1.1635,-0.2026,1.2214
Douglas,WI,Wisconsin,46.49,25234,28.39,0.000000,1381,0.085808,2354,-506.8,2785,0.124,0.692,0.719,-1.2724,-0.1718,0.3495
Dunn,WI,Wisconsin,57.35,25678,29.56,0.000000,1382,0.170068,1620,1241.2,1814,0.244,0.697,0.747,-0.5875,-0.1687,0.4625
Eau Claire,WI,Wisconsin,43.89,63177,36.76,0.000000,1383,0.087568,2339,-2430.9,2907,0.104,0.842,0.874,-1.4367,0.1002,1.1595
Fond du Lac,WI,Wisconsin,63.68,58527,22.31,0.000000,1384,0.297498,830,6495.8,442,0.358,0.831,0.500,-0.1878,0.0669,-0.2393
Forest,WI,Wisconsin,66.35,5097,16.14,0.000000,1385,0.100738,2210,733.9,2160,0.418,0.241,0.180,-0.0194,-0.3162,-0.8366
Grant,WI,Wisconsin,58.31,27306,25.59,0.000000,1386,0.184860,1517,1542.9,1636,0.260,0.711,0.637,-0.5269,-0.1570,0.0778
Green,WI,Wisconsin,49.12,22076,27.67,0.000000,1387,0.097828,2242,-101.0,2702,0.148,0.661,0.701,-1.1069,-0.1945,0.2797
Iowa,WI,Wisconsin,45.18,14677,28.43,0.000000,1388,0.063684,2535,-425.2,2771,0.116,0.549,0.720,-1.3553,-0.2475,0.3534
Iron,WI,Wisconsin,62.61,4084,25.97,0.000000,1389,0.064328,2529,403.8,2427,0.344,0.187,0.651,-0.2555,-0.3235,0.1147
Jackson,WI,Wisconsin,59.07,10502,15.89,0.000000,1390,0.124761,1997,665.2,2206,0.273,0.457,0.166,-0.4786,-0.2775,-0.8607
Jefferson,WI,Wisconsin,57.37,50146,28.55,0.000000,1391,0.198450,1417,2434.6,1249,0.245,0.810,0.724,-0.5859,0.0068,0.3643
Juneau,WI,Wisconsin,65.45,14553,16.87,0.000000,1392,0.217854,1277,1926.4,1452,0.399,0.546,0.218,-0.0763,-0.2484,-0.7665
Kenosha,WI,Wisconsin,52.36,90680,31.15,0.000000,1393,0.164934,1662,1172.2,1854,0.187,0.882,0.780,-0.9024,0.2974,0.6163
Kewaunee,WI,Wisconsin,66.22,12484,21.91,0.000000,1394,0.209248,1337,1776.0,1522,0.416,0.503,0.483,-0.0277,-0.2632,-0.2781
La Crosse,WI,Wisconsin,44.63,72261,36.46,0.000000,1395,0.095760,2258,-2381.6,2900,0.112,0.855,0.869,-1.3902,0.1653,1.1298
Lafayette,WI,Wisconsin,59.51,8832,22.64,0.000000,1396,0.110714,2119,595.0,2259,0.281,0.394,0.517,-0.4511,-0.2894,-0.2077
Lincoln,WI,Wisconsin,61.79,17209,19.59,0.000000,1397,0.194350,1442,1548.8,1628,0.325,0.598,0.357,-0.3074,-0.2294,-0.5026
Manitowoc,WI,Wisconsin,60.89,46316,22.64,0.000000,1398,0.247200,1108,3738.3,879,0.309,0.800,0.516,-0.3643,-0.0207,-0.2079
Marathon,WI,Wisconsin,58.63,78826,28.10,0.000000,1399,0.228430,1221,4674.4,691,0.265,0.862,0.713,-0.5069,0.2124,0.3213
Marquette,WI,Wisconsin,64.08,9427,16.22,0.000000,1400,0.154086,1756,1090.3,1910,0.366,0.421,0.183,-0.1627,-0.2852,-0.8292
Menominee,WI,Wisconsin,18.83,1572,18.14,0.000000,1401,0.000348,3143,-645.7,2798,0.006,0.058,0.275,-3.0178,-0.3415,-0.6435
Milwaukee,WI,Wisconsin,29.74,464107,34.69,0.000000,1402,0.025584,2878,-92838.6,3127,0.026,0.984,0.847,-2.3295,2.9746,0.9587
Monroe,WI,Wisconsin,62.32,23369,21.35,0.000000,1403,0.226801,1228,2235.7,1324,0.337,0.673,0.454,-0.2740,-0.1852,-0.3326
Oneida,WI,Wisconsin,58.06,24895,28.75,0.000000,1404,0.176128,1576,1353.6,1743,0.256,0.688,0.730,-0.5424,-0.1743,0.3835
Outagamie,WI,Wisconsin,54.34,111932,32.73,0.000000,1405,0.187616,1492,2871.0,1094,0.208,0.902,0.812,-0.7771,0.4497,0.7688
Ozaukee,WI,Wisconsin,54.36,63472,51.17,0.000000,1406,0.176187,1575,1636.0,1591,0.209,0.843,0.973,-0.7760,0.1023,2.5542
Pepin,WI,Wisconsin,64.26,4354,22.97,0.000000,1407,0.075888,2426,512.9,2334,0.372,0.204,0.533,-0.1512,-0.3215,-0.1753
Pierce,WI,Wisconsin,56.78,25392,33.48,0.000000,1408,0.163090,1678,1109.6,1896,0.235,0.694,0.826,-0.6235,-0.1707,0.8420
Polk,WI,Wisconsin,64.83,28222,24.33,0.000000,1409,0.276430,930,3517.7,925,0.385,0.718,0.587,-0.1155,-0.1504,-0.0443
Portage,WI,Wisconsin,48.52,43258,34.03,0.000000,1410,0.112180,2102,-340.3,2759,0.142,0.790,0.833,-1.1448,-0.0426,0.8955
Price,WI,Wisconsin,65.07,8856,17.90,0.000000,1411,0.154836,1753,1130.7,1884,0.391,0.396,0.267,-0.1000,-0.2893,-0.6662
Racine,WI,Wisconsin,52.33,107686,28.45,0.000000,1412,0.167214,1646,1371.2,1737,0.186,0.899,0.721,-0.9044,0.4193,0.3545
Richland,WI,Wisconsin,55.85,9323,21.20,0.000000,1413,0.092768,2281,340.3,2473,0.223,0.416,0.447,-0.6820,-0.2859,-0.3472
Rock,WI,Wisconsin,45.54,88310,25.81,0.000000,1414,0.102843,2187,-2335.2,2895,0.117,0.879,0.644,-1.3324,0.2804,0.0996
Sauk,WI,Wisconsin,50.02,37584,27.35,0.000000,1415,0.122589,2015,3.0,2650,0.159,0.771,0.694,-1.0501,-0.0833,0.2482
Sawyer,WI,Wisconsin,57.65,11140,27.43,0.000000,1416,0.118275,2053,566.3,2287,0.249,0.475,0.696,-0.5686,-0.2729,0.2557
Sheboygan,WI,Wisconsin,57.37,67562,27.47,0.000000,1417,0.206912,1358,3279.9,979,0.244,0.848,0.697,-0.5859,0.1316,0.2600
St. Croix,WI,Wisconsin,58.60,60642,39.45,0.000000,1418,0.220968,1253,3582.5,911,0.264,0.837,0.906,-0.5085,0.0820,1.4198
Trempealeau,WI,Wisconsin,60.08,16079,20.88,0.000000,1419,0.168475,1634,1170.8,1856,0.293,0.575,0.429,-0.4149,-0.2375,-0.3779
Vernon,WI,Wisconsin,53.03,16609,24.93,0.000000,1420,0.113098,2095,282.6,2506,0.193,0.586,0.613,-0.8603,-0.2337,0.0145
Vilas,WI,Wisconsin,60.97,16135,30.94,0.000000,1421,0.178870,1550,1315.4,1770,0.310,0.577,0.774,-0.3592,-0.2371,0.5959
Walworth,WI,Wisconsin,60.40,60597,32.40,0.000000,1422,0.249964,1091,4600.6,703,0.299,0.836,0.807,-0.3947,0.0817,0.7374
Washburn,WI,Wisconsin,63.42,10978,25.51,0.000000,1423,0.166850,1650,1184.8,1844,0.355,0.470,0.635,-0.2046,-0.2740,0.0702
Waukesha,WI,Wisconsin,59.02,275787,48.88,0.000000,1424,0.261120,1016,17329.1,72,0.272,0.960,0.962,-0.4821,1.6245,2.3322
Waupaca,WI,Wisconsin,66.09,30403,20.51,0.000000,1425,0.301584,805,4273.0,764,0.412,0.732,0.410,-0.0360,-0.1348,-0.4134
Winnebago,WI,Wisconsin,51.57,95371,31.12,0.000000,1426,0.160020,1715,794.3,2111,0.180,0.889,0.779,-0.9523,0.3310,0.6133
Wood,WI,Wisconsin,59.21,42216,21.43,0.000000,1427,0.217445,1279,2727.0,1145,0.277,0.785,0.460,-0.4699,-0.0501,-0.3248
Cabell,WV,West Virginia,59.92,35429,32.56,0.000000,1428,0.219062,1263,2523.7,1219,0.289,0.758,0.810,-0.4253,-0.0987,0.7532
Jefferson,WV,West Virginia,56.84,29156,33.87,0.000000,1429,0.171588,1609,1289.2,1783,0.237,0.724,0.833,-0.6194,-0.1437,0.8796
Kanawha,WV,West Virginia,57.62,75239,29.69,0.000000,1430,0.212784,1317,3806.3,863,0.248,0.858,0.751,-0.5704,0.1867,0.4751
Marion,WV,West Virginia,64.47,24634,27.20,0.000000,1431,0.257250,1039,2962.5,1070,0.375,0.686,0.689,-0.1383,-0.1761,0.2335
Monongalia,WV,West Virginia,50.86,41452,48.90,0.000000,1432,0.132327,1928,185.2,2569,0.169,0.783,0.963,-0.9966,-0.0556,2.3340
Ohio,WV,West Virginia,62.03,18689,33.87,0.000000,1433,0.206460,1361,1730.4,1544,0.333,0.620,0.832,-0.2920,-0.2188,0.8796
Albany,WY,Wyoming,49.95,17877,55.02,0.000000,1434,0.096990,2248,-4.3,2655,0.159,0.610,0.983,-1.0541,-0.2246,2.9266
Laramie,WY,Wyoming,64.72,43362,33.06,0.000000,1435,0.300990,807,5346.1,583,0.381,0.790,0.818,-0.1225,-0.0419,0.8016
Teton,WY,Wyoming,31.12,13286,61.08,0.000000,1436,0.016640,2972,-2381.1,2899,0.032,0.520,0.993,-2.2426,-0.2575,3.5138
Pine,MN,Minnesota,66.67,16911,17.42,-0.000098,1437,0.253638,1068,2505.3,1229,0.427,0.594,0.244,0.0004,-0.2315,-0.7127
Howard,IN,Indiana,66.71,38784,20.82,-0.000214,1438,0.331700,656,5765.8,525,0.428,0.775,0.425,0.0029,-0.0747,-0.3837
Rockingham,VA,Virginia,68.00,48581,29.03,-0.000375,1439,0.364764,519,8084.0,313,0.452,0.807,0.735,0.0843,-0.0045,0.4107
Jackson,SD,South Dakota,66.70,1129,12.43,-0.000789,1440,0.015408,2984,167.7,2577,0.428,0.036,0.046,0.0023,-0.3447,-1.1955
Langlade,WI,Wisconsin,66.72,11664,16.98,-0.000988,1441,0.208436,1348,1736.0,1539,0.428,0.487,0.226,0.0037,-0.2691,-0.7550
Garland,AR,Arkansas,67.00,42327,25.33,-0.001057,1442,0.341124,625,6460.1,448,0.434,0.786,0.630,0.0214,-0.0493,0.0528
Genesee,NY,New York,66.79,28444,23.82,-0.001197,1443,0.308880,762,4259.8,766,0.429,0.720,0.565,0.0080,-0.1488,-0.0930
Pender,NC,North Carolina,66.93,38909,30.61,-0.001260,1444,0.334025,649,5902.0,505,0.431,0.775,0.769,0.0171,-0.0738,0.5636
Calhoun,AL,Alabama,71.76,48653,20.65,-0.001266,1445,0.441429,269,10901.1,182,0.547,0.807,0.418,0.3216,-0.0039,-0.4002
McCracken,KY,Kentucky,66.83,31947,29.04,-0.001299,1446,0.318630,714,4801.1,665,0.430,0.741,0.736,0.0105,-0.1237,0.4121
Sebastian,AR,Arkansas,67.59,45452,23.32,-0.001570,1447,0.354312,568,7302.1,375,0.444,0.798,0.547,0.0584,-0.0269,-0.1416
Carbon,PA,Pennsylvania,66.98,35395,19.20,-0.002007,1448,0.328214,673,5393.2,570,0.433,0.758,0.336,0.0203,-0.0990,-0.5408
Clark,KY,Kentucky,66.82,17885,22.92,-0.002208,1449,0.262730,1009,2685.3,1156,0.430,0.611,0.530,0.0098,-0.2245,-0.1804
Rosebud,MT,Montana,66.77,3693,20.89,-0.002368,1450,0.071214,2457,552.5,2297,0.429,0.166,0.430,0.0073,-0.3263,-0.3774
Benton,MN,Minnesota,66.86,22824,26.22,-0.002381,1451,0.286810,881,3440.3,946,0.430,0.667,0.661,0.0126,-0.1891,0.1393
Vermilion,IL,Illinois,66.93,29549,19.23,-0.002397,1452,0.313337,736,4481.8,720,0.431,0.727,0.337,0.0170,-0.1409,-0.5377
Jessamine,KY,Kentucky,66.91,26685,33.53,-0.002511,1453,0.303424,791,4039.1,814,0.431,0.704,0.827,0.0156,-0.1614,0.8469
Grant,WA,Washington,67.10,36253,18.43,-0.002581,1454,0.331905,655,5582.6,547,0.435,0.763,0.296,0.0278,-0.0928,-0.6152
Custer,CO,Colorado,66.80,3867,43.71,-0.002790,1455,0.074646,2434,579.6,2272,0.429,0.174,0.938,0.0086,-0.3250,1.8320
Anderson,TN,Tennessee,67.26,36548,27.54,-0.003432,1456,0.335508,644,5707.3,535,0.438,0.766,0.698,0.0378,-0.0907,0.2668
Jefferson,MT,Montana,66.87,8291,32.17,-0.003845,1457,0.161625,1696,1250.6,1808,0.431,0.375,0.802,0.0131,-0.2933,0.7146
Columbiana,OH,Ohio,74.10,48053,17.07,-0.003867,1458,0.492466,164,12717.1,132,0.611,0.806,0.231,0.4694,-0.0082,-0.7469
Fremont,WY,Wyoming,66.94,17256,26.50,-0.004117,1459,0.258768,1029,2620.8,1188,0.432,0.599,0.670,0.0180,-0.2290,0.1664
Umatilla,OR,Oregon,67.17,31225,18.31,-0.004126,1460,0.321768,699,4836.7,656,0.436,0.738,0.287,0.0320,-0.1289,-0.6263
Otsego,MI,Michigan,66.95,15971,26.34,-0.004399,1461,0.247104,1109,2427.4,1253,0.432,0.572,0.665,0.0185,-0.2382,0.1505
Gregg,TX,Texas,70.66,46738,22.91,-0.004461,1462,0.412228,356,9643.7,234,0.514,0.802,0.529,0.2525,-0.0177,-0.1813
Craighead,AR,Arkansas,67.54,37242,29.69,-0.004743,1463,0.341436,623,5957.8,501,0.444,0.769,0.751,0.0553,-0.0857,0.4749
Burke,NC,North Carolina,70.08,45847,21.01,-0.005192,1464,0.400800,388,9043.2,264,0.501,0.800,0.438,0.2158,-0.0241,-0.3649
Waushara,WI,Wisconsin,67.01,14363,17.67,-0.005556,1465,0.235228,1174,2194.6,1344,0.434,0.542,0.256,0.0222,-0.2498,-0.6891
Nobles,MN,Minnesota,66.96,8275,17.87,-0.005569,1466,0.161568,1699,1258.6,1802,0.432,0.374,0.266,0.0190,-0.2934,-0.6693
Allen,OH,Ohio,71.60,46369,20.10,-0.006333,1467,0.435744,286,10270.5,203,0.544,0.801,0.387,0.3118,-0.0203,-0.4530
Carteret,NC,North Carolina,70.95,45817,34.52,-0.006572,1468,0.417877,341,9665.1,232,0.523,0.799,0.844,0.2708,-0.0243,0.9420
Jefferson,IN,Indiana,67.10,14327,19.76,-0.007006,1469,0.234900,1176,2206.9,1341,0.435,0.540,0.368,0.0280,-0.2500,-0.4862
Northumberland,PA,Pennsylvania,69.48,43522,19.36,-0.007251,1470,0.383940,448,8186.9,303,0.486,0.790,0.346,0.1781,-0.0407,-0.5249
Crawford,PA,Pennsylvania,69.24,42872,21.07,-0.007390,1471,0.379028,462,7909.7,329,0.481,0.788,0.440,0.1628,-0.0454,-0.3593
Henry,IA,Iowa,67.07,9600,22.95,-0.007398,1472,0.185310,1509,1474.7,1668,0.435,0.426,0.531,0.0261,-0.2839,-0.1774
Monroe,IL,Illinois,67.24,20902,38.66,-0.007456,1473,0.283613,896,3259.1,984,0.437,0.649,0.896,0.0367,-0.2029,1.3437
Barrow,GA,Georgia,69.95,43934,21.22,-0.007830,1474,0.394416,411,8574.5,284,0.498,0.792,0.449,0.2073,-0.0378,-0.3448
Indiana,PA,Pennsylvania,69.18,42229,26.99,-0.007956,1475,0.376015,475,7754.1,338,0.479,0.785,0.682,0.1591,-0.0500,0.2135
Floyd,GA,Georgia,70.70,44738,25.90,-0.008164,1476,0.410736,361,9259.9,250,0.516,0.796,0.648,0.2551,-0.0320,0.1080
Oconee,GA,Georgia,67.52,27287,55.88,-0.008519,1477,0.314973,729,4358.7,749,0.443,0.711,0.984,0.0542,-0.1571,3.0096
Camden,GA,Georgia,67.51,26393,24.55,-0.008813,1478,0.310543,754,4214.0,773,0.443,0.701,0.597,0.0539,-0.1635,-0.0224
Assumption,LA,Louisiana,67.17,10367,13.81,-0.008873,1479,0.196636,1426,1605.5,1604,0.436,0.451,0.084,0.0319,-0.2784,-1.0626
Shawano,WI,Wisconsin,67.45,23500,19.09,-0.009148,1480,0.297908,826,3730.2,881,0.442,0.674,0.330,0.0496,-0.1843,-0.5509
Jackson,GA,Georgia,77.25,47243,27.82,-0.009388,1481,0.565212,60,15368.6,92,0.703,0.804,0.704,0.6684,-0.0140,0.2941
De Soto,LA,Louisiana,67.27,13913,16.04,-0.009707,1482,0.233454,1188,2174.3,1356,0.438,0.533,0.174,0.0384,-0.2530,-0.8463
Madison,VA,Virginia,67.20,8439,27.01,-0.009957,1483,0.166116,1654,1310.9,1772,0.436,0.381,0.683,0.0341,-0.2922,0.2153
Wichita,TX,Texas,71.45,44530,25.07,-0.010129,1484,0.427710,315,9754.6,229,0.538,0.795,0.620,0.3024,-0.0335,0.0276
Hancock,OH,Ohio,68.66,37943,30.27,-0.010191,1485,0.359752,544,6675.9,429,0.466,0.772,0.763,0.1262,-0.0807,0.5306
Rogers,OK,Oklahoma,76.63,46902,26.68,-0.010375,1486,0.550858,76,14670.6,102,0.686,0.803,0.674,0.6292,-0.0165,0.1840
Marshall,IL,Illinois,67.23,6127,18.02,-0.011050,1487,0.127167,1981,954.1,2002,0.437,0.291,0.271,0.0358,-0.3088,-0.6550
Clarke,MS,Mississippi,67.27,7571,17.53,-0.011486,1488,0.151110,1783,1183.3,1848,0.438,0.345,0.248,0.0385,-0.2985,-0.7026
Tom Green,TX,Texas,73.47,45460,25.47,-0.011525,1489,0.477003,190,11517.6,164,0.597,0.799,0.634,0.4296,-0.0268,0.0661
Union,IA,Iowa,67.25,6013,23.35,-0.011611,1490,0.124545,2000,938.6,2012,0.437,0.285,0.548,0.0375,-0.3096,-0.1392
Dickinson,MI,Michigan,67.42,15312,25.31,-0.011717,1491,0.246078,1116,2425.8,1254,0.441,0.558,0.629,0.0482,-0.2430,0.0512
Hunt,TX,Texas,77.33,46733,22.62,-0.011913,1492,0.565506,59,15272.0,93,0.706,0.801,0.515,0.6730,-0.0177,-0.2095
San Patricio,TX,Texas,67.78,25579,17.53,-0.011950,1493,0.311808,750,4178.1,777,0.448,0.696,0.249,0.0706,-0.1694,-0.7019
Tuscarawas,OH,Ohio,71.25,43023,19.80,-0.012817,1494,0.418959,339,9279.3,247,0.531,0.789,0.371,0.2893,-0.0443,-0.4824
Fulton,NY,New York,67.79,23953,20.91,-0.012872,1495,0.303744,790,3915.5,839,0.448,0.678,0.431,0.0711,-0.1810,-0.3753
Wright,IA,Iowa,67.32,5723,24.88,-0.013077,1496,0.118091,2059,898.8,2035,0.439,0.269,0.610,0.0420,-0.3117,0.0096
Herkimer,NY,New York,68.08,28725,22.68,-0.013186,1497,0.327788,676,4815.7,660,0.454,0.722,0.519,0.0898,-0.1468,-0.2034
Montcalm,MI,Michigan,68.72,34845,16.02,-0.013388,1498,0.352118,575,6161.6,473,0.467,0.754,0.172,0.1301,-0.1029,-0.8481
Wayne,PA,Pennsylvania,68.17,29444,23.42,-0.013466,1499,0.331512,657,4971.0,628,0.456,0.727,0.551,0.0951,-0.1417,-0.1319
Jefferson,KS,Kansas,67.43,9927,24.61,-0.013721,1500,0.194040,1448,1573.8,1614,0.441,0.440,0.598,0.0487,-0.2816,-0.0170
Bryan,GA,Georgia,67.90,24651,36.13,-0.013770,1501,0.308700,764,4068.7,806,0.450,0.686,0.862,0.0782,-0.1760,1.0986
Lee,MS,Mississippi,68.87,35338,28.61,-0.013890,1502,0.355790,563,6328.2,457,0.470,0.757,0.725,0.1397,-0.0994,0.3707
Monroe,MS,Mississippi,67.59,16069,16.41,-0.013936,1503,0.254856,1061,2582.5,1200,0.444,0.574,0.193,0.0587,-0.2375,-0.8108
Fremont,CO,Colorado,67.97,25470,21.97,-0.014107,1504,0.314140,734,4230.5,769,0.452,0.695,0.486,0.0829,-0.1701,-0.2719
Green Lake,WI,Wisconsin,67.48,11052,22.84,-0.014169,1505,0.208182,1350,1759.5,1528,0.442,0.471,0.526,0.0518,-0.2735,-0.1884
Williamson,IL,Illinois,68.60,33068,26.25,-0.014189,1506,0.347355,597,5790.9,522,0.465,0.747,0.663,0.1227,-0.1157,0.1417
Houston,AL,Alabama,73.21,44349,23.05,-0.014384,1507,0.469254,209,11035.8,177,0.591,0.794,0.535,0.4134,-0.0348,-0.1681
Muskogee,OK,Oklahoma,67.95,24357,18.82,-0.014472,1508,0.307582,770,4036.5,815,0.451,0.682,0.315,0.0812,-0.1781,-0.5774
Red Lake,MN,Minnesota,67.34,2116,18.64,-0.014571,1509,0.037315,2771,332.9,2479,0.439,0.085,0.308,0.0432,-0.3376,-0.5943
Tift,GA,Georgia,67.67,16989,20.97,-0.014679,1510,0.264924,997,2748.7,1140,0.446,0.594,0.436,0.0636,-0.2309,-0.3687
Etowah,AL,Alabama,77.28,46137,18.09,-0.014719,1511,0.564000,62,15030.0,95,0.705,0.800,0.272,0.6698,-0.0220,-0.6483
Webster,LA,Louisiana,67.66,16205,13.28,-0.014991,1512,0.257655,1034,2621.2,1187,0.445,0.579,0.068,0.0634,-0.2366,-1.1133
Augusta,VA,Virginia,73.33,44223,25.08,-0.015024,1513,0.470249,206,11096.2,175,0.593,0.793,0.621,0.4209,-0.0357,0.0285
Caroline,MD,Maryland,67.69,16330,16.23,-0.015246,1514,0.259126,1025,2646.2,1173,0.446,0.581,0.184,0.0647,-0.2357,-0.8284
Gila,AZ,Arizona,68.24,27698,18.73,-0.015366,1515,0.326298,682,4705.1,685,0.457,0.714,0.311,0.0997,-0.1542,-0.5858
Richland,ND,North Dakota,67.50,8261,24.86,-0.015518,1516,0.165239,1659,1317.1,1766,0.443,0.373,0.608,0.0529,-0.2935,0.0071
McLeod,MN,Minnesota,67.90,21199,20.19,-0.015701,1517,0.293850,846,3498.8,934,0.450,0.653,0.391,0.0782,-0.2008,-0.4444
Tooele,UT,Utah,69.06,34006,22.94,-0.016487,1518,0.357476,557,6181.7,471,0.476,0.751,0.531,0.1513,-0.1089,-0.1780
Marion,IA,Iowa,67.92,19566,32.11,-0.016876,1519,0.283950,894,3234.6,996,0.450,0.631,0.801,0.0794,-0.2125,0.7093
Seneca,OH,Ohio,68.25,25263,20.59,-0.017175,1520,0.316701,719,4293.8,757,0.457,0.693,0.414,0.1001,-0.1716,-0.4056
Allegany,MD,Maryland,68.90,32137,21.09,-0.017258,1521,0.349953,583,5764.8,526,0.471,0.743,0.440,0.1411,-0.1223,-0.3577
Amherst,VA,Virginia,67.86,17303,24.69,-0.017331,1522,0.269849,969,2846.4,1101,0.449,0.601,0.602,0.0758,-0.2287,-0.0087
Columbia,AR,Arkansas,67.59,7940,21.93,-0.017443,1523,0.159396,1723,1276.6,1792,0.444,0.359,0.484,0.0590,-0.2958,-0.2764
Klamath,OR,Oregon,69.48,35515,22.68,-0.017445,1524,0.368874,504,6678.4,428,0.486,0.759,0.520,0.1778,-0.0981,-0.2032
Cass,NE,Nebraska,67.82,15755,32.16,-0.017547,1525,0.255032,1059,2582.6,1199,0.449,0.568,0.802,0.0732,-0.2398,0.7144
Faribault,MN,Minnesota,67.61,7761,21.84,-0.017758,1526,0.156640,1736,1249.2,1809,0.445,0.352,0.481,0.0598,-0.2971,-0.2849
Davison,SD,South Dakota,67.65,9177,22.62,-0.017878,1527,0.182895,1524,1482.2,1664,0.445,0.411,0.516,0.0623,-0.2870,-0.2091
Marinette,WI,Wisconsin,68.28,24415,19.77,-0.018139,1528,0.312814,741,4160.7,783,0.458,0.683,0.369,0.1021,-0.1777,-0.4853
Nez Perce,ID,Idaho,68.08,20135,27.15,-0.018612,1529,0.290106,864,3373.3,961,0.454,0.639,0.687,0.0893,-0.2084,0.2287
Ross,OH,Ohio,69.24,32932,17.40,-0.018963,1530,0.358826,549,6073.6,488,0.481,0.746,0.243,0.1626,-0.1166,-0.7149
Hall,NE,Nebraska,68.26,22804,21.49,-0.019106,1531,0.305028,782,3880.4,846,0.458,0.666,0.463,0.1010,-0.1893,-0.3188
Warren,VA,Virginia,68.26,22561,24.98,-0.019275,1532,0.305028,783,3838.8,856,0.458,0.666,0.615,0.1009,-0.1910,0.0192
Wyoming,PA,Pennsylvania,67.91,15052,22.14,-0.019330,1533,0.249300,1093,2486.8,1236,0.450,0.554,0.495,0.0790,-0.2448,-0.2559
Atchison,KS,Kansas,67.69,7255,21.83,-0.019569,1534,0.148518,1802,1176.2,1851,0.446,0.333,0.480,0.0651,-0.3007,-0.2863
Ravalli,MT,Montana,68.94,29904,28.68,-0.019938,1535,0.345290,608,5385.5,573,0.473,0.730,0.727,0.1441,-0.1384,0.3773
Macon,NC,North Carolina,68.30,21934,27.91,-0.020234,1536,0.303140,792,3745.0,875,0.460,0.659,0.707,0.1035,-0.1955,0.3029
Clare,MI,Michigan,68.09,17288,12.88,-0.020695,1537,0.272400,949,2900.7,1082,0.454,0.600,0.058,0.0904,-0.2288,-1.1521
Lauderdale,AL,Alabama,74.95,43637,29.82,-0.020880,1538,0.502285,138,12235.9,139,0.635,0.791,0.754,0.5234,-0.0399,0.4870
Calloway,KY,Kentucky,68.10,16945,31.18,-0.020965,1539,0.270270,967,2844.0,1102,0.455,0.594,0.783,0.0907,-0.2313,0.6196
Lincoln,MN,Minnesota,67.70,3235,25.75,-0.021565,1540,0.063027,2544,524.7,2320,0.447,0.141,0.642,0.0654,-0.3296,0.0933
Wood,WV,West Virginia,70.70,37313,24.11,-0.021723,1541,0.396550,404,7721.0,341,0.515,0.770,0.578,0.2549,-0.0852,-0.0648
Muskingum,OH,Ohio,71.56,39331,20.58,-0.021899,1542,0.420592,334,8687.5,277,0.542,0.776,0.413,0.3094,-0.0708,-0.4068
Bullitt,KY,Kentucky,74.75,43209,19.47,-0.021933,1543,0.494703,157,11951.4,149,0.627,0.789,0.352,0.5105,-0.0430,-0.5144
Butler,KS,Kansas,69.57,32236,32.37,-0.022319,1544,0.363816,523,6105.8,485,0.489,0.744,0.807,0.1835,-0.1216,0.7344
Macoupin,IL,Illinois,68.58,23425,20.27,-0.022395,1545,0.312736,743,4094.2,800,0.464,0.674,0.395,0.1212,-0.1848,-0.4367
Whitfield,GA,Georgia,71.95,39828,20.23,-0.022418,1546,0.428904,309,9049.3,262,0.552,0.777,0.394,0.3336,-0.0672,-0.4406
Chickasaw,IA,Iowa,67.86,6239,21.17,-0.023389,1547,0.132455,1926,1026.6,1959,0.449,0.295,0.446,0.0759,-0.3080,-0.3499
Caldwell,NC,North Carolina,75.81,43540,18.79,-0.023443,1548,0.525224,95,12919.5,125,0.664,0.791,0.313,0.5775,-0.0406,-0.5801
Cape Girardeau,MO,Missouri,72.65,40353,33.09,-0.023962,1549,0.445588,259,9645.7,233,0.572,0.779,0.819,0.3777,-0.0634,0.8044
Boyd,KY,Kentucky,68.56,20951,20.03,-0.024220,1550,0.301600,804,3654.1,892,0.464,0.650,0.382,0.1196,-0.2025,-0.4597
Simpson,MS,Mississippi,68.07,11094,16.74,-0.024355,1551,0.214269,1305,1858.2,1480,0.453,0.473,0.210,0.0891,-0.2732,-0.7787
Union,OR,Oregon,68.22,14574,26.09,-0.024395,1552,0.249522,1092,2471.1,1243,0.457,0.546,0.655,0.0983,-0.2483,0.1264
Nacogdoches,TX,Texas,68.96,25486,28.19,-0.024668,1553,0.328735,670,4595.6,705,0.473,0.695,0.714,0.1451,-0.1700,0.3297
Harrison,WV,West Virginia,69.44,29495,27.20,-0.024742,1554,0.351868,578,5527.6,558,0.484,0.727,0.690,0.1751,-0.1413,0.2342
Gloucester,VA,Virginia,68.76,23149,25.27,-0.024787,1555,0.313092,737,4107.5,794,0.468,0.669,0.626,0.1327,-0.1868,0.0466
Guthrie,IA,Iowa,67.95,6543,25.04,-0.024903,1556,0.138457,1873,1084.6,1919,0.451,0.307,0.618,0.0814,-0.3058,0.0247
Floyd,VA,Virginia,68.06,9625,24.37,-0.025106,1557,0.193884,1450,1610.7,1600,0.453,0.428,0.589,0.0885,-0.2837,-0.0400
Lawrence,MS,Mississippi,67.95,6053,13.19,-0.025175,1558,0.129437,1947,1003.3,1967,0.451,0.287,0.066,0.0814,-0.3093,-1.1220
Clark,WI,Wisconsin,68.32,15340,13.00,-0.025499,1559,0.256680,1044,2624.5,1184,0.460,0.558,0.060,0.1050,-0.2428,-1.1411
Victoria,TX,Texas,70.82,35315,19.90,-0.026131,1560,0.392126,423,7375.2,371,0.518,0.757,0.375,0.2625,-0.0996,-0.4732
Oconee,SC,South Carolina,75.18,42264,28.65,-0.026724,1561,0.506970,129,12026.0,146,0.645,0.786,0.727,0.5373,-0.0497,0.3743
Lauderdale,TN,Tennessee,68.15,8266,11.98,-0.027529,1562,0.169715,1626,1393.2,1722,0.455,0.373,0.036,0.0938,-0.2935,-1.2396
Laurens,SC,South Carolina,69.87,30213,17.59,-0.027578,1563,0.361845,535,5861.7,512,0.495,0.731,0.252,0.2026,-0.1361,-0.6960
Johnson,MO,Missouri,69.05,23602,29.13,-0.027717,1564,0.320625,704,4288.7,759,0.475,0.675,0.737,0.1510,-0.1835,0.4205
Pend Oreille,WA,Washington,68.18,8545,20.93,-0.027959,1565,0.176928,1570,1444.3,1691,0.456,0.388,0.434,0.0959,-0.2915,-0.3727
Ector,TX,Texas,76.10,42615,17.63,-0.028120,1566,0.528864,91,12880.6,126,0.672,0.787,0.255,0.5955,-0.0472,-0.6924
Reeves,TX,Texas,68.04,3439,7.40,-0.028631,1567,0.068704,2488,574.6,2279,0.452,0.152,0.002,0.0873,-0.3281,-1.6829
Meade,KS,Kansas,68.79,18685,26.52,-0.029447,1568,0.290160,860,3323.6,968,0.468,0.620,0.671,0.1346,-0.2188,0.1685
Montgomery,NC,North Carolina,68.48,13206,19.18,-0.029701,1569,0.239834,1145,2289.7,1303,0.463,0.518,0.335,0.1151,-0.2581,-0.5422
Elmore,AL,Alabama,75.37,41624,25.39,-0.029873,1570,0.510384,118,12001.3,147,0.651,0.784,0.631,0.5499,-0.0543,0.0588
Ford,KS,Kansas,68.29,8224,20.68,-0.030177,1571,0.170289,1617,1402.7,1717,0.459,0.371,0.419,0.1027,-0.2938,-0.3975
Isanti,MN,Minnesota,69.55,25918,20.71,-0.030481,1572,0.341600,621,4903.5,634,0.488,0.700,0.421,0.1826,-0.1669,-0.3945
Kiowa,KS,Kansas,68.30,7921,28.34,-0.030615,1573,0.164322,1668,1352.3,1744,0.459,0.358,0.718,0.1034,-0.2960,0.3445
Terrebonne,LA,Louisiana,75.29,41327,18.68,-0.030741,1574,0.508167,127,11849.0,154,0.649,0.783,0.309,0.5445,-0.0565,-0.5908
Audubon,IA,Iowa,68.14,3249,20.82,-0.030849,1575,0.064610,2527,547.5,2302,0.455,0.142,0.425,0.0936,-0.3295,-0.3841
Plaquemines,LA,Louisiana,68.41,9945,21.51,-0.031010,1576,0.203280,1387,1713.1,1553,0.462,0.440,0.464,0.1102,-0.2814,-0.3169
Tehama,CA,California,69.74,26532,19.29,-0.031569,1577,0.346579,603,5094.0,611,0.493,0.703,0.342,0.1942,-0.1625,-0.5317
Pittsylvania,VA,Virginia,71.29,34100,16.10,-0.031631,1578,0.400283,392,7379.5,370,0.533,0.751,0.178,0.2921,-0.1083,-0.8403
Walker,TX,Texas,69.57,25175,21.57,-0.031660,1579,0.337899,634,4770.2,670,0.489,0.691,0.468,0.1838,-0.1723,-0.3111
Madison,IA,Iowa,68.45,10028,27.15,-0.031691,1580,0.205572,1367,1733.5,1540,0.463,0.444,0.686,0.1128,-0.2809,0.2286
Lyon,NV,Nevada,71.14,33541,16.97,-0.031736,1581,0.396221,407,7176.8,387,0.529,0.749,0.226,0.2827,-0.1123,-0.7561
Sevier,TN,Tennessee,80.07,43970,21.83,-0.031738,1582,0.620136,27,16954.0,75,0.783,0.792,0.480,0.8461,-0.0375,-0.2857
Jones,GA,Georgia,68.85,16092,19.92,-0.032769,1583,0.269675,971,2875.3,1090,0.469,0.575,0.376,0.1380,-0.2374,-0.4710
Hardin,IA,Iowa,68.44,8460,21.94,-0.032800,1584,0.176946,1569,1461.4,1676,0.462,0.383,0.484,0.1123,-0.2921,-0.2753
Rusk,WI,Wisconsin,68.44,8270,16.92,-0.032961,1585,0.173162,1595,1428.6,1700,0.463,0.374,0.222,0.1123,-0.2935,-0.7615
Warren,PA,Pennsylvania,69.22,20723,19.92,-0.033013,1586,0.310726,753,3817.6,859,0.481,0.646,0.376,0.1617,-0.2042,-0.4708
Hendry,FL,Florida,68.74,13460,12.18,-0.033701,1587,0.244764,1123,2384.6,1269,0.468,0.523,0.039,0.1315,-0.2562,-1.2200
Wilkin,MN,Minnesota,68.30,3353,22.96,-0.033953,1588,0.067932,2498,572.3,2284,0.459,0.148,0.532,0.1033,-0.3287,-0.1769
Twin Falls,ID,Idaho,73.04,37383,23.52,-0.034102,1589,0.448140,253,9188.9,256,0.582,0.770,0.555,0.4025,-0.0847,-0.1223
Clearfield,PA,Pennsylvania,75.39,40430,20.24,-0.034648,1590,0.508560,126,11670.3,158,0.652,0.780,0.394,0.5509,-0.0629,-0.4402
Spink,SD,South Dakota,68.33,3139,28.22,-0.034878,1591,0.063480,2537,537.5,2308,0.460,0.138,0.715,0.1056,-0.3302,0.3326
St. Martin,LA,Louisiana,69.85,25006,16.76,-0.034885,1592,0.341550,622,4842.5,653,0.495,0.690,0.212,0.2011,-0.1735,-0.7763
Tuscola,MI,Michigan,70.85,30717,16.33,-0.035063,1593,0.380427,459,6431.4,450,0.519,0.733,0.190,0.2646,-0.1325,-0.8182
Grant,IN,Indiana,69.88,25156,20.33,-0.035067,1594,0.342736,617,4885.7,638,0.496,0.691,0.399,0.2034,-0.1724,-0.4314
Coryell,TX,Texas,69.75,23926,19.35,-0.035312,1595,0.334254,648,4597.3,704,0.493,0.678,0.344,0.1949,-0.1812,-0.5261
Nye,NV,Nevada,70.18,26997,13.35,-0.035338,1596,0.357336,558,5365.8,577,0.504,0.709,0.070,0.2220,-0.1592,-1.1069
Marion,OH,Ohio,70.25,27359,14.74,-0.035446,1597,0.359055,548,5467.2,563,0.505,0.711,0.115,0.2264,-0.1566,-0.9718
Wagoner,OK,Oklahoma,73.99,38501,27.72,-0.035483,1598,0.470592,205,10113.2,213,0.608,0.774,0.702,0.4625,-0.0767,0.2838
Lafayette,AR,Arkansas,68.34,2325,9.01,-0.035712,1599,0.045178,2707,398.4,2433,0.461,0.098,0.007,0.1063,-0.3361,-1.5267
Bent,CO,Colorado,68.34,2189,15.71,-0.035765,1600,0.041951,2733,375.0,2448,0.461,0.091,0.158,0.1061,-0.3371,-0.8779
Henderson,IL,Illinois,68.39,3464,20.64,-0.035776,1601,0.070994,2464,595.9,2258,0.461,0.154,0.417,0.1091,-0.3279,-0.4015
Stevens,WA,Washington,70.43,28246,22.18,-0.035783,1602,0.365971,513,5727.0,531,0.509,0.719,0.497,0.2382,-0.1502,-0.2523
Newaygo,MI,Michigan,70.65,29201,18.13,-0.036084,1603,0.372650,490,6018.9,493,0.514,0.725,0.274,0.2516,-0.1434,-0.6446
Defiance,OH,Ohio,69.44,19156,19.01,-0.037789,1604,0.303125,793,3591.4,908,0.485,0.625,0.325,0.1754,-0.2154,-0.5592
Mills,IA,Iowa,68.71,8253,30.97,-0.038055,1605,0.173724,1591,1458.5,1681,0.467,0.372,0.776,0.1296,-0.2936,0.5986
Jefferson,OH,Ohio,71.38,31267,20.31,-0.038257,1606,0.395568,409,6809.8,414,0.536,0.738,0.398,0.2975,-0.1286,-0.4328
St. Clair,AL,Alabama,81.56,43526,21.38,-0.038263,1607,0.657321,14,18278.4,63,0.831,0.791,0.456,0.9403,-0.0407,-0.3297
Potter,TX,Texas,71.63,32121,18.57,-0.038370,1608,0.404935,380,7127.5,392,0.545,0.743,0.304,0.3133,-0.1225,-0.6019
Grady,GA,Georgia,68.90,10718,16.42,-0.039043,1609,0.218536,1267,1923.7,1454,0.472,0.463,0.193,0.1415,-0.2759,-0.8095
Gage,NE,Nebraska,68.92,10916,23.13,-0.039092,1610,0.220424,1258,1961.6,1439,0.472,0.467,0.539,0.1424,-0.2745,-0.1600
Franklin,KS,Kansas,69.04,12708,24.57,-0.039211,1611,0.240350,1141,2305.7,1299,0.475,0.506,0.597,0.1499,-0.2616,-0.0207
Delaware,IA,Iowa,68.89,10138,22.56,-0.039394,1612,0.210537,1331,1817.6,1504,0.471,0.447,0.513,0.1407,-0.2801,-0.2151
Martin,MN,Minnesota,68.93,10796,23.77,-0.039488,1613,0.219472,1262,1942.5,1446,0.473,0.464,0.563,0.1434,-0.2753,-0.0980
Storey,NV,Nevada,68.55,3075,31.24,-0.039496,1614,0.063104,2543,536.2,2309,0.464,0.136,0.784,0.1194,-0.3307,0.6247
Lafourche,LA,Louisiana,80.43,42845,21.12,-0.039601,1615,0.627248,21,16869.9,76,0.796,0.788,0.442,0.8689,-0.0456,-0.3545
Washington,OH,Ohio,71.49,31000,21.89,-0.039745,1616,0.397635,398,6808.1,415,0.541,0.735,0.482,0.3046,-0.1305,-0.2797
Scott,KS,Kansas,68.63,4565,28.72,-0.039796,1617,0.099510,2224,801.2,2105,0.465,0.214,0.730,0.1244,-0.3200,0.3807
Rock,MN,Minnesota,68.68,5373,26.26,-0.039984,1618,0.118364,2052,946.6,2006,0.466,0.254,0.664,0.1272,-0.3142,0.1431
Venango,PA,Pennsylvania,70.64,26732,19.07,-0.040435,1619,0.361665,536,5505.7,560,0.513,0.705,0.327,0.2510,-0.1611,-0.5531
Putnam,FL,Florida,73.61,36272,14.49,-0.040652,1620,0.457037,233,9280.8,246,0.599,0.763,0.105,0.4385,-0.0927,-0.9967
Montgomery,IA,Iowa,68.70,5074,20.38,-0.040785,1621,0.111374,2111,895.9,2038,0.466,0.239,0.401,0.1289,-0.3164,-0.4261
Osage,OK,Oklahoma,69.83,20628,22.73,-0.040940,1622,0.318136,716,3988.5,827,0.494,0.644,0.521,0.1998,-0.2049,-0.1987
Washington,LA,Louisiana,69.61,18455,12.81,-0.040990,1623,0.302820,797,3506.4,932,0.490,0.618,0.056,0.1860,-0.2204,-1.1589
Codington,SD,South Dakota,69.20,13510,21.37,-0.041019,1624,0.252480,1077,2484.4,1237,0.480,0.526,0.456,0.1603,-0.2559,-0.3300
Perquimans,NC,North Carolina,68.85,7666,21.69,-0.041138,1625,0.163560,1674,1369.9,1738,0.470,0.348,0.474,0.1381,-0.2978,-0.2994
Dubois,IN,Indiana,69.94,21424,25.70,-0.041159,1626,0.325038,687,4177.9,778,0.497,0.654,0.640,0.2067,-0.1991,0.0891
Knox,OH,Ohio,71.99,32104,24.65,-0.041231,1627,0.411068,360,7318.0,373,0.554,0.742,0.600,0.3364,-0.1226,-0.0125
Beadle,SD,South Dakota,68.84,7010,27.16,-0.041693,1628,0.151956,1773,1252.2,1807,0.469,0.324,0.688,0.1378,-0.3025,0.2305
Huron,MI,Michigan,69.71,18969,18.52,-0.041763,1629,0.306024,779,3634.8,897,0.492,0.622,0.301,0.1927,-0.2168,-0.6062
Bowie,TX,Texas,74.01,36644,23.62,-0.041780,1630,0.466494,215,9641.6,235,0.609,0.766,0.558,0.4641,-0.0900,-0.1125
Putnam,TN,Tennessee,73.14,34939,29.79,-0.041801,1631,0.443185,266,8649.3,278,0.587,0.755,0.753,0.4088,-0.1023,0.4842
Natrona,WY,Wyoming,72.73,33921,27.66,-0.041963,1632,0.431250,299,8157.3,307,0.575,0.750,0.700,0.3830,-0.1096,0.2787
Otoe,NE,Nebraska,68.93,8198,27.22,-0.042132,1633,0.174640,1583,1474.9,1667,0.472,0.370,0.690,0.1433,-0.2940,0.2356
Lyman,SD,South Dakota,68.62,1447,24.55,-0.042443,1634,0.025110,2881,253.8,2529,0.465,0.054,0.596,0.1240,-0.3424,-0.0230
Nelson,KY,Kentucky,70.24,22852,23.81,-0.042711,1635,0.337340,636,4565.0,711,0.505,0.668,0.564,0.2261,-0.1889,-0.0940
Cowley,KS,Kansas,69.31,13505,24.52,-0.042754,1636,0.254058,1066,2505.1,1230,0.483,0.526,0.595,0.1671,-0.2559,-0.0251
Hempstead,AR,Arkansas,68.86,6089,16.34,-0.042942,1637,0.135830,1892,1089.2,1912,0.470,0.289,0.190,0.1389,-0.3091,-0.8178
Conway,AR,Arkansas,69.00,8541,19.94,-0.042978,1638,0.183438,1521,1544.8,1633,0.474,0.387,0.377,0.1474,-0.2915,-0.4692
Somerset,PA,Pennsylvania,78.26,40881,17.94,-0.043658,1639,0.570130,54,14150.5,107,0.730,0.781,0.269,0.7318,-0.0597,-0.6624
Dickinson,IA,Iowa,69.21,11234,31.18,-0.043788,1640,0.229440,1213,2067.3,1402,0.480,0.478,0.782,0.1609,-0.2722,0.6195
Ramsey,ND,North Dakota,68.89,5239,25.72,-0.044292,1641,0.116337,2071,939.1,2011,0.471,0.247,0.641,0.1405,-0.3152,0.0902
Shenandoah,VA,Virginia,70.61,24380,21.59,-0.044364,1642,0.349696,585,5010.9,625,0.512,0.683,0.470,0.2493,-0.1780,-0.3087
Rutherford,NC,North Carolina,73.42,34670,21.47,-0.044461,1643,0.449384,248,8756.1,273,0.596,0.754,0.461,0.4268,-0.1042,-0.3211
Richland,LA,Louisiana,69.12,9193,17.59,-0.044482,1644,0.196524,1427,1679.2,1568,0.477,0.412,0.251,0.1551,-0.2868,-0.6968
Effingham,GA,Georgia,74.34,36244,27.16,-0.045004,1645,0.469392,208,9749.2,231,0.616,0.762,0.687,0.4844,-0.0929,0.2299
Mille Lacs,MN,Minnesota,69.59,15190,18.18,-0.045006,1646,0.272373,950,2881.1,1088,0.489,0.557,0.279,0.1846,-0.2438,-0.6395
Woodford,IL,Illinois,70.24,21123,35.92,-0.045484,1647,0.328755,668,4218.9,772,0.505,0.651,0.860,0.2259,-0.2013,1.0785
Franklin,VA,Virginia,72.20,30912,25.15,-0.045849,1648,0.410306,363,7155.5,390,0.559,0.734,0.623,0.3497,-0.1311,0.0353
Bonner,ID,Idaho,71.87,29710,28.60,-0.045920,1649,0.400400,391,6711.4,425,0.550,0.728,0.725,0.3286,-0.1397,0.3696
Lincoln,NM,New Mexico,69.26,10023,32.17,-0.046092,1650,0.213526,1310,1852.1,1484,0.482,0.443,0.802,0.1641,-0.2809,0.7150
Nevada,AR,Arkansas,68.87,2907,13.84,-0.046245,1651,0.059220,2579,520.3,2324,0.470,0.126,0.085,0.1393,-0.3319,-1.0593
Clinton,PA,Pennsylvania,70.00,18522,21.50,-0.046323,1652,0.308881,761,3629.7,899,0.499,0.619,0.464,0.2106,-0.2200,-0.3174
Marshall,KS,Kansas,69.60,14104,19.09,-0.046634,1653,0.262640,1010,2677.6,1159,0.490,0.536,0.329,0.1853,-0.2516,-0.5516
Fayette,TN,Tennessee,70.71,23696,27.29,-0.046755,1654,0.348816,589,4908.2,632,0.516,0.676,0.692,0.2557,-0.1829,0.2422
Stanly,NC,North Carolina,74.95,36714,19.89,-0.046842,1655,0.487045,173,10293.0,202,0.635,0.767,0.375,0.5232,-0.0895,-0.4737
Oconto,WI,Wisconsin,70.95,24912,18.90,-0.047134,1656,0.360347,540,5254.3,596,0.523,0.689,0.318,0.2707,-0.1741,-0.5696
Medina,TX,Texas,70.94,24617,23.12,-0.047629,1657,0.357570,554,5189.4,603,0.522,0.685,0.538,0.2702,-0.1763,-0.1611
Branch,MI,Michigan,70.41,21089,17.29,-0.047642,1658,0.331359,658,4266.5,765,0.509,0.651,0.241,0.2364,-0.2016,-0.7259
Torrance,NM,New Mexico,69.16,7056,16.56,-0.047681,1659,0.155828,1744,1293.4,1780,0.478,0.326,0.200,0.1578,-0.3022,-0.7963
Gladwin,MI,Michigan,69.79,15488,16.87,-0.047727,1660,0.277628,925,2985.7,1062,0.494,0.562,0.219,0.1975,-0.2417,-0.7658
Orleans,NY,New York,70.05,18071,17.92,-0.047759,1661,0.307113,774,3556.3,917,0.501,0.613,0.268,0.2140,-0.2232,-0.6640
Bradley,AR,Arkansas,68.96,3209,15.31,-0.047900,1662,0.066360,2505,578.8,2274,0.474,0.140,0.142,0.1453,-0.3297,-0.9171
Yellow Medicine,MN,Minnesota,69.09,5410,19.67,-0.048222,1663,0.122112,2019,986.3,1979,0.477,0.256,0.362,0.1536,-0.3140,-0.4946
Fayette,WV,West Virginia,69.85,15620,15.84,-0.048403,1664,0.278616,920,3024.7,1051,0.494,0.564,0.165,0.2010,-0.2408,-0.8655
Hamilton,FL,Florida,69.14,5733,10.97,-0.048835,1665,0.128313,1964,1049.4,1941,0.477,0.269,0.020,0.1567,-0.3116,-1.3375
Huron,OH,Ohio,71.59,27216,16.68,-0.049033,1666,0.386240,443,6023.1,491,0.544,0.710,0.207,0.3111,-0.1576,-0.7840
Adams,IL,Illinois,72.91,31766,27.46,-0.049305,1667,0.428460,311,7738.1,339,0.579,0.740,0.697,0.3944,-0.1250,0.2594
Upson,GA,Georgia,69.74,13662,15.48,-0.049530,1668,0.261783,1013,2623.5,1185,0.493,0.531,0.150,0.1944,-0.2548,-0.9005
Fulton,OH,Ohio,70.78,22454,20.16,-0.049853,1669,0.343288,614,4675.2,690,0.517,0.664,0.390,0.2600,-0.1918,-0.4476
Union,SD,South Dakota,69.40,8876,37.01,-0.049993,1670,0.191751,1460,1658.8,1582,0.483,0.397,0.878,0.1729,-0.2891,1.1837
Surry,NC,North Carolina,76.16,37508,20.39,-0.050237,1671,0.518980,106,11380.6,166,0.674,0.770,0.401,0.5992,-0.0838,-0.4252
Logan,IL,Illinois,69.70,12564,20.91,-0.050368,1672,0.247968,1101,2404.7,1262,0.492,0.504,0.432,0.1918,-0.2627,-0.3751
Mathews,VA,Virginia,69.25,5929,28.40,-0.050754,1673,0.134960,1904,1094.9,1909,0.482,0.280,0.719,0.1636,-0.3102,0.3499
Cass,IA,Iowa,69.38,7217,22.13,-0.051618,1674,0.160356,1709,1346.3,1750,0.483,0.332,0.494,0.1715,-0.3010,-0.2572
Sheridan,MT,Montana,69.09,1912,26.17,-0.051981,1675,0.036176,2782,348.5,2466,0.476,0.076,0.658,0.1533,-0.3390,0.1343
Pondera,MT,Montana,69.14,2852,20.11,-0.052091,1676,0.059272,2578,522.1,2323,0.478,0.124,0.387,0.1568,-0.3323,-0.4524
Armstrong,PA,Pennsylvania,76.23,37119,18.99,-0.052309,1677,0.519844,104,11315.9,168,0.676,0.769,0.323,0.6038,-0.0866,-0.5609
Bee,TX,Texas,69.52,8790,13.97,-0.052322,1678,0.191784,1459,1658.8,1581,0.488,0.393,0.090,0.1806,-0.2897,-1.0468
Ward,ND,North Dakota,72.27,28552,29.58,-0.052418,1679,0.405202,377,6642.9,431,0.562,0.721,0.747,0.3541,-0.1480,0.4645
Steuben,IN,Indiana,70.20,16364,25.64,-0.052536,1680,0.293328,848,3257.1,986,0.504,0.582,0.638,0.2232,-0.2354,0.0829
Robertson,TN,Tennessee,74.88,35070,22.40,-0.052539,1681,0.476910,191,9783.9,228,0.630,0.757,0.505,0.5186,-0.1013,-0.2305
Callaway,MO,Missouri,70.87,21455,24.64,-0.052890,1682,0.340080,627,4499.2,718,0.520,0.654,0.599,0.2659,-0.1989,-0.0139
Bristol City,VA,Virginia,69.49,7479,24.83,-0.053372,1683,0.166067,1655,1407.5,1712,0.487,0.341,0.606,0.1784,-0.2991,0.0043
Greenbrier,WV,West Virginia,70.13,14996,22.17,-0.053723,1684,0.277606,926,2969.8,1065,0.502,0.553,0.497,0.2191,-0.2452,-0.2529
Saline,MO,Missouri,69.65,9330,22.66,-0.053861,1685,0.204747,1373,1778.2,1521,0.491,0.417,0.518,0.1884,-0.2859,-0.2051
Cottonwood,MN,Minnesota,69.42,5988,24.08,-0.053995,1686,0.136488,1885,1121.0,1889,0.484,0.282,0.576,0.1743,-0.3098,-0.0677
Arenac,MI,Michigan,69.65,9158,15.95,-0.054250,1687,0.201310,1402,1746.7,1533,0.491,0.410,0.169,0.1890,-0.2871,-0.8547
Autauga,AL,Alabama,72.43,28281,29.14,-0.054607,1688,0.406954,373,6655.8,430,0.566,0.719,0.738,0.3641,-0.1500,0.4215
Putnam,WV,West Virginia,72.23,27507,29.05,-0.054651,1689,0.398720,395,6379.9,452,0.560,0.712,0.736,0.3514,-0.1555,0.4132
Kosciusko,IN,Indiana,75.12,34896,25.06,-0.054731,1690,0.483955,182,9891.5,222,0.641,0.755,0.620,0.5336,-0.1026,0.0263
Belmont,OH,Ohio,73.33,31037,18.94,-0.054769,1691,0.436448,283,7784.8,337,0.593,0.736,0.320,0.4205,-0.1302,-0.5659
Marshall,IN,Indiana,70.74,19559,20.94,-0.054775,1692,0.325080,685,4061.4,808,0.516,0.630,0.434,0.2577,-0.2125,-0.3724
King William,VA,Virginia,69.89,11561,22.96,-0.055000,1693,0.240560,1138,2246.4,1321,0.496,0.485,0.532,0.2038,-0.2699,-0.1768
Adams,NE,Nebraska,70.15,14364,29.55,-0.055071,1694,0.272626,946,2849.6,1099,0.503,0.542,0.746,0.2205,-0.2498,0.4614
Renville,MN,Minnesota,69.62,8058,18.13,-0.055095,1695,0.178850,1551,1532.6,1640,0.490,0.365,0.275,0.1868,-0.2950,-0.6440
Phelps,MO,Missouri,70.77,19300,32.35,-0.055550,1696,0.324159,690,4014.4,824,0.517,0.627,0.806,0.2591,-0.2144,0.7326
Pottawatomie,OK,Oklahoma,72.69,28774,20.44,-0.055694,1697,0.415002,348,6898.0,406,0.574,0.723,0.403,0.3803,-0.1465,-0.4205
Bradford,PA,Pennsylvania,73.53,31192,20.56,-0.056008,1698,0.441324,270,7939.1,326,0.598,0.738,0.412,0.4338,-0.1291,-0.4086
Davie,NC,North Carolina,72.25,26850,27.28,-0.056477,1699,0.397188,400,6235.2,465,0.561,0.708,0.692,0.3524,-0.1602,0.2418
Columbia,FL,Florida,74.74,33592,16.81,-0.057082,1700,0.468874,211,9287.3,245,0.626,0.749,0.216,0.5101,-0.1119,-0.7718
Refugio,TX,Texas,69.40,3075,14.01,-0.057138,1701,0.065688,2513,574.6,2280,0.483,0.136,0.091,0.1728,-0.3307,-1.0425
Scioto,OH,Ohio,73.69,31180,18.17,-0.057348,1702,0.442937,267,8024.7,320,0.601,0.737,0.278,0.4438,-0.1292,-0.6404
Telfair,GA,Georgia,69.53,4214,10.11,-0.058409,1703,0.095648,2259,795.7,2108,0.488,0.196,0.013,0.1811,-0.3225,-1.4205
Okmulgee,OK,Oklahoma,70.39,14349,17.69,-0.058778,1704,0.274828,937,2898.9,1084,0.508,0.541,0.257,0.2352,-0.2499,-0.6870
Campbell,VA,Virginia,73.89,31171,26.10,-0.058963,1705,0.446622,257,8131.0,308,0.606,0.737,0.655,0.4561,-0.1293,0.1271
Colbert,AL,Alabama,72.58,27160,21.66,-0.059073,1706,0.403421,382,6463.4,447,0.569,0.709,0.472,0.3738,-0.1580,-0.3028
Buffalo,NE,Nebraska,71.82,23759,34.37,-0.059401,1707,0.371673,492,5348.6,582,0.549,0.677,0.840,0.3256,-0.1824,0.9279
Madison,OH,Ohio,71.30,20669,24.22,-0.059888,1708,0.343252,615,4476.2,723,0.533,0.644,0.581,0.2928,-0.2046,-0.0546
Carroll,IA,Iowa,70.14,11140,23.99,-0.059979,1709,0.238925,1152,2208.2,1339,0.503,0.475,0.572,0.2198,-0.2729,-0.0768
Morgan,IN,Indiana,76.28,35352,21.12,-0.060242,1710,0.513166,112,10808.7,187,0.677,0.758,0.442,0.6067,-0.0993,-0.3546
Angelina,TX,Texas,75.68,34422,17.94,-0.060274,1711,0.496980,151,10122.6,212,0.660,0.753,0.269,0.5688,-0.1060,-0.6621
Franklin,MS,Mississippi,69.63,4066,18.96,-0.060561,1712,0.090835,2307,773.7,2126,0.491,0.185,0.322,0.1872,-0.3236,-0.5635
Meeker,MN,Minnesota,70.43,13694,19.95,-0.060591,1713,0.270279,966,2776.0,1125,0.509,0.531,0.378,0.2380,-0.2546,-0.4681
Louisa,IA,Iowa,69.70,5142,16.79,-0.060599,1714,0.120540,2031,984.3,1983,0.492,0.245,0.215,0.1918,-0.3159,-0.7735
Fulton,KY,Kentucky,69.51,2145,16.10,-0.060676,1715,0.042856,2726,404.4,2426,0.487,0.088,0.179,0.1799,-0.3374,-0.8402
Johnson,NE,Nebraska,69.52,2152,17.70,-0.060800,1716,0.043343,2721,405.9,2423,0.487,0.089,0.258,0.1802,-0.3373,-0.6853
Ogemaw,MI,Michigan,70.35,12622,17.20,-0.060983,1717,0.256035,1050,2541.5,1212,0.507,0.505,0.238,0.2325,-0.2623,-0.7339
Greenlee,AZ,Arizona,69.60,3316,20.87,-0.061065,1718,0.071540,2455,629.8,2232,0.490,0.146,0.428,0.1856,-0.3290,-0.3792
Harrison,IA,Iowa,69.93,7959,21.99,-0.061070,1719,0.178423,1553,1551.8,1626,0.497,0.359,0.488,0.2065,-0.2957,-0.2700
Jones,MS,Mississippi,73.01,27755,20.65,-0.061642,1720,0.415548,346,6810.4,413,0.582,0.714,0.418,0.4009,-0.1538,-0.4001
Grundy,IA,Iowa,69.94,7146,27.84,-0.062422,1721,0.163842,1672,1394.2,1721,0.498,0.329,0.705,0.2070,-0.3015,0.2956
Powhatan,VA,Virginia,71.58,20841,34.97,-0.063120,1722,0.352512,573,4608.8,702,0.544,0.648,0.851,0.3104,-0.2033,0.9864
Cullman,AL,Alabama,89.70,43146,19.69,-0.063129,1723,0.777165,1,27570.4,18,0.985,0.789,0.363,1.4540,-0.0434,-0.4930
Allegany,NY,New York,71.36,19376,24.86,-0.063361,1724,0.335980,641,4213.9,774,0.535,0.628,0.608,0.2963,-0.2138,0.0071
Menard,IL,Illinois,69.96,6431,28.29,-0.063808,1725,0.150396,1791,1256.3,1803,0.498,0.302,0.716,0.2081,-0.3066,0.3395
Susquehanna,PA,Pennsylvania,71.92,22404,19.45,-0.063818,1726,0.365864,515,5082.1,613,0.551,0.664,0.351,0.3322,-0.1921,-0.5161
Atascosa,TX,Texas,71.25,18444,15.75,-0.063911,1727,0.328776,667,3980.4,830,0.532,0.618,0.160,0.2898,-0.2205,-0.8745
Marion,MS,Mississippi,70.38,11188,13.73,-0.063950,1728,0.242316,1133,2258.7,1315,0.508,0.477,0.081,0.2346,-0.2725,-1.0698
Pickaway,OH,Ohio,73.79,29280,21.70,-0.064293,1729,0.437900,281,7587.9,350,0.604,0.725,0.474,0.4501,-0.1428,-0.2986
Avoyelles,LA,Louisiana,70.95,16037,11.46,-0.064429,1730,0.300252,810,3383.7,957,0.524,0.573,0.027,0.2710,-0.2378,-1.2893
Kanabec,MN,Minnesota,70.27,9703,15.73,-0.064446,1731,0.218086,1272,1941.9,1447,0.506,0.431,0.158,0.2276,-0.2832,-0.8766
Washington,NE,Nebraska,70.59,12545,36.83,-0.065098,1732,0.257544,1036,2573.4,1203,0.511,0.504,0.875,0.2477,-0.2628,1.1661
Jackson,MN,Minnesota,69.97,5644,26.06,-0.065181,1733,0.131736,1932,1103.5,1901,0.499,0.264,0.654,0.2087,-0.3123,0.1235
Mason,IL,Illinois,70.03,6374,17.05,-0.065375,1734,0.150000,1796,1252.7,1805,0.500,0.300,0.230,0.2129,-0.3070,-0.7485
Malheur,OR,Oregon,70.44,10945,15.18,-0.065469,1735,0.239190,1150,2220.6,1329,0.510,0.469,0.134,0.2387,-0.2743,-0.9294
Curry,NM,New Mexico,70.91,15109,23.30,-0.065564,1736,0.289155,870,3177.5,1005,0.521,0.555,0.545,0.2682,-0.2444,-0.1432
Beaverhead,MT,Montana,70.04,5794,37.67,-0.066329,1737,0.136773,1882,1139.0,1878,0.501,0.273,0.884,0.2131,-0.3112,1.2475
Abbeville,SC,South Carolina,70.63,12048,20.35,-0.066652,1738,0.253440,1070,2479.0,1240,0.512,0.495,0.399,0.2502,-0.2664,-0.4292
Loudon,TN,Tennessee,75.96,33209,29.45,-0.067289,1739,0.500412,142,9949.4,219,0.669,0.748,0.744,0.5869,-0.1147,0.4516
Franklin,IA,Iowa,70.02,4900,19.40,-0.067343,1740,0.114500,2087,961.9,1997,0.500,0.229,0.349,0.2120,-0.3176,-0.5215
Lamar,MS,Mississippi,73.75,28171,34.50,-0.067412,1741,0.432236,297,7276.1,378,0.602,0.718,0.844,0.4471,-0.1508,0.9405
Wakulla,FL,Florida,71.75,19856,23.26,-0.067522,1742,0.347256,599,4445.4,726,0.546,0.636,0.543,0.3209,-0.2104,-0.1471
Chaves,NM,New Mexico,72.15,22028,17.90,-0.067528,1743,0.368280,506,5081.2,614,0.558,0.660,0.268,0.3466,-0.1948,-0.6660
Spencer,IN,Indiana,70.52,10442,22.00,-0.067728,1744,0.231540,1200,2131.6,1370,0.510,0.454,0.488,0.2437,-0.2779,-0.2692
Alcona,MI,Michigan,70.25,7483,21.41,-0.067798,1745,0.172546,1599,1495.9,1659,0.506,0.341,0.458,0.2267,-0.2991,-0.3263
Botetourt,VA,Virginia,72.15,21893,28.48,-0.067830,1746,0.367722,508,5049.1,617,0.558,0.659,0.721,0.3464,-0.1958,0.3581
Pulaski,GA,Georgia,70.02,4336,14.50,-0.068160,1747,0.100299,2213,851.1,2070,0.499,0.201,0.105,0.2119,-0.3217,-0.9959
Columbia,WA,Washington,69.90,2485,24.92,-0.068456,1748,0.053568,2629,483.2,2361,0.496,0.108,0.612,0.2044,-0.3349,0.0130
Kalkaska,MI,Michigan,70.68,11529,18.99,-0.068551,1749,0.249260,1094,2382.6,1270,0.515,0.484,0.322,0.2538,-0.2701,-0.5612
Brule,SD,South Dakota,69.91,2423,28.71,-0.068842,1750,0.051088,2647,471.7,2373,0.496,0.103,0.728,0.2053,-0.3354,0.3798
District 7,AK,Alaska,70.53,9609,28.06,-0.069269,1751,0.218197,1269,1962.3,1438,0.511,0.427,0.712,0.2440,-0.2839,0.3169
Catoosa,GA,Georgia,77.49,35038,24.23,-0.069371,1752,0.537516,83,11565.4,160,0.711,0.756,0.582,0.6831,-0.1015,-0.0539
Greene,PA,Pennsylvania,71.47,17236,21.67,-0.069588,1753,0.322920,694,3781.2,870,0.540,0.598,0.473,0.3036,-0.2292,-0.3014
Sibley,MN,Minnesota,70.45,8537,19.43,-0.069648,1754,0.196860,1424,1732.5,1542,0.510,0.386,0.350,0.2389,-0.2915,-0.5187
Clarke,IA,Iowa,70.10,4479,15.98,-0.069693,1755,0.105922,2159,885.1,2052,0.502,0.211,0.170,0.2174,-0.3206,-0.8524
District 29,AK,Alaska,70.65,10500,27.12,-0.069811,1756,0.234384,1183,2164.1,1360,0.514,0.456,0.685,0.2516,-0.2775,0.2263
Lee,GA,Georgia,71.57,17683,34.11,-0.069946,1757,0.328452,672,3906.3,842,0.542,0.606,0.834,0.3095,-0.2260,0.9025
Posey,IN,Indiana,70.94,12978,25.25,-0.070057,1758,0.267264,983,2734.3,1142,0.522,0.512,0.626,0.2698,-0.2597,0.0447
Murray,MN,Minnesota,70.16,4769,23.51,-0.070377,1759,0.111666,2109,946.6,2005,0.503,0.222,0.554,0.2209,-0.3186,-0.1230
Page,IA,Iowa,70.38,7322,19.24,-0.070415,1760,0.171704,1606,1477.9,1665,0.508,0.338,0.338,0.2345,-0.3003,-0.5365
Putnam,GA,Georgia,70.95,12877,31.13,-0.070462,1761,0.265698,991,2715.7,1148,0.522,0.509,0.780,0.2706,-0.2604,0.6143
Adams,WA,Washington,70.21,5365,15.71,-0.070482,1762,0.128016,1970,1069.3,1927,0.504,0.254,0.157,0.2243,-0.3143,-0.8784
Washington,OK,Oklahoma,72.65,23174,30.06,-0.070529,1763,0.383910,449,5540.9,554,0.573,0.670,0.757,0.3780,-0.1866,0.5111
Harrison,TX,Texas,74.92,30243,22.67,-0.070836,1764,0.463356,225,8460.4,290,0.633,0.732,0.519,0.5211,-0.1359,-0.2044
Harding,NM,New Mexico,69.88,425,33.33,-0.071099,1765,0.001980,3124,82.5,2613,0.495,0.004,0.822,0.2033,-0.3497,0.8276
Montgomery,IL,Illinois,71.03,13203,18.31,-0.071150,1766,0.272468,948,2801.6,1118,0.526,0.518,0.286,0.2757,-0.2581,-0.6271
Henderson,TX,Texas,81.42,38540,20.67,-0.071182,1767,0.640098,19,16054.4,87,0.827,0.774,0.418,0.9312,-0.0764,-0.3978
Seminole,GA,Georgia,70.15,4007,13.38,-0.071395,1768,0.091546,2299,794.8,2110,0.503,0.182,0.071,0.2203,-0.3240,-1.1040
Cheatham,TN,Tennessee,72.26,20741,26.57,-0.072068,1769,0.362967,526,4820.7,658,0.561,0.647,0.671,0.3532,-0.2040,0.1731
Jackson,KS,Kansas,70.39,6474,22.65,-0.072079,1770,0.154227,1755,1308.0,1775,0.509,0.303,0.517,0.2353,-0.3063,-0.2069
Ashe,NC,North Carolina,71.55,16253,25.94,-0.072881,1771,0.313818,735,3586.1,910,0.542,0.579,0.650,0.3085,-0.2362,0.1118
Wilkes,NC,North Carolina,79.33,36320,16.87,-0.073819,1772,0.579112,46,13406.5,120,0.758,0.764,0.220,0.7993,-0.0924,-0.7657
Marshall,AL,Alabama,85.26,40388,21.54,-0.074149,1773,0.720720,4,20701.9,49,0.924,0.780,0.467,1.1734,-0.0632,-0.3136
Jackson,FL,Florida,72.74,22098,15.13,-0.074538,1774,0.380075,460,5317.5,588,0.575,0.661,0.132,0.3836,-0.1943,-0.9344
Stutsman,ND,North Dakota,70.90,10134,25.86,-0.074930,1775,0.232366,1194,2129.4,1373,0.521,0.446,0.647,0.2675,-0.2801,0.1044
DeSoto,FL,Florida,71.17,12488,10.80,-0.074938,1776,0.266087,986,2678.6,1158,0.529,0.503,0.020,0.2847,-0.2632,-1.3533
Ware,GA,Georgia,71.42,14392,14.41,-0.074978,1777,0.291054,854,3145.3,1016,0.537,0.542,0.102,0.3004,-0.2496,-1.0042
Harris,GA,Georgia,72.84,22353,37.98,-0.075115,1778,0.383214,452,5419.4,567,0.578,0.663,0.889,0.3902,-0.1925,1.2774
District 30,AK,Alaska,70.95,10306,18.45,-0.075462,1779,0.235350,1173,2173.6,1357,0.523,0.450,0.297,0.2706,-0.2789,-0.6128
Pulaski,VA,Virginia,71.97,17690,20.80,-0.075732,1780,0.335671,643,4027.0,821,0.553,0.607,0.424,0.3352,-0.2259,-0.3856
Clay,IA,Iowa,70.80,8541,27.55,-0.076141,1781,0.200466,1405,1781.0,1519,0.518,0.387,0.698,0.2612,-0.2915,0.2677
Harrison,IN,Indiana,72.53,20448,21.75,-0.076290,1782,0.364656,520,4845.5,650,0.568,0.642,0.477,0.3701,-0.2061,-0.2941
Sanilac,MI,Michigan,73.18,23339,16.47,-0.076304,1783,0.396480,405,5795.3,521,0.590,0.672,0.196,0.4115,-0.1854,-0.8046
Redwood,MN,Minnesota,70.80,8326,22.18,-0.076592,1784,0.194768,1437,1736.5,1537,0.518,0.376,0.498,0.2614,-0.2931,-0.2516
Lonoke,AR,Arkansas,75.85,30620,22.08,-0.077239,1785,0.488178,170,9107.1,261,0.666,0.733,0.492,0.5798,-0.1332,-0.2621
Logan,OK,Oklahoma,73.49,24149,31.40,-0.077444,1786,0.406640,374,6128.9,478,0.598,0.680,0.788,0.4312,-0.1796,0.6409
Oglethorpe,GA,Georgia,70.90,8822,25.34,-0.077489,1787,0.205274,1370,1854.0,1482,0.521,0.394,0.631,0.2677,-0.2895,0.0543
Tate,MS,Mississippi,71.42,12861,23.64,-0.078207,1788,0.273333,942,2809.8,1115,0.537,0.509,0.559,0.3002,-0.2605,-0.1103
Shelby,IA,Iowa,70.71,6505,24.07,-0.078315,1789,0.157380,1733,1347.7,1748,0.516,0.305,0.575,0.2558,-0.3061,-0.0695
Perry,PA,Pennsylvania,74.14,25725,20.22,-0.079455,1790,0.426564,320,6827.8,412,0.612,0.697,0.393,0.4721,-0.1683,-0.4421
DeKalb,IN,Indiana,72.64,19792,20.20,-0.079561,1791,0.362014,534,4728.9,682,0.571,0.634,0.392,0.3773,-0.2108,-0.4436
St. Francois,MO,Missouri,75.21,28615,17.25,-0.079610,1792,0.466412,216,8160.4,306,0.646,0.722,0.240,0.5394,-0.1476,-0.7293
Union,IL,Illinois,70.96,8226,20.94,-0.079664,1793,0.194928,1436,1736.1,1538,0.524,0.372,0.434,0.2712,-0.2938,-0.3717
Ashland,OH,Ohio,74.50,26663,22.59,-0.079896,1794,0.435776,285,7249.6,382,0.619,0.704,0.514,0.4944,-0.1616,-0.2125
Raleigh,WV,West Virginia,76.35,30966,22.50,-0.079971,1795,0.499065,145,9515.8,239,0.679,0.735,0.510,0.6117,-0.1307,-0.2207
Carbon,UT,Utah,71.14,9445,18.79,-0.080535,1796,0.222709,1244,2020.7,1414,0.529,0.421,0.313,0.2825,-0.2850,-0.5799
Charles Mix,SD,South Dakota,70.57,3615,25.67,-0.080569,1797,0.082271,2374,740.5,2156,0.511,0.161,0.639,0.2465,-0.3268,0.0854
Marion,KY,Kentucky,71.12,9102,15.06,-0.080832,1798,0.214896,1298,1944.1,1443,0.528,0.407,0.129,0.2812,-0.2875,-0.9415
Mountrail,ND,North Dakota,70.64,4073,22.72,-0.081164,1799,0.094905,2266,838.7,2077,0.513,0.185,0.521,0.2509,-0.3235,-0.2003
White,IN,Indiana,71.39,11163,19.20,-0.081347,1800,0.255136,1057,2433.4,1251,0.536,0.476,0.336,0.2983,-0.2727,-0.5400
Henry,IN,Indiana,72.96,20604,17.45,-0.081518,1801,0.372940,488,5037.0,621,0.580,0.643,0.245,0.3976,-0.2050,-0.7097
Cumberland,TN,Tennessee,79.09,34642,19.06,-0.081878,1802,0.566256,56,12608.6,136,0.752,0.753,0.327,0.7844,-0.1044,-0.5542
Hocking,OH,Ohio,71.75,13489,13.47,-0.082304,1803,0.287175,878,3021.8,1052,0.547,0.525,0.072,0.3215,-0.2560,-1.0955
Newton,MS,Mississippi,71.23,9323,19.34,-0.082483,1804,0.220896,1254,2008.8,1419,0.531,0.416,0.343,0.2885,-0.2859,-0.5273
Lincoln,MO,Missouri,77.38,32133,18.36,-0.082805,1805,0.525301,94,10538.9,193,0.707,0.743,0.291,0.6767,-0.1224,-0.6215
Cass,IL,Illinois,70.83,5241,20.76,-0.082847,1806,0.128712,1956,1095.1,1908,0.519,0.248,0.423,0.2629,-0.3152,-0.3897
Nodaway,MO,Missouri,71.31,9689,27.90,-0.083071,1807,0.229620,1212,2099.5,1388,0.534,0.430,0.706,0.2932,-0.2833,0.3017
Creek,OK,Oklahoma,76.96,31312,18.72,-0.083359,1808,0.513605,111,10000.4,218,0.695,0.739,0.310,0.6499,-0.1283,-0.5865
Mason,KY,Kentucky,71.14,7901,19.95,-0.083751,1809,0.188853,1479,1691.0,1562,0.529,0.357,0.379,0.2828,-0.2961,-0.4676
Livingston,IL,Illinois,72.33,16549,18.99,-0.083758,1810,0.329918,664,3866.8,847,0.563,0.586,0.324,0.3578,-0.2341,-0.5604
Simpson,KY,Kentucky,71.25,8776,18.79,-0.083956,1811,0.208683,1342,1893.6,1468,0.531,0.393,0.313,0.2897,-0.2898,-0.5803
Lawrence,OH,Ohio,74.92,26713,18.52,-0.084013,1812,0.446265,258,7472.3,360,0.633,0.705,0.301,0.5211,-0.1612,-0.6062
Granite,MT,Montana,70.63,2176,34.22,-0.084540,1813,0.046170,2697,448.0,2401,0.513,0.090,0.837,0.2508,-0.3371,0.9136
Kossuth,IA,Iowa,71.25,8397,22.82,-0.084753,1814,0.201628,1397,1811.9,1508,0.532,0.379,0.525,0.2897,-0.2925,-0.1904
Brooke,WV,West Virginia,71.42,9782,23.40,-0.084823,1815,0.232624,1192,2137.1,1366,0.536,0.434,0.549,0.3001,-0.2826,-0.1343
Crawford,IA,Iowa,71.06,6545,17.72,-0.084938,1816,0.162096,1689,1392.2,1723,0.528,0.307,0.259,0.2777,-0.3058,-0.6842
Walsh,ND,North Dakota,70.86,4496,19.16,-0.084996,1817,0.110028,2123,942.0,2010,0.519,0.212,0.334,0.2652,-0.3205,-0.5440
Bond,IL,Illinois,71.23,7991,21.62,-0.085195,1818,0.191330,1466,1721.5,1547,0.530,0.361,0.471,0.2884,-0.2955,-0.3062
McDowell,NC,North Carolina,74.06,23655,18.10,-0.085569,1819,0.413036,352,6245.3,464,0.611,0.676,0.273,0.4672,-0.1832,-0.6468
Shelby,IN,Indiana,73.09,19754,21.92,-0.085639,1820,0.369672,500,4873.0,640,0.584,0.633,0.483,0.4056,-0.2111,-0.2770
Lincoln,MS,Mississippi,72.35,15802,19.28,-0.085895,1821,0.319784,708,3696.1,888,0.563,0.568,0.341,0.3587,-0.2395,-0.5329
Snyder,PA,Pennsylvania,73.18,20038,20.63,-0.086026,1822,0.375782,476,4975.2,626,0.589,0.638,0.415,0.4114,-0.2091,-0.4023
DeWitt,IL,Illinois,71.27,7758,23.20,-0.086394,1823,0.187264,1496,1676.1,1573,0.532,0.352,0.540,0.2908,-0.2971,-0.1532
Pontotoc,OK,Oklahoma,72.27,15174,30.28,-0.086428,1824,0.313034,738,3531.2,919,0.562,0.557,0.763,0.3543,-0.2440,0.5325
Washington,VA,Virginia,76.35,29412,26.67,-0.086712,1825,0.492954,161,9033.4,266,0.679,0.726,0.674,0.6112,-0.1419,0.1829
McKean,PA,Pennsylvania,73.17,19682,20.84,-0.086908,1826,0.371028,495,4882.5,639,0.588,0.631,0.426,0.4106,-0.2116,-0.3815
Evans,GA,Georgia,70.95,4244,14.48,-0.087188,1827,0.102834,2188,895.0,2041,0.522,0.197,0.104,0.2705,-0.3223,-0.9974
Quay,NM,New Mexico,70.90,3625,19.59,-0.087344,1828,0.084240,2363,761.5,2140,0.520,0.162,0.356,0.2673,-0.3268,-0.5029
Elbert,GA,Georgia,71.54,9589,16.28,-0.087449,1829,0.229925,1210,2114.3,1378,0.541,0.425,0.187,0.3079,-0.2840,-0.8233
Coffee,GA,Georgia,72.47,15715,13.90,-0.087945,1830,0.320922,702,3707.9,884,0.567,0.566,0.087,0.3663,-0.2401,-1.0531
Ellis,KS,Kansas,72.11,13511,38.91,-0.088015,1831,0.293539,847,3107.1,1027,0.557,0.527,0.900,0.3440,-0.2559,1.3678
Vermillion,IN,Indiana,71.31,7256,17.62,-0.088164,1832,0.178022,1559,1572.2,1616,0.533,0.334,0.253,0.2932,-0.3007,-0.6939
Wise,TX,Texas,84.68,38243,22.15,-0.089340,1833,0.704203,6,19022.7,56,0.911,0.773,0.495,1.1371,-0.0786,-0.2548
Saluda,SC,South Carolina,71.58,9014,20.43,-0.089396,1834,0.218829,1265,1993.0,1430,0.543,0.403,0.403,0.3103,-0.2881,-0.4218
Teton,MT,Montana,70.99,3568,26.78,-0.089426,1835,0.083475,2365,755.0,2145,0.525,0.159,0.676,0.2733,-0.3272,0.1932
Christian,IL,Illinois,72.55,15545,17.14,-0.089683,1836,0.319216,711,3690.3,890,0.568,0.562,0.234,0.3717,-0.2413,-0.7400
Lewis,NY,New York,72.13,12966,18.55,-0.089739,1837,0.285138,889,2986.8,1061,0.558,0.511,0.303,0.3454,-0.2598,-0.6030
Arkansas,AR,Arkansas,71.23,5547,13.56,-0.090199,1838,0.138330,1874,1194.8,1840,0.530,0.261,0.075,0.2882,-0.3130,-1.0863
Cass,IN,Indiana,72.36,14213,16.48,-0.090267,1839,0.303970,787,3328.8,967,0.565,0.538,0.196,0.3598,-0.2508,-0.8034
Hood,TX,Texas,82.55,36553,32.95,-0.090910,1840,0.657994,13,16214.6,83,0.859,0.766,0.817,1.0025,-0.0907,0.7901
Kingsbury,SD,South Dakota,71.01,2801,23.09,-0.091311,1841,0.064050,2532,593.5,2263,0.525,0.122,0.536,0.2745,-0.3327,-0.1636
Power,ID,Idaho,71.04,3021,15.29,-0.091416,1842,0.069432,2481,641.4,2222,0.526,0.132,0.140,0.2761,-0.3311,-0.9188
Jerauld,SD,South Dakota,70.87,999,21.35,-0.091816,1843,0.014040,2997,209.4,2555,0.520,0.027,0.454,0.2657,-0.3456,-0.3326
Levy,FL,Florida,74.84,24378,16.53,-0.091877,1844,0.429660,304,6784.3,416,0.630,0.682,0.198,0.5162,-0.1780,-0.7985
Randolph,WV,West Virginia,72.07,11594,19.79,-0.092064,1845,0.270216,968,2658.5,1167,0.556,0.486,0.370,0.3415,-0.2696,-0.4835
Madison,MT,Montana,71.43,6461,32.58,-0.092195,1846,0.162174,1687,1412.8,1708,0.537,0.302,0.810,0.3009,-0.3064,0.7549
La Paz,AZ,Arizona,71.57,7643,13.46,-0.092280,1847,0.187532,1493,1688.8,1565,0.542,0.346,0.072,0.3097,-0.2980,-1.0963
Hillsdale,MI,Michigan,75.04,24828,21.17,-0.092396,1848,0.438993,279,7001.6,401,0.639,0.687,0.445,0.5287,-0.1747,-0.3499
Franklin,FL,Florida,71.49,6758,27.93,-0.092650,1849,0.169560,1628,1484.0,1663,0.540,0.314,0.708,0.3045,-0.3043,0.3046
Monroe,GA,Georgia,73.17,17704,26.96,-0.092753,1850,0.357523,556,4392.3,744,0.589,0.607,0.681,0.4107,-0.2258,0.2107
Coosa,AL,Alabama,71.34,5268,13.86,-0.092936,1851,0.133215,1919,1144.0,1873,0.535,0.249,0.085,0.2951,-0.3150,-1.0575
Howard,MO,Missouri,71.31,4956,28.19,-0.093018,1852,0.124422,2001,1073.9,1925,0.534,0.233,0.714,0.2932,-0.3172,0.3296
Pope,AR,Arkansas,74.90,24191,24.66,-0.093175,1853,0.429711,303,6756.5,420,0.631,0.681,0.601,0.5196,-0.1793,-0.0118
Adams,IA,Iowa,71.05,2135,26.98,-0.093548,1854,0.046376,2694,453.9,2395,0.527,0.088,0.682,0.2772,-0.3374,0.2125
Emmet,IA,Iowa,71.32,4798,17.09,-0.093629,1855,0.119082,2045,1040.7,1951,0.534,0.223,0.232,0.2941,-0.3183,-0.7451
Elk,PA,Pennsylvania,73.12,17153,20.59,-0.093714,1856,0.349842,584,4241.9,768,0.586,0.597,0.413,0.4079,-0.2298,-0.4056
Currituck,NC,North Carolina,73.31,18053,30.88,-0.093726,1857,0.362304,531,4523.8,715,0.592,0.612,0.774,0.4197,-0.2233,0.5898
Butts,GA,Georgia,72.39,13019,14.40,-0.093727,1858,0.290924,859,3054.3,1048,0.566,0.514,0.101,0.3613,-0.2594,-1.0051
Huntington,IN,Indiana,73.24,17735,21.26,-0.093731,1859,0.359344,545,4423.3,731,0.592,0.607,0.450,0.4155,-0.2256,-0.3412
Ste. Genevieve,MO,Missouri,71.92,9776,16.79,-0.093826,1860,0.238583,1153,2217.0,1332,0.551,0.433,0.214,0.3319,-0.2827,-0.7742
Gilliam,OR,Oregon,70.99,1134,20.96,-0.094098,1861,0.018900,2941,239.9,2539,0.525,0.036,0.435,0.2731,-0.3446,-0.3700
Emanuel,GA,Georgia,71.93,9619,13.47,-0.094371,1862,0.236256,1169,2182.9,1350,0.552,0.428,0.073,0.3325,-0.2838,-1.0953
Tipton,TN,Tennessee,75.95,26733,20.69,-0.094394,1863,0.471608,202,8001.9,321,0.668,0.706,0.420,0.5860,-0.1611,-0.3962
Escambia,AL,Alabama,72.77,14957,13.53,-0.094626,1864,0.317927,717,3606.6,902,0.577,0.551,0.074,0.3854,-0.2455,-1.0896
Dickson,TN,Tennessee,75.39,25204,22.03,-0.094798,1865,0.451184,242,7275.6,379,0.652,0.692,0.489,0.5510,-0.1720,-0.2670
Cherokee,SC,South Carolina,75.27,24839,18.41,-0.094917,1866,0.445176,260,7113.6,394,0.648,0.687,0.293,0.5434,-0.1747,-0.6172
Montgomery,IN,Indiana,73.11,16581,20.42,-0.095143,1867,0.342224,619,4095.7,797,0.584,0.586,0.402,0.4068,-0.2339,-0.4226
Orange,TX,Texas,83.08,36338,17.71,-0.095569,1868,0.667736,11,16597.4,78,0.874,0.764,0.258,1.0362,-0.0922,-0.6848
Jefferson,IL,Illinois,73.15,16662,18.17,-0.095594,1869,0.345156,610,4129.3,790,0.588,0.587,0.278,0.4098,-0.2333,-0.6403
Kerr,TX,Texas,76.73,28170,31.32,-0.095808,1870,0.495420,155,8866.7,270,0.690,0.718,0.787,0.6354,-0.1508,0.6330
Pettis,MO,Missouri,73.65,18882,18.41,-0.095898,1871,0.372600,491,4845.3,651,0.600,0.621,0.294,0.4412,-0.2174,-0.6165
Kendall,TX,Texas,77.33,29315,48.90,-0.095945,1872,0.511830,117,9579.4,238,0.705,0.726,0.963,0.6729,-0.1426,2.3341
Saunders,NE,Nebraska,72.64,13565,32.61,-0.096445,1873,0.302588,800,3241.6,993,0.572,0.529,0.811,0.3775,-0.2555,0.7577
Montgomery,KY,Kentucky,72.55,12821,20.93,-0.096977,1874,0.288544,872,3044.1,1049,0.568,0.508,0.433,0.3718,-0.2608,-0.3729
Henry,OH,Ohio,72.91,14912,19.50,-0.097012,1875,0.319580,709,3633.3,898,0.580,0.551,0.353,0.3946,-0.2458,-0.5115
Butler,IA,Iowa,71.89,8046,21.41,-0.097304,1876,0.200200,1406,1820.1,1500,0.550,0.364,0.458,0.3298,-0.2951,-0.3263
Hancock,WV,West Virginia,72.62,13030,19.88,-0.097471,1877,0.292980,850,3108.0,1025,0.570,0.514,0.374,0.3759,-0.2593,-0.4745
Oscoda,MI,Michigan,71.57,5192,15.64,-0.097780,1878,0.133578,1915,1147.4,1870,0.543,0.246,0.154,0.3099,-0.3155,-0.8854
Amelia,VA,Virginia,71.91,8032,18.59,-0.097815,1879,0.200013,1408,1820.3,1499,0.551,0.363,0.306,0.3314,-0.2952,-0.5994
Buena Vista City,VA,Virginia,71.33,2853,23.30,-0.097878,1880,0.066340,2507,619.2,2242,0.535,0.124,0.545,0.2946,-0.3323,-0.1437
Williams,OH,Ohio,73.66,18275,13.67,-0.097900,1881,0.369615,501,4691.4,687,0.601,0.615,0.079,0.4415,-0.2217,-1.0758
Fremont,IA,Iowa,71.44,3795,20.78,-0.098100,1882,0.092536,2284,830.3,2083,0.538,0.172,0.424,0.3013,-0.3255,-0.3875
Roosevelt,NM,New Mexico,71.74,6533,21.18,-0.098117,1883,0.167076,1647,1462.3,1675,0.546,0.306,0.446,0.3207,-0.3059,-0.3484
Adair,IA,Iowa,71.47,4080,19.94,-0.098188,1884,0.100793,2209,894.9,2042,0.539,0.187,0.378,0.3035,-0.3235,-0.4686
Walker,GA,Georgia,79.36,32086,21.33,-0.098292,1885,0.563901,63,11862.8,153,0.761,0.741,0.453,0.8010,-0.1227,-0.3342
Roane,TN,Tennessee,76.65,27412,22.13,-0.098457,1886,0.488432,169,8583.5,283,0.686,0.712,0.494,0.6302,-0.1562,-0.2573
Sheridan,WY,Wyoming,73.31,16425,31.10,-0.098581,1887,0.345728,607,4115.0,792,0.592,0.584,0.779,0.4195,-0.2350,0.6113
Wilson,TX,Texas,76.60,27275,25.89,-0.098640,1888,0.486350,175,8516.7,286,0.685,0.710,0.647,0.6275,-0.1572,0.1069
Grant,SD,South Dakota,71.46,3630,25.31,-0.098950,1889,0.087857,2337,795.6,2109,0.539,0.163,0.628,0.3029,-0.3267,0.0508
Morgan,GA,Georgia,72.75,13181,29.68,-0.099208,1890,0.297792,827,3173.8,1006,0.576,0.517,0.751,0.3842,-0.2582,0.4739
Wheeler,OR,Oregon,71.20,868,18.81,-0.099221,1891,0.011130,3025,186.5,2567,0.530,0.021,0.315,0.2863,-0.3465,-0.5787
Warren,MO,Missouri,74.22,20095,20.17,-0.099570,1892,0.392346,421,5363.0,578,0.614,0.639,0.391,0.4771,-0.2087,-0.4467
Phillips,KS,Kansas,72.83,13472,22.49,-0.099643,1893,0.302348,802,3261.7,982,0.577,0.524,0.509,0.3890,-0.2562,-0.2221
Nemaha,NE,Nebraska,71.47,3418,29.41,-0.099711,1894,0.081540,2380,749.9,2152,0.540,0.151,0.743,0.3038,-0.3282,0.4480
Lawrence,IN,Indiana,74.60,21220,20.41,-0.100494,1895,0.406166,375,5809.9,518,0.622,0.653,0.402,0.5009,-0.2006,-0.4232
Tallapoosa,AL,Alabama,74.33,20023,20.33,-0.101296,1896,0.392392,420,5384.7,574,0.616,0.637,0.398,0.4842,-0.2092,-0.4314
Wyoming,NY,New York,74.11,19041,18.16,-0.101693,1897,0.380653,456,5044.1,618,0.611,0.623,0.277,0.4703,-0.2162,-0.6414
Elbert,CO,Colorado,74.47,20422,36.09,-0.101721,1898,0.396138,408,5544.1,553,0.618,0.641,0.861,0.4930,-0.2063,1.0941
Custer,SD,South Dakota,71.87,6001,31.60,-0.101840,1899,0.155650,1746,1355.9,1741,0.550,0.283,0.793,0.3288,-0.3097,0.6597
Palo Alto,IA,Iowa,71.78,4982,19.01,-0.102382,1900,0.128780,1954,1118.0,1893,0.548,0.235,0.326,0.3229,-0.3170,-0.5588
Burnet,TX,Texas,77.42,28153,28.54,-0.102415,1901,0.506928,130,9251.8,251,0.708,0.716,0.723,0.6787,-0.1509,0.3636
Lafayette,MO,Missouri,73.75,17248,26.22,-0.102447,1902,0.360598,539,4455.4,725,0.602,0.599,0.661,0.4472,-0.2291,0.1387
Morgan,CO,Colorado,73.00,13465,17.82,-0.102555,1903,0.304444,785,3301.7,974,0.581,0.524,0.263,0.4003,-0.2562,-0.6740
Carroll,MS,Mississippi,71.81,5194,21.15,-0.102593,1904,0.135356,1896,1168.6,1857,0.548,0.247,0.444,0.3252,-0.3155,-0.3513
Montmorency,MI,Michigan,71.96,6391,15.56,-0.102648,1905,0.165900,1656,1453.6,1684,0.553,0.300,0.152,0.3344,-0.3069,-0.8930
District 28,AK,Alaska,72.35,9279,25.45,-0.102687,1906,0.233496,1187,2170.5,1359,0.564,0.414,0.634,0.3588,-0.2862,0.0646
Douglas,IL,Illinois,72.25,8410,20.86,-0.103098,1907,0.213180,1313,1953.2,1441,0.561,0.380,0.427,0.3525,-0.2925,-0.3797
Norton City,VA,Virginia,71.45,1643,13.67,-0.103148,1908,0.033418,2812,360.0,2458,0.539,0.062,0.080,0.3025,-0.3410,-1.0757
Iron,UT,Utah,77.38,27878,31.64,-0.103368,1909,0.504790,132,9138.7,259,0.706,0.715,0.793,0.6761,-0.1529,0.6632
Scotts Bluff,NE,Nebraska,73.36,15040,27.01,-0.103500,1910,0.328482,671,3780.9,871,0.594,0.553,0.684,0.4226,-0.2449,0.2156
Falls,TX,Texas,72.01,6277,19.50,-0.103860,1911,0.164280,1669,1432.7,1697,0.555,0.296,0.354,0.3375,-0.3077,-0.5115
Whitley,IN,Indiana,73.97,17740,23.63,-0.104011,1912,0.369056,503,4652.8,697,0.607,0.608,0.558,0.4611,-0.2256,-0.1114
Cooper,MO,Missouri,72.36,8835,23.97,-0.104080,1913,0.223175,1242,2068.7,1400,0.565,0.395,0.570,0.3596,-0.2894,-0.0783
Allen,KS,Kansas,71.95,5600,22.44,-0.104265,1914,0.145176,1823,1272.3,1793,0.552,0.263,0.506,0.3335,-0.3126,-0.2272
Towner,ND,North Dakota,71.45,1114,23.50,-0.104286,1915,0.018292,2951,244.1,2536,0.538,0.034,0.553,0.3025,-0.3448,-0.1241
Monona,IA,Iowa,71.84,4637,19.63,-0.104327,1916,0.119133,2043,1045.0,1946,0.549,0.217,0.360,0.3265,-0.3195,-0.4989
Galax City,VA,Virginia,71.62,2717,19.07,-0.104361,1917,0.064855,2523,602.8,2252,0.545,0.119,0.328,0.3131,-0.3333,-0.5529
Kay,OK,Oklahoma,73.81,16913,19.24,-0.104389,1918,0.358776,550,4386.9,745,0.604,0.594,0.337,0.4509,-0.2315,-0.5369
Graham,AZ,Arizona,73.46,15215,14.58,-0.104549,1919,0.331972,654,3852.5,851,0.596,0.557,0.109,0.4291,-0.2437,-0.9878
Poquoson City,VA,Virginia,72.28,8024,36.27,-0.104741,1920,0.203444,1386,1868.4,1476,0.562,0.362,0.867,0.3548,-0.2952,1.1117
Cherokee,IA,Iowa,72.04,6105,23.42,-0.104869,1921,0.160950,1708,1396.5,1719,0.555,0.290,0.551,0.3394,-0.3090,-0.1318
Crook,OR,Oregon,73.71,16297,21.30,-0.104888,1922,0.349160,588,4197.8,776,0.602,0.580,0.451,0.4446,-0.2359,-0.3370
Osceola,MI,Michigan,73.11,13184,16.60,-0.105109,1923,0.303030,794,3257.4,985,0.585,0.518,0.204,0.4070,-0.2582,-0.7922
Caddo,OK,Oklahoma,72.51,9496,15.81,-0.105156,1924,0.239841,1144,2248.5,1318,0.567,0.423,0.164,0.3694,-0.2847,-0.8685
Modoc,CA,California,71.81,4016,24.82,-0.105321,1925,0.100284,2214,903.5,2031,0.548,0.183,0.605,0.3251,-0.3240,0.0032
Hopkins,KY,Kentucky,74.80,20537,16.91,-0.105504,1926,0.403804,381,5698.0,537,0.628,0.643,0.222,0.5134,-0.2055,-0.7618
Eddy,ND,North Dakota,71.54,1205,30.52,-0.105849,1927,0.021640,2913,265.6,2516,0.541,0.040,0.767,0.3076,-0.3441,0.5550
Pecos,TX,Texas,71.86,4233,14.07,-0.105856,1928,0.107604,2147,955.9,2000,0.549,0.196,0.093,0.3283,-0.3224,-1.0375
White,AR,Arkansas,79.50,30837,20.36,-0.106628,1929,0.562244,66,11495.8,165,0.766,0.734,0.400,0.8098,-0.1317,-0.4281
Highland,VA,Virginia,71.62,1529,30.84,-0.106863,1930,0.031610,2827,339.0,2474,0.545,0.058,0.772,0.3127,-0.3418,0.5858
Lamar,GA,Georgia,72.75,10412,19.18,-0.106904,1931,0.260928,1019,2507.8,1226,0.576,0.453,0.335,0.3844,-0.2781,-0.5424
Champaign,OH,Ohio,74.89,20475,18.97,-0.106962,1932,0.405102,379,5717.0,533,0.631,0.642,0.322,0.5194,-0.2060,-0.5632
Seward,NE,Nebraska,72.59,9184,33.17,-0.107411,1933,0.234270,1184,2187.0,1348,0.570,0.411,0.820,0.3744,-0.2869,0.8116
Camden,MO,Missouri,76.71,25548,26.22,-0.107496,1934,0.478848,187,8029.2,319,0.688,0.696,0.661,0.6339,-0.1696,0.1392
Forest,PA,Pennsylvania,71.77,2650,12.29,-0.107680,1935,0.062905,2547,594.5,2260,0.547,0.115,0.043,0.3226,-0.3337,-1.2092
Morrow,OR,Oregon,72.02,4732,10.11,-0.107827,1936,0.122655,2014,1081.0,1921,0.555,0.221,0.014,0.3382,-0.3188,-1.4201
Clinton,IN,Indiana,73.16,12450,16.50,-0.108004,1937,0.295176,838,3085.9,1032,0.588,0.502,0.197,0.4099,-0.2635,-0.8014
Marion,IL,Illinois,74.03,16762,16.76,-0.108156,1938,0.359310,546,4415.1,735,0.609,0.590,0.212,0.4650,-0.2326,-0.7763
Stark,IL,Illinois,71.82,2761,21.43,-0.108436,1939,0.066429,2504,621.6,2238,0.549,0.121,0.459,0.3257,-0.3330,-0.3248
Tioga,PA,Pennsylvania,75.38,21587,22.27,-0.108910,1940,0.426405,321,6225.7,466,0.651,0.655,0.500,0.5501,-0.1980,-0.2433
Burt,NE,Nebraska,71.99,3656,24.92,-0.109838,1941,0.091410,2300,833.4,2081,0.554,0.165,0.613,0.3364,-0.3265,0.0134
Jefferson,NE,Nebraska,71.99,3631,20.21,-0.109897,1942,0.090302,2313,827.7,2084,0.554,0.163,0.392,0.3364,-0.3267,-0.4426
Newton,MO,Missouri,78.78,29097,23.54,-0.110236,1943,0.539380,81,10395.3,199,0.745,0.724,0.555,0.7648,-0.1441,-0.1200
Baker,OR,Oregon,72.83,9694,26.14,-0.110240,1944,0.249118,1096,2347.5,1282,0.578,0.431,0.657,0.3892,-0.2832,0.1314
Gibson,TN,Tennessee,75.51,21648,20.53,-0.110282,1945,0.429024,308,6296.7,459,0.654,0.656,0.410,0.5583,-0.1975,-0.4120
Lincoln,GA,Georgia,72.18,4931,15.48,-0.110463,1946,0.129129,1950,1139.3,1877,0.559,0.231,0.150,0.3480,-0.3174,-0.9005
Elmore,ID,Idaho,73.00,10672,22.35,-0.110571,1947,0.267841,982,2616.8,1190,0.581,0.461,0.502,0.4003,-0.2762,-0.2352
Huntingdon,PA,Pennsylvania,76.12,23156,19.22,-0.111489,1948,0.450910,243,7010.4,399,0.673,0.670,0.337,0.5971,-0.1867,-0.5383
Clinton,IL,Illinois,74.92,19230,25.86,-0.111978,1949,0.396258,406,5379.4,575,0.633,0.626,0.646,0.5211,-0.2149,0.1044
Coffee,TN,Tennessee,76.91,24932,21.39,-0.112476,1950,0.478166,188,7934.8,327,0.694,0.689,0.457,0.6464,-0.1740,-0.3289
Norton,KS,Kansas,72.68,7892,22.45,-0.112515,1951,0.203988,1382,1891.2,1469,0.573,0.356,0.507,0.3799,-0.2962,-0.2259
Liberty,TX,Texas,80.58,31323,11.85,-0.112601,1952,0.591200,34,12441.1,137,0.800,0.739,0.033,0.8785,-0.1282,-1.2517
Noble,IN,Indiana,74.93,18964,18.80,-0.113065,1953,0.393726,413,5307.4,589,0.633,0.622,0.314,0.5215,-0.2168,-0.5794
Treutlen,GA,Georgia,72.09,3121,11.86,-0.113234,1954,0.076309,2424,716.7,2169,0.557,0.137,0.033,0.3427,-0.3304,-1.2506
Franklin,IL,Illinois,74.61,17692,15.76,-0.113314,1955,0.378161,467,4847.4,649,0.623,0.607,0.160,0.5016,-0.2259,-0.8738
Box Elder,UT,Utah,79.02,28920,26.70,-0.113409,1956,0.543000,78,10481.8,194,0.750,0.724,0.675,0.7799,-0.1454,0.1853
Appanoose,IA,Iowa,72.55,6484,20.50,-0.113772,1957,0.172104,1603,1539.0,1639,0.568,0.303,0.409,0.3715,-0.3063,-0.4149
Audrain,MO,Missouri,73.16,10523,16.80,-0.113788,1958,0.268716,975,2609.5,1193,0.588,0.457,0.216,0.4103,-0.2773,-0.7724
Greenup,KY,Kentucky,74.60,17374,18.80,-0.114314,1959,0.373822,481,4757.1,674,0.622,0.601,0.314,0.5010,-0.2282,-0.5791
Clinton,MO,Missouri,73.33,11230,22.14,-0.114573,1960,0.283454,899,2817.7,1111,0.593,0.478,0.495,0.4209,-0.2722,-0.2557
Anderson,KY,Kentucky,73.69,13095,26.20,-0.114857,1961,0.310116,758,3369.7,963,0.601,0.516,0.660,0.4437,-0.2589,0.1374
Garfield,WA,Washington,71.97,1352,31.78,-0.114879,1962,0.025438,2880,307.7,2493,0.553,0.046,0.795,0.3349,-0.3431,0.6769
Churchill,NV,Nevada,73.78,13503,17.69,-0.114914,1963,0.316575,720,3494.9,935,0.603,0.525,0.258,0.4490,-0.2559,-0.6863
Garfield,OK,Oklahoma,75.96,21844,23.27,-0.115107,1964,0.440190,276,6544.5,437,0.670,0.657,0.543,0.5869,-0.1961,-0.1469
Evangeline,LA,Louisiana,73.95,14176,13.67,-0.115485,1965,0.326566,680,3713.1,883,0.607,0.538,0.079,0.4599,-0.2511,-1.0758
Taylor,WI,Wisconsin,73.39,11186,17.01,-0.115669,1966,0.283815,895,2817.7,1112,0.595,0.477,0.228,0.4244,-0.2725,-0.7521
Custer,MT,Montana,72.59,5797,27.02,-0.116416,1967,0.155906,1742,1380.0,1732,0.569,0.274,0.684,0.3741,-0.3112,0.2164
Schuyler,IL,Illinois,72.36,3759,19.07,-0.117162,1968,0.095316,2263,880.2,2056,0.564,0.169,0.328,0.3596,-0.3258,-0.5527
Cross,AR,Arkansas,72.74,6534,18.35,-0.117398,1969,0.175950,1578,1572.6,1615,0.575,0.306,0.290,0.3838,-0.3059,-0.6224
Miner,SD,South Dakota,72.07,1167,16.70,-0.117445,1970,0.021128,2917,267.5,2513,0.556,0.038,0.208,0.3410,-0.3444,-0.7828
Randolph,IL,Illinois,74.12,14333,15.25,-0.117707,1971,0.331092,660,3799.2,865,0.612,0.541,0.138,0.4709,-0.2500,-0.9233
Meade,SD,South Dakota,74.20,14672,27.77,-0.117811,1972,0.336472,638,3910.4,840,0.614,0.548,0.703,0.4759,-0.2476,0.2886
Crowley,CO,Colorado,72.16,1706,12.44,-0.118103,1973,0.036335,2780,393.6,2438,0.559,0.065,0.046,0.3468,-0.3405,-1.1951
Navarro,TX,Texas,75.55,19831,18.23,-0.118156,1974,0.416560,344,5785.4,524,0.656,0.635,0.282,0.5611,-0.2106,-0.6345
Knox,IN,Indiana,74.36,15110,19.07,-0.118765,1975,0.342435,618,4070.9,804,0.617,0.555,0.328,0.4859,-0.2444,-0.5531
Mineral,MT,Montana,72.33,2833,26.10,-0.118847,1976,0.069812,2476,661.7,2210,0.563,0.124,0.655,0.3575,-0.3324,0.1269
Pulaski,MO,Missouri,74.47,15549,25.81,-0.118857,1977,0.347934,595,4219.5,771,0.618,0.563,0.644,0.4926,-0.2413,0.0993
Howard,AR,Arkansas,72.57,4473,16.22,-0.119552,1978,0.120059,2034,1063.3,1934,0.569,0.211,0.184,0.3728,-0.3207,-0.8286
Dearborn,IN,Indiana,78.36,26600,25.27,-0.119629,1979,0.515328,109,9264.7,248,0.732,0.704,0.627,0.7383,-0.1620,0.0468
District 8,AK,Alaska,73.58,10805,26.14,-0.120140,1980,0.278535,921,2758.2,1135,0.599,0.465,0.657,0.4364,-0.2753,0.1314
Montgomery,KS,Kansas,72.39,2792,22.59,-0.120195,1981,0.068930,2486,655.0,2217,0.565,0.122,0.514,0.3612,-0.3327,-0.2125
Decatur,IA,Iowa,72.51,3739,23.52,-0.120224,1982,0.095823,2257,884.8,2054,0.567,0.169,0.554,0.3689,-0.3259,-0.1224
Ray,MO,Missouri,73.76,11662,16.22,-0.120581,1983,0.293058,849,3015.2,1054,0.603,0.486,0.184,0.4480,-0.2691,-0.8288
Ford,IL,Illinois,72.91,6553,18.86,-0.120637,1984,0.178332,1555,1596.5,1608,0.579,0.308,0.316,0.3945,-0.3058,-0.5739
Cook,GA,Georgia,73.05,7357,17.86,-0.120878,1985,0.197637,1420,1809.3,1510,0.583,0.339,0.265,0.4029,-0.3000,-0.6704
Marshall,WV,West Virginia,74.12,13233,20.49,-0.121340,1986,0.317628,718,3506.5,931,0.612,0.519,0.407,0.4705,-0.2579,-0.4160
Calhoun,IA,Iowa,72.75,5097,21.82,-0.121474,1987,0.138816,1870,1227.3,1820,0.576,0.241,0.479,0.3842,-0.3162,-0.2869
Pulaski,KY,Kentucky,82.09,31735,18.11,-0.121907,1988,0.626780,23,13724.6,113,0.847,0.740,0.274,0.9735,-0.1252,-0.6460
Wheeler,GA,Georgia,72.41,2276,10.04,-0.122006,1989,0.054336,2618,534.8,2311,0.566,0.096,0.012,0.3627,-0.3364,-1.4273
Dale,AL,Alabama,75.64,19139,20.40,-0.122065,1990,0.411250,359,5613.8,543,0.658,0.625,0.401,0.5663,-0.2155,-0.4246
Barren,KY,Kentucky,75.85,19802,18.32,-0.122162,1991,0.421610,331,5888.4,508,0.665,0.634,0.288,0.5796,-0.2108,-0.6254
Colquitt,GA,Georgia,74.96,16611,15.54,-0.122308,1992,0.373332,482,4658.3,695,0.636,0.587,0.151,0.5235,-0.2337,-0.8951
Gibson,IN,Indiana,74.81,15901,18.52,-0.122812,1993,0.359159,547,4416.6,733,0.629,0.571,0.300,0.5144,-0.2387,-0.6067
Benton,IN,Indiana,72.66,3954,19.84,-0.122819,1994,0.101994,2194,946.1,2007,0.573,0.178,0.372,0.3786,-0.3244,-0.4785
Crawford,OH,Ohio,76.08,20245,17.24,-0.123363,1995,0.430080,302,6111.4,484,0.672,0.640,0.239,0.5942,-0.2076,-0.7303
Dawes,NE,Nebraska,72.70,3868,36.23,-0.123841,1996,0.099876,2219,928.1,2020,0.574,0.174,0.865,0.3810,-0.3250,1.1082
Putnam,IN,Indiana,75.09,16734,20.22,-0.123848,1997,0.376960,470,4735.6,679,0.640,0.589,0.394,0.5321,-0.2328,-0.4415
Nemaha,KS,Kansas,73.13,6784,29.92,-0.124104,1998,0.184905,1514,1678.1,1569,0.587,0.315,0.755,0.4081,-0.3041,0.4974
Sweetwater,WY,Wyoming,75.10,16698,20.90,-0.124164,1999,0.376908,471,4729.2,681,0.641,0.588,0.431,0.5328,-0.2330,-0.3757
Hancock,IA,Iowa,73.01,5939,20.45,-0.124247,2000,0.163261,1675,1456.8,1683,0.581,0.281,0.404,0.4006,-0.3102,-0.4195
Ashley,AR,Arkansas,73.19,7030,12.79,-0.124499,2001,0.191750,1461,1746.1,1534,0.590,0.325,0.055,0.4118,-0.3023,-1.1611
Jackson,LA,Louisiana,73.22,7226,14.69,-0.124591,2002,0.196212,1429,1799.3,1515,0.591,0.332,0.113,0.4140,-0.3009,-0.9768
Hancock,KY,Kentucky,72.85,4633,17.27,-0.124733,2003,0.125426,1993,1123.4,1886,0.578,0.217,0.241,0.3904,-0.3195,-0.7274
Miller,AR,Arkansas,74.94,15803,14.98,-0.125020,2004,0.360112,541,4425.4,729,0.634,0.568,0.125,0.5221,-0.2394,-0.9491
Saline,IL,Illinois,73.83,10605,19.61,-0.125236,2005,0.278300,924,2755.6,1136,0.605,0.460,0.359,0.4526,-0.2767,-0.5003
Stokes,NC,North Carolina,79.29,27175,18.21,-0.125877,2006,0.536760,85,10010.3,216,0.756,0.710,0.281,0.7971,-0.1579,-0.6360
Franklin,TN,Tennessee,76.12,19728,23.88,-0.126060,2007,0.425336,322,5969.6,499,0.673,0.632,0.567,0.5966,-0.2113,-0.0879
Luce,MI,Michigan,72.70,2985,17.35,-0.126206,2008,0.074620,2435,716.1,2170,0.574,0.130,0.242,0.3809,-0.3313,-0.7201
Harrison,KY,Kentucky,73.62,9018,22.47,-0.126502,2009,0.241800,1134,2308.8,1298,0.600,0.403,0.508,0.4391,-0.2881,-0.2241
Taney,MO,Missouri,79.17,26824,25.01,-0.126612,2010,0.532371,88,9807.5,226,0.753,0.707,0.617,0.7892,-0.1604,0.0216
Morton,ND,North Dakota,75.36,17036,28.79,-0.126643,2011,0.387345,440,4908.4,631,0.651,0.595,0.732,0.5492,-0.2306,0.3879
Clarion,PA,Pennsylvania,76.20,19733,23.58,-0.127133,2012,0.426600,319,6002.8,494,0.675,0.632,0.557,0.6017,-0.2113,-0.1163
Wabash,IN,Indiana,74.67,13961,23.10,-0.127725,2013,0.333216,651,3841.3,855,0.624,0.534,0.537,0.5055,-0.2527,-0.1628
Brown,KS,Kansas,72.95,4258,19.63,-0.127776,2014,0.114840,2085,1039.7,1952,0.580,0.198,0.360,0.3966,-0.3222,-0.4994
Elko,NV,Nevada,77.24,22465,17.78,-0.127960,2015,0.466792,214,7301.8,376,0.703,0.664,0.262,0.6675,-0.1917,-0.6781
Greene,TN,Tennessee,82.28,31095,18.70,-0.127964,2016,0.627187,22,13593.2,116,0.851,0.737,0.309,0.9857,-0.1298,-0.5885
Stanley,SD,South Dakota,72.62,1735,28.24,-0.128024,2017,0.038190,2767,414.0,2417,0.570,0.067,0.715,0.3762,-0.3403,0.3346
Guernsey,OH,Ohio,75.64,17601,15.60,-0.128414,2018,0.397432,399,5165.2,605,0.658,0.604,0.153,0.5668,-0.2266,-0.8888
Kane,UT,Utah,73.02,4488,28.76,-0.128577,2019,0.123384,2007,1101.5,1903,0.582,0.212,0.731,0.4011,-0.3206,0.3847
Logan,OH,Ohio,77.68,23406,18.71,-0.128600,2020,0.482541,184,7819.3,333,0.717,0.673,0.309,0.6954,-0.1849,-0.5881
Alleghany,VA,Virginia,73.61,8277,14.65,-0.128727,2021,0.224625,1237,2118.3,1376,0.599,0.375,0.111,0.4387,-0.2934,-0.9811
Jersey,IL,Illinois,74.26,11694,22.64,-0.128951,2022,0.300120,811,3129.0,1018,0.615,0.488,0.517,0.4795,-0.2689,-0.2071
Stafford,KS,Kansas,74.04,10549,27.14,-0.128956,2023,0.279380,912,2779.5,1123,0.610,0.458,0.686,0.4654,-0.2771,0.2278
Eddy,NM,New Mexico,77.72,23342,19.30,-0.129355,2024,0.483214,183,7815.9,334,0.718,0.673,0.342,0.6977,-0.1854,-0.5306
Lanier,GA,Georgia,72.97,3736,19.28,-0.129686,2025,0.097608,2243,913.6,2026,0.581,0.168,0.341,0.3979,-0.3260,-0.5331
Pipestone,MN,Minnesota,73.12,4837,21.83,-0.129718,2026,0.131850,1931,1196.1,1839,0.586,0.225,0.480,0.4078,-0.3181,-0.2862
Mercer,WV,West Virginia,77.90,23584,22.85,-0.130254,2027,0.488025,171,7986.1,323,0.723,0.675,0.527,0.7092,-0.1837,-0.1870
Crawford,IN,Indiana,73.20,5011,11.42,-0.130711,2028,0.139240,1863,1245.8,1812,0.590,0.236,0.026,0.4126,-0.3168,-1.2933
Shoshone,ID,Idaho,73.39,6132,12.68,-0.131030,2029,0.172854,1597,1544.5,1634,0.594,0.291,0.052,0.4243,-0.3088,-1.1719
Crawford,AR,Arkansas,78.10,23834,20.04,-0.131306,2030,0.492856,162,8171.6,305,0.728,0.677,0.382,0.7220,-0.1819,-0.4591
Lake of the Woods,MN,Minnesota,72.86,2347,25.42,-0.131385,2031,0.057321,2596,569.6,2286,0.579,0.099,0.633,0.3911,-0.3359,0.0620
Lucas,IA,Iowa,73.18,4646,15.79,-0.131434,2032,0.128402,1963,1153.6,1867,0.589,0.218,0.163,0.4115,-0.3194,-0.8704
Clinton,OH,Ohio,76.92,20779,19.33,-0.131962,2033,0.449665,246,6620.8,433,0.695,0.647,0.343,0.6476,-0.2038,-0.5275
Mercer,KY,Kentucky,74.47,11851,24.91,-0.132034,2034,0.303929,788,3217.5,999,0.619,0.491,0.611,0.4931,-0.2678,0.0117
Johnson,GA,Georgia,73.12,3984,8.41,-0.132082,2035,0.105300,2164,984.8,1982,0.585,0.180,0.003,0.4074,-0.3242,-1.5852
Matagorda,TX,Texas,74.80,13312,22.16,-0.132104,2036,0.327188,679,3693.6,889,0.628,0.521,0.496,0.5134,-0.2573,-0.2544
District 33,AK,Alaska,73.91,8859,25.04,-0.132370,2037,0.239976,1143,2314.8,1296,0.606,0.396,0.619,0.4577,-0.2892,0.0248
Wharton,TX,Texas,75.60,16453,20.73,-0.132484,2038,0.384345,447,4815.6,661,0.657,0.585,0.422,0.5643,-0.2348,-0.3922
Hamblen,TN,Tennessee,79.03,25501,20.03,-0.132642,2039,0.521945,98,9248.6,252,0.751,0.695,0.381,0.7806,-0.1699,-0.4602
Mitchell,KS,Kansas,74.65,12441,26.20,-0.132835,2040,0.312746,742,3417.5,950,0.623,0.502,0.659,0.5040,-0.2636,0.1366
Roseau,MN,Minnesota,73.88,8499,21.45,-0.132920,2041,0.232925,1191,2215.5,1333,0.605,0.385,0.461,0.4555,-0.2918,-0.3230
Sullivan,PA,Pennsylvania,73.13,3721,21.51,-0.133016,2042,0.098029,2240,920.3,2023,0.587,0.167,0.465,0.4079,-0.3261,-0.3168
Hancock,IL,Illinois,74.00,9065,25.11,-0.133243,2043,0.246848,1110,2382.5,1271,0.608,0.406,0.622,0.4630,-0.2878,0.0314
Lyon,KS,Kansas,73.46,5870,26.28,-0.133253,2044,0.164496,1667,1486.1,1662,0.596,0.276,0.664,0.4289,-0.3107,0.1447
Marion,KS,Kansas,73.35,4968,30.39,-0.133849,2045,0.138996,1867,1248.2,1810,0.594,0.234,0.766,0.4221,-0.3171,0.5430
Coshocton,OH,Ohio,75.67,16337,16.70,-0.133926,2046,0.383460,450,4802.2,664,0.660,0.581,0.209,0.5684,-0.2356,-0.7828
Carter,OK,Oklahoma,76.69,19488,19.92,-0.134789,2047,0.432123,298,6117.5,482,0.687,0.629,0.376,0.6327,-0.2130,-0.4705
Lincoln,WA,Washington,73.80,7144,24.18,-0.135764,2048,0.198716,1415,1851.6,1485,0.604,0.329,0.580,0.4503,-0.3015,-0.0586
Garrett,MD,Maryland,75.66,15838,25.91,-0.135825,2049,0.375630,477,4652.8,698,0.659,0.570,0.648,0.5678,-0.2392,0.1090
Kenedy,TX,Texas,72.78,158,13.01,-0.135878,2050,0.000000,3152,38.1,2632,0.577,0.000,0.062,0.3864,-0.3516,-1.1399
Fall River,SD,South Dakota,73.35,4274,29.42,-0.135971,2051,0.118206,2054,1073.9,1924,0.594,0.199,0.743,0.4221,-0.3221,0.4488
Calhoun,MS,Mississippi,73.63,6034,12.06,-0.136156,2052,0.171600,1608,1546.3,1631,0.600,0.286,0.037,0.4399,-0.3095,-1.2316
Seminole,OK,Oklahoma,73.98,8044,15.89,-0.136292,2053,0.220341,1259,2111.5,1382,0.607,0.363,0.166,0.4619,-0.2951,-0.8613
Meade,KY,Kentucky,75.27,14123,19.98,-0.136579,2054,0.347976,593,4043.2,812,0.648,0.537,0.380,0.5431,-0.2515,-0.4647
Morrison,MN,Minnesota,77.12,20313,18.94,-0.136728,2055,0.447360,255,6554.1,436,0.699,0.640,0.319,0.6602,-0.2071,-0.5660
Franklin,LA,Louisiana,74.15,8798,17.49,-0.136950,2056,0.241522,1135,2336.9,1284,0.613,0.394,0.245,0.4728,-0.2897,-0.7065
Jackson,AR,Arkansas,73.49,4775,14.72,-0.137196,2057,0.132534,1925,1211.3,1828,0.597,0.222,0.114,0.4307,-0.3185,-0.9738
Moultrie,IL,Illinois,73.77,6528,18.96,-0.137334,2058,0.183915,1520,1689.4,1564,0.603,0.305,0.321,0.4489,-0.3059,-0.5637
Mifflin,PA,Pennsylvania,77.86,22071,14.93,-0.137426,2059,0.476520,192,7454.2,362,0.722,0.660,0.123,0.7065,-0.1945,-0.9537
Wayne,WV,West Virginia,75.79,15747,19.18,-0.138103,2060,0.375354,478,4664.3,693,0.662,0.567,0.335,0.5758,-0.2398,-0.5420
Sumner,KS,Kansas,73.41,3836,25.92,-0.138513,2061,0.102935,2185,967.9,1994,0.595,0.173,0.648,0.4259,-0.3252,0.1096
Tucker,WV,West Virginia,73.40,3636,23.60,-0.139022,2062,0.096985,2249,917.1,2025,0.595,0.163,0.558,0.4256,-0.3267,-0.1142
Adams,IN,Indiana,75.38,13966,16.16,-0.139035,2063,0.348168,592,4029.0,819,0.652,0.534,0.182,0.5504,-0.2526,-0.8347
Baxter,AR,Arkansas,77.57,20954,19.45,-0.139344,2064,0.464100,221,6950.1,403,0.714,0.650,0.350,0.6881,-0.2025,-0.5168
Jackson,IN,Indiana,76.78,18654,20.28,-0.139874,2065,0.427729,314,5890.8,507,0.691,0.619,0.396,0.6387,-0.2190,-0.4364
Owen,IN,Indiana,74.52,9876,16.77,-0.139894,2066,0.271560,953,2690.3,1154,0.620,0.438,0.213,0.4962,-0.2819,-0.7755
Polk,TX,Texas,79.10,24292,16.17,-0.140220,2067,0.512112,114,8848.1,271,0.752,0.681,0.183,0.7852,-0.1786,-0.8338
Fergus,MT,Montana,73.97,6712,23.98,-0.140538,2068,0.189991,1472,1760.8,1527,0.607,0.313,0.571,0.4613,-0.3046,-0.0777
Hudspeth,TX,Texas,73.12,1038,9.59,-0.140773,2069,0.017550,2961,256.6,2522,0.585,0.030,0.009,0.4077,-0.3453,-1.4711
Massac,IL,Illinois,73.98,6676,17.05,-0.140838,2070,0.189696,1476,1752.5,1530,0.608,0.312,0.230,0.4619,-0.3049,-0.7488
Hot Spring,AR,Arkansas,75.11,12283,17.52,-0.141148,2071,0.319859,707,3480.4,937,0.641,0.499,0.248,0.5333,-0.2647,-0.7028
Dawson,NE,Nebraska,74.34,8491,17.61,-0.141385,2072,0.236544,1167,2283.9,1305,0.616,0.384,0.253,0.4844,-0.2919,-0.6947
Candler,GA,Georgia,73.69,4568,16.02,-0.141865,2073,0.129215,1949,1175.0,1853,0.601,0.215,0.171,0.4433,-0.3200,-0.8487
McCook,SD,South Dakota,73.47,3031,29.91,-0.142314,2074,0.079401,2398,768.2,2132,0.597,0.133,0.755,0.4299,-0.3310,0.4964
Coffee,AL,Alabama,78.39,22319,22.48,-0.142594,2075,0.485246,177,7785.6,336,0.733,0.662,0.509,0.7399,-0.1927,-0.2226
Jefferson,PA,Pennsylvania,78.84,23129,18.38,-0.143655,2076,0.499074,144,8292.5,298,0.746,0.669,0.292,0.7685,-0.1869,-0.6199
Mahaska,IA,Iowa,74.98,10946,24.13,-0.143928,2077,0.298284,821,3073.9,1039,0.636,0.469,0.578,0.5248,-0.2743,-0.0634
Washington,TX,Texas,76.96,18217,30.73,-0.144379,2078,0.427344,316,5818.2,517,0.696,0.614,0.771,0.6499,-0.2221,0.5761
Gordon,GA,Georgia,81.49,27606,18.81,-0.144831,2079,0.591077,35,11542.9,162,0.829,0.713,0.315,0.9354,-0.1548,-0.5780
Johnson,AR,Arkansas,74.69,9059,17.85,-0.145779,2080,0.253125,1073,2495.2,1234,0.625,0.405,0.265,0.5065,-0.2878,-0.6715
Wyandot,OH,Ohio,75.19,11390,19.59,-0.145876,2081,0.310245,757,3243.9,991,0.645,0.481,0.357,0.5381,-0.2711,-0.5027
Scott,IN,Indiana,74.93,10187,12.69,-0.145930,2082,0.284032,893,2851.5,1097,0.634,0.448,0.052,0.5217,-0.2797,-1.1709
Neshoba,MS,Mississippi,75.08,10861,17.69,-0.145961,2083,0.298240,822,3070.1,1041,0.640,0.466,0.257,0.5310,-0.2749,-0.6868
Todd,MN,Minnesota,75.75,13718,16.11,-0.145975,2084,0.352184,574,4055.0,809,0.662,0.532,0.179,0.5738,-0.2544,-0.8396
Jasper,IN,Indiana,76.34,15826,19.17,-0.146184,2085,0.386351,442,4859.6,643,0.679,0.569,0.334,0.6109,-0.2393,-0.5436
Cavalier,ND,North Dakota,73.53,1987,22.12,-0.146682,2086,0.047242,2683,505.5,2344,0.598,0.079,0.493,0.4333,-0.3385,-0.2580
Tipton,IN,Indiana,74.55,7976,23.54,-0.147110,2087,0.223560,1240,2176.3,1355,0.621,0.360,0.555,0.4977,-0.2956,-0.1200
Greene,IN,Indiana,76.07,14633,16.15,-0.147217,2088,0.367708,509,4416.3,734,0.671,0.548,0.181,0.5940,-0.2478,-0.8362
Clay,NC,North Carolina,74.55,7728,31.78,-0.147966,2089,0.217000,1283,2108.4,1385,0.620,0.350,0.795,0.4976,-0.2973,0.6775
Toombs,GA,Georgia,75.22,10912,18.42,-0.148261,2090,0.301682,803,3114.2,1023,0.646,0.467,0.295,0.5401,-0.2745,-0.6162
Wayne,NE,Nebraska,73.93,4073,30.37,-0.148324,2091,0.112110,2104,1065.1,1932,0.606,0.185,0.765,0.4584,-0.3235,0.5411
Morrow,OH,Ohio,77.47,18857,19.38,-0.148417,2092,0.440910,272,6218.7,467,0.710,0.621,0.348,0.6822,-0.2176,-0.5226
Perry,OH,Ohio,76.87,16992,16.15,-0.148781,2093,0.412335,355,5396.3,569,0.693,0.595,0.181,0.6443,-0.2309,-0.8357
Clark,IL,Illinois,74.70,8206,24.92,-0.149123,2094,0.231875,1198,2262.3,1314,0.625,0.371,0.612,0.5074,-0.2939,0.0128
Nicholas,KY,Kentucky,73.85,3319,9.82,-0.149177,2095,0.088330,2331,863.3,2064,0.605,0.146,0.010,0.4535,-0.3290,-1.4486
Humboldt,IA,Iowa,74.17,5083,19.35,-0.149853,2096,0.147120,1811,1351.6,1745,0.613,0.240,0.345,0.4738,-0.3163,-0.5257
Valley,MT,Montana,74.01,4079,25.74,-0.150088,2097,0.113274,2094,1073.1,1926,0.609,0.186,0.642,0.4639,-0.3235,0.0926
Henry,AL,Alabama,74.99,9320,21.82,-0.150264,2098,0.264355,1003,2619.4,1189,0.637,0.415,0.479,0.5255,-0.2859,-0.2870
Blackford,IN,Indiana,74.20,5136,14.53,-0.150329,2099,0.149816,1798,1368.8,1739,0.614,0.244,0.107,0.4758,-0.3159,-0.9924
Okeechobee,FL,Florida,76.69,16058,15.82,-0.150386,2100,0.394338,412,5041.6,619,0.687,0.574,0.164,0.6329,-0.2376,-0.8674
Fulton,IN,Indiana,74.92,8854,16.93,-0.150669,2101,0.250272,1089,2476.1,1242,0.632,0.396,0.223,0.5209,-0.2893,-0.7600
Washington,KY,Kentucky,74.44,6341,19.59,-0.150765,2102,0.184782,1518,1717.1,1550,0.618,0.299,0.357,0.4906,-0.3073,-0.5028
Lincoln,MT,Montana,75.57,11789,18.95,-0.150797,2103,0.321273,701,3443.1,944,0.657,0.489,0.321,0.5622,-0.2682,-0.5650
Grady,OK,Oklahoma,80.60,25283,22.84,-0.150821,2104,0.555093,74,10051.7,215,0.801,0.693,0.526,0.8795,-0.1715,-0.1883
Dodge,GA,Georgia,74.84,8350,17.20,-0.151129,2105,0.237762,1158,2323.2,1292,0.629,0.378,0.239,0.5160,-0.2929,-0.7339
Acadia,LA,Louisiana,81.52,26720,13.94,-0.151153,2106,0.585150,42,11195.9,171,0.830,0.705,0.088,0.9378,-0.1612,-1.0498
Starke,IN,Indiana,75.29,10478,12.53,-0.151187,2107,0.295295,833,3004.4,1058,0.649,0.455,0.048,0.5446,-0.2776,-1.1865
Taylor,WV,West Virginia,74.63,7265,20.49,-0.151225,2108,0.208705,1341,1993.5,1428,0.623,0.335,0.408,0.5030,-0.3007,-0.4158
Appomattox,VA,Virginia,75.12,9642,19.20,-0.151377,2109,0.275418,933,2733.4,1143,0.642,0.429,0.336,0.5337,-0.2836,-0.5407
Bingham,ID,Idaho,78.39,20651,21.77,-0.151471,2110,0.472696,200,7204.7,386,0.734,0.644,0.478,0.7400,-0.2047,-0.2916
Pocahontas,WV,West Virginia,74.06,3901,19.65,-0.151596,2111,0.107360,2150,1029.5,1956,0.610,0.176,0.362,0.4668,-0.3248,-0.4966
Marion,MO,Missouri,75.96,13153,24.64,-0.151649,2112,0.345873,606,3940.3,835,0.669,0.517,0.599,0.5868,-0.2584,-0.0140
Choctaw,MS,Mississippi,74.06,3890,20.09,-0.151710,2113,0.107360,2149,1026.8,1958,0.610,0.176,0.386,0.4670,-0.3249,-0.4540
Vermilion,LA,Louisiana,81.39,26429,17.57,-0.151715,2114,0.577624,47,10989.9,178,0.824,0.701,0.251,0.9292,-0.1633,-0.6986
Randolph,MO,Missouri,75.46,11028,18.42,-0.151999,2115,0.307563,771,3198.1,1003,0.653,0.471,0.294,0.5554,-0.2737,-0.6163
Worth,GA,Georgia,75.10,9309,11.74,-0.152292,2116,0.265600,993,2635.5,1179,0.640,0.415,0.031,0.5325,-0.2860,-1.2626
Pemiscot,MO,Missouri,74.33,5270,12.62,-0.152349,2117,0.153135,1767,1416.5,1706,0.615,0.249,0.050,0.4837,-0.3150,-1.1774
Andrew,MO,Missouri,75.22,9847,28.85,-0.152401,2118,0.282302,902,2810.4,1114,0.646,0.437,0.733,0.5401,-0.2821,0.3936
Clearwater,MN,Minnesota,74.26,4814,19.84,-0.152650,2119,0.137760,1877,1288.3,1784,0.615,0.224,0.372,0.4797,-0.3182,-0.4786
Lincoln,NE,Nebraska,76.98,16464,22.66,-0.152828,2120,0.407160,371,5264.6,595,0.696,0.585,0.518,0.6511,-0.2347,-0.2058
Perry,IL,Illinois,75.14,9248,13.67,-0.153269,2121,0.265972,988,2625.4,1183,0.644,0.413,0.079,0.5351,-0.2864,-1.0760
Wadena,MN,Minnesota,74.91,8047,19.82,-0.153582,2122,0.230048,1208,2249.6,1317,0.632,0.364,0.372,0.5205,-0.2951,-0.4810
Carroll,IN,Indiana,75.15,9184,17.20,-0.153730,2123,0.264684,1001,2609.3,1195,0.644,0.411,0.237,0.5358,-0.2869,-0.7345
Plymouth,IA,Iowa,76.31,13971,21.68,-0.153757,2124,0.362730,528,4280.4,762,0.678,0.535,0.473,0.6087,-0.2526,-0.3001
Hancock,MS,Mississippi,78.79,21175,26.76,-0.153795,2125,0.484995,178,7569.4,351,0.745,0.651,0.676,0.7654,-0.2009,0.1917
Madison,GA,Georgia,77.15,16787,21.06,-0.153797,2126,0.414400,349,5425.2,566,0.700,0.592,0.439,0.6618,-0.2324,-0.3602
Miami,IN,Indiana,76.34,13977,16.07,-0.154235,2127,0.362730,529,4291.0,758,0.678,0.535,0.177,0.6107,-0.2525,-0.8436
Turner,SD,South Dakota,74.35,4538,27.30,-0.155364,2128,0.131421,1934,1221.7,1825,0.617,0.213,0.693,0.4852,-0.3202,0.2434
Preble,OH,Ohio,79.17,21656,18.49,-0.155932,2129,0.494624,158,7921.0,328,0.754,0.656,0.299,0.7896,-0.1975,-0.6092
Bedford,TN,Tennessee,78.51,20090,17.17,-0.156005,2130,0.470844,204,7059.4,395,0.738,0.638,0.236,0.7475,-0.2087,-0.7367
Prowers,CO,Colorado,74.50,5145,19.25,-0.156233,2131,0.151900,1774,1399.2,1718,0.620,0.245,0.339,0.4946,-0.3159,-0.5354
Lincoln,AR,Arkansas,74.20,3372,11.97,-0.156297,2132,0.091337,2303,898.5,2036,0.613,0.149,0.035,0.4757,-0.3286,-1.2406
Lassen,CA,California,75.80,11371,13.09,-0.156377,2133,0.318903,713,3370.8,962,0.663,0.481,0.065,0.5766,-0.2712,-1.1324
Crawford,IL,Illinois,75.29,8935,20.60,-0.157159,2134,0.258951,1027,2561.5,1206,0.649,0.399,0.414,0.5444,-0.2887,-0.4052
Darke,OH,Ohio,82.34,27002,16.49,-0.157479,2135,0.605486,29,11842.3,155,0.854,0.709,0.196,0.9894,-0.1592,-0.8032
Orange,IN,Indiana,75.24,8595,16.08,-0.157627,2136,0.251683,1083,2456.4,1246,0.647,0.389,0.177,0.5414,-0.2911,-0.8424
Crawford,GA,Georgia,74.79,6340,14.53,-0.157724,2137,0.186846,1498,1758.8,1529,0.627,0.298,0.107,0.5133,-0.3073,-0.9926
Marshall,KY,Kentucky,77.70,17602,21.22,-0.157826,2138,0.433068,290,5887.8,509,0.717,0.604,0.449,0.6966,-0.2266,-0.3451
Wolfe,KY,Kentucky,74.20,2915,8.69,-0.157921,2139,0.077978,2411,776.9,2124,0.614,0.127,0.004,0.4759,-0.3318,-1.5581
Camden,NC,North Carolina,74.81,6304,28.59,-0.158141,2140,0.186516,1500,1750.6,1531,0.628,0.297,0.724,0.5142,-0.3075,0.3681
Henry,MO,Missouri,75.80,10932,16.31,-0.158152,2141,0.310284,756,3240.2,995,0.663,0.468,0.188,0.5764,-0.2744,-0.8206
Jefferson,TN,Tennessee,81.61,25815,20.85,-0.158171,2142,0.581568,45,10870.5,185,0.832,0.699,0.427,0.9434,-0.1677,-0.3812
York,NE,Nebraska,74.94,6984,25.68,-0.158176,2143,0.204470,1379,1956.8,1440,0.635,0.322,0.639,0.5226,-0.3027,0.0868
Warren,TN,Tennessee,77.53,17015,14.11,-0.158286,2144,0.423640,324,5631.8,540,0.712,0.595,0.094,0.6859,-0.2308,-1.0335
Rusk,TX,Texas,79.40,21706,17.53,-0.158423,2145,0.500634,141,8045.1,317,0.762,0.657,0.249,0.8037,-0.1971,-0.7021
Custer,OK,Oklahoma,75.66,10168,31.70,-0.158892,2146,0.295232,836,2986.9,1060,0.659,0.448,0.794,0.5678,-0.2798,0.6692
Summers,WV,West Virginia,74.68,5264,18.77,-0.159340,2147,0.155376,1749,1448.8,1686,0.624,0.249,0.312,0.5058,-0.3150,-0.5819
Cherokee,NC,North Carolina,77.89,17824,24.19,-0.159386,2148,0.440307,274,6031.6,490,0.723,0.609,0.581,0.7085,-0.2250,-0.0576
Carter,TN,Tennessee,81.15,24852,20.63,-0.159583,2149,0.562784,64,10195.0,208,0.818,0.688,0.415,0.9141,-0.1746,-0.4021
Ottawa,OK,Oklahoma,75.95,11178,15.00,-0.159835,2150,0.319113,712,3347.1,965,0.669,0.477,0.126,0.5863,-0.2726,-0.9475
Muhlenberg,KY,Kentucky,76.62,13692,14.66,-0.160007,2151,0.364266,522,4279.8,763,0.686,0.531,0.111,0.6285,-0.2546,-0.9798
Mayes,OK,Oklahoma,77.78,17374,18.04,-0.160139,2152,0.432720,294,5840.8,514,0.720,0.601,0.272,0.7018,-0.2282,-0.6524
Edgar,IL,Illinois,75.27,7912,20.39,-0.160726,2153,0.231336,1202,2264.8,1313,0.648,0.357,0.401,0.5430,-0.2960,-0.4257
District 26,AK,Alaska,75.60,9448,24.30,-0.160823,2154,0.277254,928,2765.3,1129,0.657,0.422,0.586,0.5643,-0.2850,-0.0472
McClain,OK,Oklahoma,79.47,21397,28.71,-0.161164,2155,0.500198,143,7966.5,324,0.766,0.653,0.728,0.8085,-0.1993,0.3797
Randolph,IN,Indiana,75.88,10553,15.05,-0.161254,2156,0.306153,777,3145.8,1015,0.667,0.459,0.129,0.5820,-0.2771,-0.9418
Sullivan,IN,Indiana,75.49,8795,14.55,-0.161322,2157,0.257022,1041,2554.5,1209,0.654,0.393,0.108,0.5569,-0.2897,-0.9903
Henry,TN,Tennessee,77.14,15076,19.13,-0.161712,2158,0.388500,437,4868.2,641,0.700,0.555,0.331,0.6610,-0.2447,-0.5476
Avery,NC,North Carolina,75.68,9489,25.03,-0.161983,2159,0.278520,922,2790.8,1120,0.660,0.422,0.618,0.5689,-0.2847,0.0238
Page,VA,Virginia,76.63,13211,15.25,-0.162242,2160,0.356034,562,4130.6,789,0.686,0.519,0.138,0.6288,-0.2580,-0.9233
Wilcox,GA,Georgia,74.48,3347,15.35,-0.162300,2161,0.091612,2298,909.3,2029,0.619,0.148,0.144,0.4937,-0.3287,-0.9130
Auglaize,OH,Ohio,81.89,25629,21.55,-0.162416,2162,0.585480,41,10962.7,179,0.840,0.697,0.467,0.9610,-0.1690,-0.3127
Cherokee,KS,Kansas,75.53,8717,19.42,-0.162448,2163,0.256105,1049,2539.2,1213,0.655,0.391,0.349,0.5597,-0.2903,-0.5190
Monroe,IA,Iowa,74.65,4158,21.35,-0.162826,2164,0.119808,2037,1142.4,1875,0.624,0.192,0.455,0.5042,-0.3229,-0.3321
Madison,NE,Nebraska,77.41,15690,23.70,-0.162898,2165,0.400728,389,5152.9,607,0.708,0.566,0.560,0.6780,-0.2403,-0.1045
Washington,IN,Indiana,76.55,12723,14.46,-0.163136,2166,0.346104,605,3958.0,833,0.684,0.506,0.104,0.6238,-0.2615,-0.9989
Alexander,NC,North Carolina,79.33,20677,16.66,-0.163541,2167,0.489555,167,7635.2,347,0.759,0.645,0.207,0.7997,-0.2045,-0.7862
Henry,KY,Kentucky,75.46,8074,15.52,-0.163798,2168,0.239364,1149,2341.7,1283,0.654,0.366,0.151,0.5555,-0.2949,-0.8968
Carroll,OH,Ohio,76.95,13819,16.10,-0.164727,2169,0.369740,499,4411.0,737,0.695,0.532,0.178,0.6494,-0.2537,-0.8405
Bath,KY,Kentucky,74.99,5389,12.27,-0.165011,2170,0.162435,1686,1514.3,1644,0.637,0.255,0.042,0.5253,-0.3141,-1.2117
Bedford,PA,Pennsylvania,84.01,28160,16.08,-0.165167,2171,0.642432,18,13520.6,118,0.896,0.717,0.177,1.0949,-0.1509,-0.8425
Blanco,TX,Texas,75.64,8523,35.41,-0.165284,2172,0.253988,1067,2501.0,1232,0.658,0.386,0.856,0.5667,-0.2916,1.0281
Pike,OH,Ohio,76.54,12218,16.32,-0.165334,2173,0.341316,624,3800.0,864,0.684,0.499,0.189,0.6235,-0.2652,-0.8196
Walker,AL,Alabama,85.49,29786,16.56,-0.165377,2174,0.676512,10,15451.7,91,0.928,0.729,0.201,1.1881,-0.1392,-0.7961
Florence,WI,Wisconsin,74.60,3158,25.02,-0.165460,2175,0.085836,2353,864.9,2062,0.622,0.138,0.618,0.5012,-0.3301,0.0229
Shelby,OH,Ohio,82.02,25288,21.37,-0.166102,2176,0.584892,43,10891.5,183,0.844,0.693,0.455,0.9688,-0.1714,-0.3304
Hart,GA,Georgia,77.20,14331,20.82,-0.166306,2177,0.378540,466,4647.3,699,0.701,0.540,0.425,0.6652,-0.2500,-0.3836
McIntosh,OK,Oklahoma,75.68,8439,15.85,-0.166399,2178,0.251841,1081,2483.1,1239,0.661,0.381,0.165,0.5694,-0.2922,-0.8648
Pottawatomie,KS,Kansas,74.82,4082,38.19,-0.166468,2179,0.117623,2061,1134.0,1880,0.629,0.187,0.891,0.5146,-0.3235,1.2980
Sac,IA,Iowa,75.09,5460,22.34,-0.166831,2180,0.165120,1660,1545.0,1632,0.640,0.258,0.501,0.5320,-0.3136,-0.2369
Marshall,MN,Minnesota,75.01,5031,18.74,-0.166935,2181,0.151844,1775,1416.4,1707,0.638,0.238,0.311,0.5271,-0.3167,-0.5849
Dickey,ND,North Dakota,74.56,2453,28.93,-0.167096,2182,0.065205,2519,669.9,2200,0.621,0.105,0.734,0.4986,-0.3352,0.4010
Cameron,PA,Pennsylvania,74.54,2219,12.59,-0.167429,2183,0.057040,2599,605.0,2250,0.620,0.092,0.050,0.4971,-0.3368,-1.1805
Suwannee,FL,Florida,80.22,21891,16.65,-0.167522,2184,0.519820,105,8514.5,288,0.790,0.658,0.206,0.8556,-0.1958,-0.7875
Hardin,OH,Ohio,76.87,12893,19.52,-0.167710,2185,0.352920,571,4094.5,798,0.692,0.510,0.354,0.6443,-0.2603,-0.5097
Catahoula,LA,Louisiana,74.93,4348,15.97,-0.167814,2186,0.128702,1957,1217.3,1827,0.634,0.203,0.170,0.5219,-0.3216,-0.8535
Braxton,WV,West Virginia,75.12,5313,14.38,-0.167909,2187,0.161784,1691,1506.0,1649,0.642,0.252,0.101,0.5336,-0.3147,-1.0067
Jerome,ID,Idaho,75.66,7946,13.99,-0.167971,2188,0.236940,1164,2334.5,1286,0.660,0.359,0.090,0.5679,-0.2958,-1.0452
Carroll,KY,Kentucky,74.88,4025,11.36,-0.168021,2189,0.115473,2079,1123.1,1887,0.631,0.183,0.024,0.5188,-0.3239,-1.2994
Giles,TN,Tennessee,77.07,13487,20.06,-0.168127,2190,0.365752,516,4336.3,753,0.698,0.524,0.384,0.6566,-0.2561,-0.4571
Robertson,TX,Texas,75.72,8158,22.04,-0.168154,2191,0.243909,1127,2405.6,1261,0.661,0.369,0.490,0.5715,-0.2943,-0.2658
Marshall,TN,Tennessee,77.85,15962,23.11,-0.168213,2192,0.412412,354,5387.5,572,0.721,0.572,0.537,0.7059,-0.2383,-0.1624
Park,WY,Wyoming,78.15,16743,35.99,-0.168646,2193,0.429381,305,5755.7,527,0.729,0.589,0.860,0.7247,-0.2327,1.0845
Keokuk,IA,Iowa,75.13,5150,16.98,-0.168704,2194,0.157932,1729,1460.7,1678,0.642,0.246,0.226,0.5342,-0.3158,-0.7558
Bon Homme,SD,South Dakota,74.73,2992,19.60,-0.168741,2195,0.081380,2382,826.6,2085,0.626,0.130,0.358,0.5093,-0.3313,-0.5018
Trigg,KY,Kentucky,75.54,7196,21.74,-0.168768,2196,0.216805,1285,2097.7,1390,0.655,0.331,0.476,0.5604,-0.3012,-0.2946
Lamar,TX,Texas,80.08,21285,21.57,-0.169408,2197,0.511952,115,8209.3,301,0.784,0.653,0.468,0.8464,-0.2001,-0.3106
Alleghany,NC,North Carolina,75.43,6496,23.58,-0.169437,2198,0.198512,1416,1879.9,1472,0.653,0.304,0.557,0.5534,-0.3062,-0.1168
Bryan,OK,Oklahoma,78.59,17812,26.50,-0.169439,2199,0.449312,249,6291.8,461,0.739,0.608,0.669,0.7529,-0.2250,0.1660
Logan,KY,Kentucky,76.89,12511,16.09,-0.169826,2200,0.348579,591,3978.5,831,0.693,0.503,0.178,0.6456,-0.2630,-0.8413
Preston,WV,West Virginia,77.47,14426,17.55,-0.170068,2201,0.386240,444,4757.0,675,0.710,0.544,0.250,0.6821,-0.2493,-0.7004
Laurel,KY,Kentucky,84.33,27887,17.50,-0.170330,2202,0.646548,16,13613.8,114,0.903,0.716,0.246,1.1146,-0.1528,-0.7048
Chase,KS,Kansas,74.56,1462,30.24,-0.170501,2203,0.034776,2800,399.1,2432,0.621,0.056,0.762,0.4982,-0.3423,0.5279
Deuel,SD,South Dakota,74.72,2298,25.05,-0.170947,2204,0.060096,2576,634.2,2231,0.626,0.096,0.619,0.5084,-0.3363,0.0259
Morris,TX,Texas,75.30,5434,15.95,-0.171129,2205,0.167050,1648,1559.4,1621,0.650,0.257,0.169,0.5454,-0.3138,-0.8546
McMinn,TN,Tennessee,81.73,24072,18.62,-0.171257,2206,0.567800,55,10201.6,207,0.835,0.680,0.307,0.9506,-0.1802,-0.5966
Effingham,IL,Illinois,79.25,19084,26.88,-0.171517,2207,0.471120,203,7011.6,398,0.755,0.624,0.679,0.7943,-0.2159,0.2029
Calhoun,TX,Texas,75.83,7832,20.06,-0.171601,2208,0.234745,1179,2326.5,1290,0.665,0.353,0.384,0.5786,-0.2966,-0.4576
Colfax,NE,Nebraska,74.97,3516,14.77,-0.171765,2209,0.100488,2211,987.0,1978,0.636,0.158,0.116,0.5244,-0.3275,-0.9697
Marion,TN,Tennessee,77.43,13933,17.15,-0.171785,2210,0.378606,465,4582.0,708,0.709,0.534,0.235,0.6794,-0.2529,-0.7390
Chambers,TX,Texas,82.36,24973,21.93,-0.172036,2211,0.589095,38,10961.5,180,0.855,0.689,0.484,0.9904,-0.1737,-0.2758
Lea,NM,New Mexico,80.25,21181,15.54,-0.172210,2212,0.515080,110,8250.9,299,0.790,0.652,0.152,0.8572,-0.2009,-0.8950
Ottawa,KS,Kansas,74.88,2675,27.73,-0.172969,2213,0.073080,2449,746.3,2153,0.630,0.116,0.702,0.5185,-0.3336,0.2854
Pittsburg,OK,Oklahoma,78.77,17572,20.20,-0.173228,2214,0.448632,251,6272.5,462,0.744,0.603,0.391,0.7639,-0.2268,-0.4436
Brown,OH,Ohio,80.47,21444,15.71,-0.173460,2215,0.521238,101,8464.4,289,0.797,0.654,0.157,0.8716,-0.1990,-0.8784
Richardson,NE,Nebraska,75.14,3942,23.84,-0.173602,2216,0.114632,2086,1119.0,1891,0.644,0.178,0.565,0.5350,-0.3245,-0.0914
Rush,IN,Indiana,75.91,7656,18.58,-0.173917,2217,0.231796,1199,2286.8,1304,0.668,0.347,0.305,0.5839,-0.2979,-0.6003
Richland,IL,Illinois,75.94,7755,19.08,-0.173949,2218,0.234468,1182,2319.9,1293,0.668,0.351,0.328,0.5854,-0.2971,-0.5525
Griggs,ND,North Dakota,74.71,1289,26.01,-0.174449,2219,0.026875,2863,355.5,2461,0.625,0.043,0.652,0.5079,-0.3435,0.1185
Jackson,WV,West Virginia,77.27,12822,19.61,-0.174529,2220,0.357632,552,4174.2,780,0.704,0.508,0.358,0.6692,-0.2608,-0.5010
DeKalb,AL,Alabama,86.42,29660,14.08,-0.174697,2221,0.688688,8,16137.3,85,0.946,0.728,0.094,1.2469,-0.1401,-1.0360
Fayette,OH,Ohio,77.21,12571,14.41,-0.174802,2222,0.354510,567,4078.1,803,0.702,0.505,0.102,0.6656,-0.2626,-1.0043
Ringgold,IA,Iowa,75.02,2686,24.64,-0.175876,2223,0.074646,2433,756.4,2143,0.638,0.117,0.599,0.5274,-0.3335,-0.0143
Powell,MT,Montana,75.14,3282,19.25,-0.176084,2224,0.091949,2295,931.5,2017,0.643,0.143,0.340,0.5349,-0.3292,-0.5354
Aransas,TX,Texas,77.43,13031,28.81,-0.176228,2225,0.364426,521,4286.2,761,0.709,0.514,0.732,0.6796,-0.2593,0.3898
Miller,GA,Georgia,75.07,2724,21.34,-0.176884,2226,0.076041,2425,769.9,2129,0.639,0.119,0.453,0.5308,-0.3332,-0.3338
Pike,KY,Kentucky,82.19,23950,17.79,-0.177368,2227,0.575622,51,10414.6,196,0.849,0.678,0.262,0.9797,-0.1810,-0.6766
Sanders,MT,Montana,76.22,8069,21.48,-0.177832,2228,0.246740,1112,2457.8,1244,0.676,0.365,0.462,0.6030,-0.2949,-0.3195
Deaf Smith,TX,Texas,75.43,4286,11.43,-0.178218,2229,0.129947,1943,1240.4,1816,0.653,0.199,0.026,0.5534,-0.3220,-1.2922
Kinney,TX,Texas,74.91,1419,11.82,-0.178360,2230,0.032864,2817,396.8,2437,0.632,0.052,0.032,0.5206,-0.3426,-1.2553
Wayne,UT,Utah,74.98,1651,27.71,-0.179063,2231,0.040131,2748,463.9,2385,0.637,0.063,0.701,0.5253,-0.3409,0.2835
Clark,SD,South Dakota,75.03,1842,19.72,-0.179250,2232,0.046647,2690,519.0,2326,0.639,0.073,0.366,0.5279,-0.3395,-0.4902
Scott,MO,Missouri,79.13,17421,22.07,-0.179331,2233,0.452704,239,6356.8,454,0.752,0.602,0.491,0.7871,-0.2278,-0.2631
Sweet Grass,MT,Montana,75.14,2381,24.37,-0.179526,2234,0.064943,2521,675.8,2195,0.643,0.101,0.589,0.5348,-0.3357,-0.0400
Pearl River,MS,Mississippi,82.84,24671,16.96,-0.179565,2235,0.594762,33,11121.2,174,0.867,0.686,0.225,1.0210,-0.1759,-0.7571
Hawkins,TN,Tennessee,84.01,26266,16.16,-0.180003,2236,0.626500,24,12609.2,135,0.895,0.700,0.182,1.0947,-0.1644,-0.8344
Wells,IN,Indiana,78.00,14110,19.95,-0.180030,2237,0.389325,430,4807.8,663,0.725,0.537,0.378,0.7156,-0.2516,-0.4680
Pulaski,IN,Indiana,75.86,5763,14.11,-0.180839,2238,0.180486,1541,1715.6,1551,0.666,0.271,0.095,0.5807,-0.3114,-1.0333
District 27,AK,Alaska,76.58,8860,19.77,-0.181027,2239,0.271945,952,2762.2,1132,0.685,0.397,0.368,0.6259,-0.2892,-0.4856
Delaware,OK,Oklahoma,79.56,18108,19.89,-0.181462,2240,0.470171,207,6776.9,417,0.767,0.613,0.375,0.8140,-0.2229,-0.4741
Yadkin,NC,North Carolina,80.60,20397,17.52,-0.181572,2241,0.512800,113,8107.1,310,0.800,0.641,0.247,0.8792,-0.2065,-0.7033
Titus,TX,Texas,76.96,10214,16.31,-0.181703,2242,0.312504,745,3262.6,981,0.696,0.449,0.189,0.6501,-0.2795,-0.8206
Tattnall,GA,Georgia,76.54,8512,15.40,-0.181832,2243,0.262955,1007,2646.7,1171,0.683,0.385,0.145,0.6233,-0.2917,-0.9086
Iroquois,IL,Illinois,77.87,13324,18.20,-0.182002,2244,0.376162,474,4504.7,717,0.722,0.521,0.280,0.7076,-0.2572,-0.6375
Dickinson,KS,Kansas,76.71,9144,23.70,-0.182034,2245,0.281392,906,2873.7,1092,0.688,0.409,0.560,0.6338,-0.2872,-0.1046
Roane,WV,West Virginia,75.87,5521,15.17,-0.182057,2246,0.173160,1596,1644.7,1587,0.666,0.260,0.133,0.5813,-0.3132,-0.9310
Polk,GA,Georgia,80.08,19171,15.43,-0.182292,2247,0.490784,166,7395.8,368,0.784,0.626,0.148,0.8467,-0.2153,-0.9055
Catron,NM,New Mexico,75.26,2328,31.18,-0.182299,2248,0.063406,2538,666.1,2205,0.647,0.098,0.782,0.5425,-0.3361,0.6187
Ellsworth,KS,Kansas,75.34,2758,22.74,-0.182449,2249,0.078650,2402,793.6,2112,0.650,0.121,0.522,0.5479,-0.3330,-0.1978
Habersham,GA,Georgia,82.23,23280,24.65,-0.182511,2250,0.571021,53,10144.2,211,0.851,0.671,0.600,0.9821,-0.1858,-0.0131
Bourbon,KS,Kansas,76.13,6572,23.86,-0.182537,2251,0.207592,1353,1990.1,1431,0.674,0.308,0.566,0.5973,-0.3056,-0.0899
Humboldt,NV,Nevada,76.48,8030,19.25,-0.182807,2252,0.247203,1107,2486.8,1235,0.681,0.363,0.339,0.6193,-0.2952,-0.5354
Platte,NE,Nebraska,78.72,15658,23.01,-0.182994,2253,0.419795,338,5573.5,550,0.743,0.565,0.534,0.7609,-0.2405,-0.1714
Morgan,OH,Ohio,76.20,6782,14.35,-0.183091,2254,0.212625,1318,2063.7,1403,0.675,0.315,0.100,0.6020,-0.3041,-1.0097
Floyd,KY,Kentucky,78.75,15652,15.32,-0.183484,2255,0.420360,335,5581.5,548,0.744,0.565,0.143,0.7628,-0.2405,-0.9161
Clay,IN,Indiana,77.59,12055,20.33,-0.183732,2256,0.354144,570,4005.7,825,0.714,0.496,0.399,0.6899,-0.2663,-0.4313
Taylor,KY,Kentucky,77.67,12261,23.02,-0.183961,2257,0.357284,559,4093.0,801,0.716,0.499,0.534,0.6946,-0.2648,-0.1712
Custer,ID,Idaho,75.40,2650,29.26,-0.183964,2258,0.075095,2429,765.1,2136,0.653,0.115,0.740,0.5512,-0.3337,0.4328
Pembina,ND,North Dakota,75.51,3112,24.58,-0.184596,2259,0.089735,2319,905.5,2030,0.655,0.137,0.597,0.5586,-0.3304,-0.0198
Cherokee,TX,Texas,80.91,20507,18.94,-0.185015,2260,0.520830,103,8301.0,297,0.810,0.643,0.320,0.8993,-0.2057,-0.5657
Boise,ID,Idaho,75.91,4910,31.17,-0.185252,2261,0.153410,1765,1465.8,1674,0.667,0.230,0.781,0.5834,-0.3175,0.6186
Giles,VA,Virginia,76.91,9234,17.63,-0.185338,2262,0.285928,887,2939.9,1073,0.694,0.412,0.254,0.6468,-0.2865,-0.6927
Crosby,TX,Texas,75.32,1880,15.39,-0.185356,2263,0.048750,2671,540.1,2307,0.650,0.075,0.145,0.5463,-0.3393,-0.9096
Marion,TX,Texas,75.88,4714,15.60,-0.185550,2264,0.146520,1816,1404.9,1714,0.666,0.220,0.153,0.5818,-0.3189,-0.8894
Stone,MO,Missouri,80.31,19123,24.84,-0.185674,2265,0.494208,159,7475.2,359,0.792,0.624,0.606,0.8610,-0.2156,0.0051
Camas,ID,Idaho,75.14,728,34.39,-0.185883,2266,0.009002,3045,206.6,2557,0.643,0.014,0.841,0.5349,-0.3475,0.9296
Webster,MO,Missouri,80.67,19814,18.34,-0.186245,2267,0.509905,119,7909.4,330,0.803,0.635,0.289,0.8840,-0.2107,-0.6242
New Madrid,MO,Missouri,76.39,6811,14.45,-0.186598,2268,0.215560,1294,2097.9,1389,0.680,0.317,0.103,0.6140,-0.3039,-1.0000
Gulf,FL,Florida,76.85,8697,23.51,-0.186778,2269,0.270572,960,2758.9,1133,0.692,0.391,0.554,0.6432,-0.2904,-0.1234
Bradford,FL,Florida,78.38,13932,15.17,-0.186994,2270,0.390689,426,4858.3,644,0.733,0.533,0.133,0.7395,-0.2529,-0.9310
Jay,IN,Indiana,76.72,8103,13.33,-0.187111,2271,0.252863,1075,2549.5,1211,0.689,0.367,0.070,0.6350,-0.2947,-1.1089
Logan,CO,Colorado,77.27,10166,20.12,-0.187302,2272,0.314688,731,3309.9,971,0.704,0.447,0.388,0.6693,-0.2799,-0.4514
Anderson,TX,Texas,80.57,19358,15.39,-0.187799,2273,0.500973,140,7683.6,345,0.799,0.627,0.145,0.8777,-0.2140,-0.9090
Mercer,OH,Ohio,82.98,23753,21.94,-0.187859,2274,0.588796,39,10787.5,189,0.871,0.676,0.485,1.0296,-0.1825,-0.2749
Wabash,IL,Illinois,76.16,5377,18.59,-0.188282,2275,0.172125,1602,1631.5,1592,0.675,0.255,0.305,0.5993,-0.3142,-0.6000
Morgan,WV,West Virginia,77.05,9097,18.03,-0.188440,2276,0.284086,891,2921.3,1075,0.698,0.407,0.271,0.6554,-0.2875,-0.6533
Ida,IA,Iowa,75.81,3655,21.58,-0.188598,2277,0.108896,2130,1084.6,1918,0.664,0.164,0.469,0.5776,-0.3265,-0.3097
Clinch,GA,Georgia,75.69,2908,9.05,-0.189049,2278,0.083286,2366,855.9,2067,0.661,0.126,0.007,0.5696,-0.3319,-1.5227
Spencer,KY,Kentucky,77.76,11480,23.59,-0.189425,2279,0.347277,598,3854.2,849,0.719,0.483,0.557,0.7004,-0.2704,-0.1158
Van Wert,OH,Ohio,78.86,14729,17.09,-0.190318,2280,0.410103,364,5288.6,591,0.747,0.549,0.233,0.7701,-0.2471,-0.7446
Jackson,OH,Ohio,78.74,14287,15.90,-0.190722,2281,0.400477,390,5090.3,612,0.743,0.539,0.167,0.7619,-0.2503,-0.8598
Lagrange,IN,Indiana,77.54,10411,11.53,-0.190962,2282,0.322276,697,3448.4,943,0.713,0.452,0.028,0.6867,-0.2781,-1.2829
Missaukee,MI,Michigan,77.21,9152,18.77,-0.191076,2283,0.286709,882,2968.6,1066,0.701,0.409,0.312,0.6655,-0.2871,-0.5826
Independence,AR,Arkansas,78.67,14011,18.14,-0.191242,2284,0.396970,401,4973.3,627,0.742,0.535,0.275,0.7580,-0.2523,-0.6434
Wetzel,WV,West Virginia,76.49,6168,17.09,-0.191383,2285,0.199826,1409,1912.1,1459,0.682,0.293,0.233,0.6203,-0.3085,-0.7450
Upshur,WV,West Virginia,77.42,9859,18.17,-0.191520,2286,0.309833,760,3241.0,994,0.709,0.437,0.278,0.6790,-0.2821,-0.6402
Barton,KS,Kansas,77.63,10570,21.68,-0.191619,2287,0.328185,674,3519.0,924,0.715,0.459,0.473,0.6919,-0.2770,-0.3009
Powell,KY,Kentucky,76.34,5360,13.78,-0.192036,2288,0.171787,1605,1645.9,1586,0.679,0.253,0.083,0.6110,-0.3143,-1.0647
Lemhi,ID,Idaho,76.24,4874,24.08,-0.192119,2289,0.153679,1761,1486.9,1661,0.677,0.227,0.576,0.6045,-0.3178,-0.0686
Lyon,KY,Kentucky,76.12,4187,16.55,-0.192557,2290,0.130562,1936,1267.1,1796,0.673,0.194,0.199,0.5967,-0.3227,-0.7971
Fayette,IN,Indiana,77.51,9838,16.05,-0.193117,2291,0.309996,759,3251.1,987,0.711,0.436,0.175,0.6843,-0.2822,-0.8457
Houston,TX,Texas,77.38,9365,14.80,-0.193245,2292,0.295108,839,3071.4,1040,0.706,0.418,0.118,0.6766,-0.2856,-0.9661
Glades,FL,Florida,76.42,5279,13.44,-0.193835,2293,0.170000,1622,1628.6,1593,0.680,0.250,0.071,0.6155,-0.3149,-1.0983
Highland,OH,Ohio,81.40,19987,16.26,-0.194765,2294,0.525525,92,8315.8,296,0.825,0.637,0.187,0.9299,-0.2095,-0.8251
Madison,ID,Idaho,80.20,17363,41.81,-0.194995,2295,0.473588,198,6745.2,422,0.788,0.601,0.925,0.8543,-0.2283,1.6486
Pierce,ND,North Dakota,75.79,1970,28.16,-0.194995,2296,0.051714,2643,583.6,2267,0.663,0.078,0.714,0.5759,-0.3386,0.3270
Weakley,TN,Tennessee,78.70,13394,22.69,-0.195009,2297,0.387324,441,4761.6,672,0.742,0.522,0.520,0.7596,-0.2567,-0.2031
Wythe,VA,Virginia,79.45,15439,19.43,-0.195406,2298,0.428604,310,5741.7,529,0.764,0.561,0.350,0.8073,-0.2421,-0.5181
Pocahontas,IA,Iowa,76.13,3582,18.66,-0.195436,2299,0.107840,2144,1085.0,1917,0.674,0.160,0.308,0.5975,-0.3271,-0.5929
Little River,AR,Arkansas,76.42,4899,17.17,-0.195668,2300,0.155720,1745,1512.1,1646,0.680,0.229,0.235,0.6160,-0.3176,-0.7373
Mitchell,NC,North Carolina,77.39,8842,24.20,-0.195930,2301,0.279265,913,2901.3,1081,0.707,0.395,0.581,0.6771,-0.2894,-0.0563
Camp,TX,Texas,76.52,5242,22.25,-0.195999,2302,0.169136,1630,1627.6,1595,0.682,0.248,0.500,0.6219,-0.3152,-0.2455
Adams,ID,Idaho,75.98,2681,21.61,-0.196107,2303,0.078390,2407,804.2,2102,0.670,0.117,0.470,0.5880,-0.3335,-0.3075
Gonzales,TX,Texas,77.12,7755,11.92,-0.196190,2304,0.245349,1120,2502.4,1231,0.699,0.351,0.034,0.6602,-0.2971,-1.2449
Decatur,IN,Indiana,78.37,12111,19.97,-0.196415,2305,0.363804,524,4219.7,770,0.732,0.497,0.379,0.7386,-0.2659,-0.4664
Pike,IN,Indiana,76.72,6009,16.03,-0.196519,2306,0.195676,1431,1889.9,1470,0.689,0.284,0.173,0.6346,-0.3097,-0.8474
Van Zandt,TX,Texas,87.12,27950,19.75,-0.196719,2307,0.684496,9,15751.8,89,0.956,0.716,0.368,1.2911,-0.1524,-0.4873
Lumpkin,GA,Georgia,80.52,17808,31.56,-0.196824,2308,0.484576,180,7047.5,396,0.797,0.608,0.791,0.8745,-0.2251,0.6563
Gallatin,IL,Illinois,76.01,2530,13.60,-0.197351,2309,0.073700,2446,760.3,2141,0.670,0.110,0.077,0.5898,-0.3346,-1.0829
Greene,AR,Arkansas,79.75,15820,16.90,-0.197713,2310,0.440200,275,5987.9,495,0.775,0.568,0.220,0.8261,-0.2393,-0.7635
Aurora,SD,South Dakota,75.81,1393,21.38,-0.197827,2311,0.032536,2819,413.2,2418,0.664,0.049,0.457,0.5772,-0.3428,-0.3291
Meagher,MT,Montana,75.77,1172,29.97,-0.197880,2312,0.025818,2876,346.7,2468,0.662,0.039,0.756,0.5747,-0.3443,0.5025
Montgomery,GA,Georgia,76.34,3973,19.94,-0.198050,2313,0.121362,2028,1219.8,1826,0.678,0.179,0.377,0.6108,-0.3243,-0.4687
Gillespie,TX,Texas,80.05,16492,37.19,-0.198134,2314,0.457470,232,6351.8,455,0.782,0.585,0.880,0.8449,-0.2345,1.2004
Dolores,CO,Colorado,75.83,1419,28.10,-0.198162,2315,0.034580,2801,421.5,2414,0.665,0.052,0.713,0.5785,-0.3426,0.3210
Washington,AL,Alabama,77.41,8441,16.96,-0.198170,2316,0.270456,961,2772.5,1126,0.708,0.382,0.224,0.6781,-0.2922,-0.7572
Winn,LA,Louisiana,76.75,5781,14.35,-0.198208,2317,0.188370,1484,1822.0,1497,0.690,0.273,0.100,0.6367,-0.3113,-1.0099
Bottineau,ND,North Dakota,76.24,3447,30.35,-0.198282,2318,0.103428,2183,1051.5,1940,0.676,0.153,0.765,0.6045,-0.3280,0.5390
Paulding,OH,Ohio,77.64,9277,16.92,-0.198363,2319,0.296424,832,3092.0,1029,0.716,0.414,0.223,0.6930,-0.2862,-0.7612
Monroe,TN,Tennessee,82.99,22323,17.11,-0.198557,2320,0.577473,48,10144.5,210,0.871,0.663,0.234,1.0304,-0.1927,-0.7424
Stephens,OK,Oklahoma,81.05,18620,20.62,-0.199101,2321,0.504485,133,7597.0,349,0.815,0.619,0.414,0.9081,-0.2193,-0.4034
Mason,WV,West Virginia,78.05,10547,16.29,-0.199169,2322,0.332508,653,3604.6,903,0.726,0.458,0.188,0.7187,-0.2771,-0.8223
Harrison,OH,Ohio,77.13,7110,11.54,-0.199365,2323,0.229272,1214,2295.2,1301,0.699,0.328,0.029,0.6606,-0.3018,-1.2819
Graves,KY,Kentucky,80.21,16678,18.40,-0.199399,2324,0.463932,223,6484.4,444,0.789,0.588,0.293,0.8551,-0.2332,-0.6180
LaMoure,ND,North Dakota,76.02,2123,25.34,-0.199426,2325,0.057035,2600,638.7,2226,0.671,0.085,0.631,0.5908,-0.3375,0.0535
Mississippi,MO,Missouri,76.51,4449,14.74,-0.199433,2326,0.141856,1838,1381.0,1731,0.682,0.208,0.115,0.6216,-0.3208,-0.9726
Union,LA,Louisiana,78.05,10475,14.80,-0.199573,2327,0.330785,661,3580.4,913,0.727,0.455,0.118,0.7188,-0.2776,-0.9660
Humphreys,TN,Tennessee,77.44,8264,15.70,-0.199705,2328,0.264830,998,2720.5,1146,0.710,0.373,0.157,0.6804,-0.2935,-0.8790
Gilmer,GA,Georgia,81.03,18481,24.86,-0.199755,2329,0.503052,135,7532.5,354,0.814,0.618,0.608,0.9070,-0.2202,0.0074
Hardin,TX,Texas,87.69,28157,20.98,-0.200200,2330,0.691188,7,16321.2,82,0.964,0.717,0.436,1.3269,-0.1509,-0.3679
Jennings,IN,Indiana,78.52,11809,14.77,-0.200688,2331,0.361620,537,4154.1,784,0.738,0.490,0.117,0.7486,-0.2681,-0.9690
Milam,TX,Texas,78.31,11098,20.55,-0.200825,2332,0.346494,604,3853.8,850,0.731,0.474,0.412,0.7351,-0.2732,-0.4098
Wood,TX,Texas,84.56,24386,21.54,-0.200943,2333,0.619481,28,12052.9,144,0.907,0.683,0.466,1.1294,-0.1779,-0.3140
Crenshaw,AL,Alabama,77.09,6486,18.71,-0.201515,2334,0.212496,1321,2088.3,1393,0.699,0.304,0.310,0.6580,-0.3062,-0.5877
Meigs,OH,Ohio,78.14,10400,12.19,-0.201569,2335,0.329056,666,3574.8,915,0.728,0.452,0.040,0.7246,-0.2782,-1.2189
De Baca,NM,New Mexico,75.91,855,9.27,-0.202215,2336,0.013340,3001,255.2,2525,0.667,0.020,0.008,0.5834,-0.3466,-1.5017
Boone,WV,West Virginia,77.55,8142,11.52,-0.202235,2337,0.262384,1011,2697.8,1152,0.713,0.368,0.028,0.6870,-0.2944,-1.2839
Clay,KS,Kansas,76.59,4113,25.51,-0.202457,2338,0.129465,1946,1282.8,1785,0.685,0.189,0.635,0.6263,-0.3233,0.0707
Rabun,GA,Georgia,78.20,10423,31.27,-0.202464,2339,0.330690,662,3595.3,907,0.730,0.453,0.785,0.7282,-0.2780,0.6277
Davis,IA,Iowa,76.56,3954,17.06,-0.202536,2340,0.121752,2027,1230.8,1818,0.684,0.178,0.231,0.6243,-0.3244,-0.7475
Union,GA,Georgia,80.97,17880,26.86,-0.202714,2341,0.496132,154,7259.8,381,0.812,0.611,0.678,0.9027,-0.2246,0.2010
Pickens,GA,Georgia,82.62,20915,26.67,-0.204278,2342,0.558140,70,9316.6,243,0.860,0.649,0.674,1.0073,-0.2028,0.1829
Polk,MO,Missouri,80.19,15826,22.49,-0.204280,2343,0.448372,252,6145.1,475,0.788,0.569,0.509,0.8537,-0.2393,-0.2217
Carter,KY,Kentucky,78.63,11422,15.95,-0.204544,2344,0.356421,561,4043.4,811,0.741,0.481,0.168,0.7552,-0.2709,-0.8556
Jackson,CO,Colorado,76.02,834,31.26,-0.204770,2345,0.012078,3013,250.8,2533,0.671,0.018,0.784,0.5905,-0.3468,0.6270
Lawrence,IL,Illinois,77.17,6110,14.95,-0.204837,2346,0.203000,1389,1977.1,1433,0.700,0.290,0.124,0.6630,-0.3089,-0.9522
Divide,ND,North Dakota,76.10,1201,26.73,-0.205041,2347,0.026208,2867,363.1,2453,0.672,0.039,0.675,0.5958,-0.3441,0.1886
Sequoyah,OK,Oklahoma,80.16,15583,15.15,-0.205267,2348,0.443868,264,6039.1,489,0.787,0.564,0.133,0.8516,-0.2410,-0.9324
Lawrence,MO,Missouri,81.41,18427,16.89,-0.205301,2349,0.509642,120,7671.0,346,0.826,0.617,0.220,0.9305,-0.2206,-0.7641
Liberty,MT,Montana,76.11,988,27.85,-0.206171,2350,0.017498,2964,298.9,2499,0.673,0.026,0.705,0.5965,-0.3457,0.2965
Colorado,TX,Texas,78.29,9994,22.93,-0.206210,2351,0.322371,695,3465.3,940,0.731,0.441,0.530,0.7336,-0.2811,-0.1792
Limestone,TX,Texas,78.03,9075,18.53,-0.206335,2352,0.294756,841,3097.1,1028,0.726,0.406,0.302,0.7172,-0.2877,-0.6051
Hardee,FL,Florida,77.81,8143,12.10,-0.207071,2353,0.264960,996,2742.0,1141,0.720,0.368,0.039,0.7034,-0.2944,-1.2282
Grimes,TX,Texas,79.69,14051,19.71,-0.207154,2354,0.413792,351,5298.0,590,0.772,0.536,0.366,0.8220,-0.2520,-0.4909
Pershing,NV,Nevada,76.43,2308,6.15,-0.207239,2355,0.066057,2509,712.7,2174,0.681,0.097,0.000,0.6164,-0.3362,-1.8039
Gallia,OH,Ohio,79.33,13002,20.49,-0.207408,2356,0.388096,438,4798.8,666,0.758,0.512,0.407,0.7992,-0.2595,-0.4160
Le Flore,OK,Oklahoma,81.76,18754,15.42,-0.207952,2357,0.517700,107,7962.5,325,0.835,0.620,0.147,0.9526,-0.2183,-0.9063
Bath,VA,Virginia,76.53,2582,16.69,-0.208138,2358,0.076496,2422,802.4,2104,0.683,0.112,0.208,0.6227,-0.3342,-0.7837
Smyth,VA,Virginia,79.90,14420,16.81,-0.208247,2359,0.421911,328,5503.7,561,0.777,0.543,0.216,0.8351,-0.2494,-0.7723
Irwin,GA,Georgia,76.92,4342,15.21,-0.208260,2360,0.140188,1853,1383.4,1727,0.694,0.202,0.136,0.6475,-0.3216,-0.9269
Breckinridge,KY,Kentucky,78.44,10048,14.18,-0.208698,2361,0.326340,681,3517.3,926,0.735,0.444,0.096,0.7435,-0.2807,-1.0262
Parke,IN,Indiana,77.52,6654,15.41,-0.208963,2362,0.221432,1251,2200.5,1343,0.712,0.311,0.146,0.6850,-0.3050,-0.9070
Jefferson Davis,LA,Louisiana,79.94,14358,15.38,-0.209336,2363,0.420898,332,5494.7,562,0.778,0.541,0.144,0.8380,-0.2498,-0.9103
Mineral,WV,West Virginia,79.41,12904,23.74,-0.209336,2364,0.389130,432,4786.2,669,0.763,0.510,0.562,0.8044,-0.2602,-0.1013
Van Buren,IA,Iowa,76.83,3625,18.80,-0.209620,2365,0.111942,2108,1148.0,1869,0.691,0.162,0.315,0.6415,-0.3268,-0.5790
Butler,MO,Missouri,81.46,17860,15.78,-0.209844,2366,0.505690,131,7457.5,361,0.829,0.610,0.162,0.9339,-0.2247,-0.8717
Lincoln,ID,Idaho,76.47,1917,11.10,-0.209905,2367,0.051756,2641,593.6,2262,0.681,0.076,0.022,0.6192,-0.3390,-1.3250
Coffey,KS,Kansas,77.02,4377,19.68,-0.209986,2368,0.142885,1835,1402.8,1716,0.697,0.205,0.363,0.6534,-0.3214,-0.4939
Ripley,IN,Indiana,80.01,14405,20.72,-0.210193,2369,0.423540,325,5536.0,556,0.780,0.543,0.421,0.8426,-0.2495,-0.3934
Carbon,WY,Wyoming,77.53,6387,24.35,-0.210569,2370,0.213900,1306,2114.2,1380,0.713,0.300,0.588,0.6860,-0.3070,-0.0420
Wayne,GA,Georgia,79.72,13561,16.20,-0.210573,2371,0.408144,368,5123.2,610,0.773,0.528,0.183,0.8241,-0.2555,-0.8305
Hyde,SD,South Dakota,76.26,695,20.28,-0.210620,2372,0.009478,3042,212.3,2552,0.677,0.014,0.396,0.6056,-0.3478,-0.4358
Dawson,GA,Georgia,82.38,19561,36.44,-0.210817,2373,0.538650,82,8598.5,280,0.855,0.630,0.868,0.9920,-0.2125,1.1279
Lawrence,AL,Alabama,80.78,16122,15.21,-0.211345,2374,0.464256,219,6477.8,446,0.806,0.576,0.136,0.8911,-0.2372,-0.9263
Bleckley,GA,Georgia,77.51,6044,19.76,-0.211912,2375,0.203632,1384,1998.4,1426,0.712,0.286,0.368,0.6849,-0.3094,-0.4865
Washington,IL,Illinois,77.92,7562,23.47,-0.212012,2376,0.248712,1098,2563.1,1205,0.723,0.344,0.552,0.7102,-0.2985,-0.1269
Fillmore,NE,Nebraska,76.83,3013,22.88,-0.212563,2377,0.091344,2302,954.6,2001,0.692,0.132,0.528,0.6419,-0.3311,-0.1846
Hale,TX,Texas,78.44,9285,15.31,-0.212672,2378,0.304290,786,3249.2,989,0.735,0.414,0.142,0.7431,-0.2862,-0.9166
McLean,KY,Kentucky,77.21,4634,16.82,-0.212727,2379,0.152334,1770,1503.5,1653,0.702,0.217,0.217,0.6658,-0.3195,-0.7707
Cooke,TX,Texas,83.02,20447,23.65,-0.212790,2380,0.558952,69,9306.6,244,0.872,0.641,0.559,1.0322,-0.2062,-0.1094
Atkinson,GA,Georgia,76.87,3057,8.95,-0.213175,2381,0.092862,2279,970.9,1992,0.693,0.134,0.006,0.6444,-0.3308,-1.5329
Newton,IN,Indiana,77.73,6601,15.27,-0.213335,2382,0.222171,1246,2212.0,1335,0.719,0.309,0.139,0.6985,-0.3054,-0.9213
Calhoun,IL,Illinois,76.83,2680,20.12,-0.213982,2383,0.080964,2384,848.8,2071,0.692,0.117,0.388,0.6416,-0.3335,-0.4518
Jackson,OK,Oklahoma,78.17,8053,24.82,-0.214234,2384,0.265356,994,2772.3,1127,0.729,0.364,0.605,0.7262,-0.2950,0.0039
Sherman,OR,Oregon,76.53,1163,16.04,-0.214395,2385,0.025954,2873,361.3,2455,0.683,0.038,0.174,0.6225,-0.3444,-0.8468
Llano,TX,Texas,79.99,13629,32.36,-0.214515,2386,0.412870,353,5230.8,598,0.779,0.530,0.807,0.8411,-0.2550,0.7332
Jackson,AL,Alabama,85.21,23556,15.92,-0.215240,2387,0.623025,26,12046.7,145,0.923,0.675,0.167,1.1706,-0.1839,-0.8578
Trimble,KY,Kentucky,77.27,4249,17.08,-0.215649,2388,0.138688,1871,1383.2,1728,0.704,0.197,0.232,0.6691,-0.3223,-0.7458
Lincoln,OK,Oklahoma,80.80,15465,16.14,-0.215715,2389,0.452727,238,6217.8,468,0.807,0.561,0.180,0.8919,-0.2419,-0.8367
Toole,MT,Montana,76.78,2046,22.51,-0.215952,2390,0.056662,2603,646.2,2220,0.691,0.082,0.510,0.6388,-0.3381,-0.2204
Wise,VA,Virginia,81.40,16776,15.77,-0.216144,2391,0.487575,172,6979.1,402,0.825,0.591,0.162,0.9298,-0.2325,-0.8729
White Pine,NV,Nevada,77.32,4351,12.36,-0.216181,2392,0.143115,1833,1420.9,1705,0.705,0.203,0.044,0.6723,-0.3216,-1.2027
Okfuskee,OK,Oklahoma,77.23,3988,14.30,-0.216215,2393,0.127243,1979,1295.5,1779,0.703,0.181,0.099,0.6670,-0.3242,-1.0146
Ohio,IN,Indiana,77.03,3091,17.76,-0.216300,2394,0.095626,2260,991.5,1976,0.698,0.137,0.260,0.6543,-0.3306,-0.6802
Shelby,IL,Illinois,79.41,11670,18.32,-0.216440,2395,0.371581,493,4328.3,754,0.763,0.487,0.287,0.8044,-0.2691,-0.6258
Lampasas,TX,Texas,79.29,11301,24.27,-0.216598,2396,0.363360,525,4163.0,782,0.757,0.480,0.585,0.7971,-0.2717,-0.0498
Sanborn,SD,South Dakota,76.65,1212,21.30,-0.216866,2397,0.028167,2854,379.5,2446,0.687,0.041,0.451,0.6303,-0.3441,-0.3377
Union,NM,New Mexico,76.74,1625,18.38,-0.216900,2398,0.042780,2727,511.7,2335,0.690,0.062,0.292,0.6359,-0.3411,-0.6196
Boone,AR,Arkansas,81.63,17112,17.19,-0.217255,2399,0.497301,150,7212.0,384,0.833,0.597,0.236,0.9443,-0.2301,-0.7348
Crockett,TX,Texas,76.71,1417,10.68,-0.217263,2400,0.035828,2788,445.5,2403,0.689,0.052,0.018,0.6342,-0.3426,-1.3656
Benton,MO,Missouri,79.17,10769,14.96,-0.217515,2401,0.349392,587,3938.3,838,0.753,0.464,0.124,0.7894,-0.2755,-0.9506
Union,IN,Indiana,77.22,3494,18.39,-0.218296,2402,0.109512,2127,1134.1,1879,0.702,0.156,0.293,0.6662,-0.3277,-0.6185
Barry,MO,Missouri,81.27,16165,14.61,-0.218398,2403,0.474538,196,6678.8,427,0.821,0.578,0.110,0.9221,-0.2369,-0.9847
Hardy,WV,West Virginia,77.94,6411,15.66,-0.218419,2404,0.217924,1275,2176.8,1353,0.724,0.301,0.155,0.7120,-0.3068,-0.8833
Austin,TX,Texas,80.98,15383,25.07,-0.219049,2405,0.453908,237,6250.0,463,0.812,0.559,0.621,0.9034,-0.2425,0.0279
Box Butte,NE,Nebraska,77.61,4931,18.58,-0.219302,2406,0.164934,1661,1640.2,1588,0.714,0.231,0.305,0.6909,-0.3174,-0.6007
Dyer,TN,Tennessee,80.61,14394,21.11,-0.219645,2407,0.435486,288,5726.0,532,0.802,0.543,0.441,0.8802,-0.2496,-0.3554
Ohio,KY,Kentucky,79.35,10937,13.86,-0.219728,2408,0.355680,564,4043.4,810,0.760,0.468,0.085,0.8009,-0.2743,-1.0572
Greene,IL,Illinois,77.92,6056,18.97,-0.219813,2409,0.207788,1351,2053.5,1407,0.724,0.287,0.322,0.7106,-0.3093,-0.5627
Carroll,VA,Virginia,81.39,16160,16.91,-0.220102,2410,0.476272,193,6719.1,424,0.824,0.578,0.221,0.9291,-0.2369,-0.7624
Stone,MS,Mississippi,78.47,7919,17.19,-0.220532,2411,0.263846,1004,2776.4,1124,0.737,0.358,0.236,0.7451,-0.2960,-0.7350
Fayette,TX,Texas,80.26,13331,27.45,-0.220618,2412,0.411590,357,5196.0,601,0.790,0.521,0.696,0.8579,-0.2572,0.2584
Lake,TN,Tennessee,77.00,1939,9.41,-0.221027,2413,0.054366,2617,620.7,2240,0.697,0.078,0.008,0.6523,-0.3388,-1.4880
Republic,KS,Kansas,77.48,3966,21.50,-0.221475,2414,0.127269,1978,1308.8,1773,0.711,0.179,0.464,0.6829,-0.3243,-0.3175
Noble,OK,Oklahoma,77.73,4957,18.19,-0.221524,2415,0.167294,1642,1660.9,1579,0.718,0.233,0.279,0.6984,-0.3172,-0.6387
Taylor,IA,Iowa,77.28,3081,16.01,-0.221563,2416,0.095880,2255,1003.9,1966,0.705,0.136,0.171,0.6701,-0.3307,-0.8490
Perry,AR,Arkansas,77.64,4584,16.47,-0.221598,2417,0.153725,1760,1527.5,1641,0.715,0.215,0.195,0.6928,-0.3199,-0.8049
Bandera,TX,Texas,80.43,13600,27.24,-0.221818,2418,0.421613,330,5355.5,580,0.797,0.529,0.691,0.8690,-0.2552,0.2374
Perry,KY,Kentucky,79.19,9992,14.75,-0.222296,2419,0.332955,652,3658.8,891,0.755,0.441,0.116,0.7908,-0.2811,-0.9710
Blount,AL,Alabama,90.03,28163,15.82,-0.222370,2420,0.706962,5,18272.0,64,0.986,0.717,0.164,1.4743,-0.1508,-0.8679
Madison,AR,Arkansas,78.46,7501,12.86,-0.222514,2421,0.251712,1082,2627.7,1182,0.736,0.342,0.057,0.7443,-0.2990,-1.1538
Howell,MO,Missouri,82.94,18968,17.82,-0.222715,2422,0.541140,79,8598.5,281,0.870,0.622,0.263,1.0275,-0.2168,-0.6744
Hill,TX,Texas,81.82,16706,17.99,-0.222855,2423,0.493582,160,7117.8,393,0.838,0.589,0.270,0.9566,-0.2330,-0.6576
Linn,MO,Missouri,78.02,5687,19.24,-0.223608,2424,0.193575,1452,1940.0,1448,0.725,0.267,0.338,0.7168,-0.3120,-0.5362
Jasper,GA,Georgia,79.00,9118,19.54,-0.223702,2425,0.305592,781,3300.0,976,0.749,0.408,0.355,0.7784,-0.2874,-0.5077
Pike,MO,Missouri,78.62,7824,16.64,-0.223801,2426,0.261220,1015,2767.7,1128,0.740,0.353,0.205,0.7544,-0.2967,-0.7886
Nicholas,WV,West Virginia,79.31,10037,23.31,-0.224047,2427,0.336552,637,3700.1,886,0.758,0.444,0.546,0.7979,-0.2808,-0.1431
Hopkins,TX,Texas,81.98,16778,21.88,-0.224642,2428,0.499056,146,7210.7,385,0.843,0.592,0.482,0.9664,-0.2325,-0.2815
Harney,OR,Oregon,77.72,4255,18.27,-0.224873,2429,0.142164,1837,1424.9,1704,0.718,0.198,0.283,0.6978,-0.3222,-0.6308
Morgan,UT,Utah,78.40,6760,38.37,-0.225434,2430,0.230476,1206,2360.4,1276,0.734,0.314,0.892,0.7409,-0.3043,1.3148
McLean,ND,North Dakota,78.05,5421,26.14,-0.225535,2431,0.185856,1503,1852.4,1483,0.726,0.256,0.657,0.7185,-0.3139,0.1315
Webster,KY,Kentucky,78.10,5556,12.76,-0.225776,2432,0.190474,1470,1904.1,1462,0.727,0.262,0.054,0.7215,-0.3129,-1.1643
Chariton,MO,Missouri,77.75,4089,22.62,-0.226211,2433,0.135172,1899,1371.5,1736,0.719,0.188,0.515,0.6994,-0.3234,-0.2093
Craig,OK,Oklahoma,78.27,6056,15.30,-0.226580,2434,0.209510,1336,2097.6,1391,0.730,0.287,0.142,0.7325,-0.3093,-0.9175
Morgan,MO,Missouri,79.35,9735,16.61,-0.226601,2435,0.327888,675,3598.7,904,0.759,0.432,0.205,0.8008,-0.2830,-0.7908
Livingston,MO,Missouri,78.50,6873,17.51,-0.226619,2436,0.235103,1175,2413.5,1257,0.737,0.319,0.247,0.7468,-0.3035,-0.7037
Warren,IN,Indiana,77.85,4370,17.50,-0.226906,2437,0.147805,1808,1475.1,1666,0.721,0.205,0.246,0.7060,-0.3214,-0.7047
Charlton,GA,Georgia,77.94,4628,12.30,-0.227409,2438,0.156384,1739,1570.8,1618,0.724,0.216,0.043,0.7116,-0.3196,-1.2087
Sedgwick,CO,Colorado,77.17,1358,27.20,-0.227507,2439,0.032947,2815,439.5,2407,0.701,0.047,0.689,0.6633,-0.3430,0.2339
Pawnee,OK,Oklahoma,78.56,6880,16.87,-0.227835,2440,0.235741,1172,2425.5,1255,0.739,0.319,0.219,0.7509,-0.3034,-0.7663
Lincoln,TN,Tennessee,81.89,16128,20.64,-0.227925,2441,0.484416,181,6899.9,405,0.841,0.576,0.417,0.9612,-0.2371,-0.4008
Grayson,KY,Kentucky,80.28,12095,16.14,-0.228632,2442,0.392336,422,4721.0,684,0.791,0.496,0.180,0.8594,-0.2660,-0.8367
Taylor,FL,Florida,79.56,9997,16.54,-0.228839,2443,0.339456,629,3741.9,876,0.768,0.442,0.199,0.8142,-0.2811,-0.7983
Juniata,PA,Pennsylvania,80.31,12104,15.00,-0.229100,2444,0.393624,416,4733.1,680,0.792,0.497,0.126,0.8614,-0.2660,-0.9475
Wayne,IA,Iowa,77.66,3124,17.20,-0.229208,2445,0.098808,2231,1042.1,1950,0.716,0.138,0.238,0.6938,-0.3303,-0.7342
Vernon,MO,Missouri,79.26,8973,16.57,-0.229286,2446,0.303912,789,3298.8,977,0.756,0.402,0.202,0.7950,-0.2884,-0.7951
Switzerland,IN,Indiana,77.95,4258,8.86,-0.229474,2447,0.143550,1829,1446.0,1687,0.725,0.198,0.006,0.7122,-0.3222,-1.5418
Putnam,OH,Ohio,83.90,19758,26.36,-0.229551,2448,0.565902,57,9427.2,240,0.894,0.633,0.666,1.0874,-0.2111,0.1529
San Augustine,TX,Texas,77.85,3747,13.77,-0.230059,2449,0.121849,2025,1264.8,1797,0.721,0.169,0.082,0.7060,-0.3259,-1.0662
Lewis,WV,West Virginia,78.75,7048,18.87,-0.230452,2450,0.242544,1132,2512.6,1224,0.744,0.326,0.317,0.7625,-0.3022,-0.5721
Stark,ND,North Dakota,81.61,15100,30.01,-0.230605,2451,0.461760,228,6357.7,453,0.832,0.555,0.756,0.9432,-0.2445,0.5056
Carroll,TN,Tennessee,80.35,11882,18.10,-0.231081,2452,0.389854,428,4656.0,696,0.794,0.491,0.273,0.8637,-0.2676,-0.6466
Caldwell,KY,Kentucky,78.54,6188,17.08,-0.231133,2453,0.216234,1289,2178.7,1352,0.738,0.293,0.232,0.7495,-0.3084,-0.7453
Lincoln,KY,Kentucky,80.05,11034,15.94,-0.231223,2454,0.368322,505,4250.1,767,0.782,0.471,0.168,0.8450,-0.2736,-0.8563
Fountain,IN,Indiana,79.07,7982,14.69,-0.231306,2455,0.271111,958,2900.6,1083,0.751,0.361,0.112,0.7827,-0.2955,-0.9769
Menifee,KY,Kentucky,77.81,3294,14.86,-0.231504,2456,0.103680,2181,1109.1,1897,0.720,0.144,0.120,0.7034,-0.3291,-0.9606
Union,KY,Kentucky,78.54,6058,13.09,-0.231864,2457,0.211806,1325,2133.1,1369,0.738,0.287,0.065,0.7496,-0.3093,-1.1316
Tazewell,VA,Virginia,84.15,19858,16.60,-0.232187,2458,0.571764,52,9605.5,237,0.899,0.636,0.204,1.1037,-0.2104,-0.7925
Dawson,MT,Montana,78.20,4638,21.77,-0.232663,2459,0.158922,1724,1599.8,1606,0.729,0.218,0.477,0.7282,-0.3195,-0.2921
Van Buren,AR,Arkansas,79.03,7621,15.00,-0.232697,2460,0.259500,1024,2763.9,1131,0.750,0.346,0.127,0.7806,-0.2981,-0.9467
Fannin,GA,Georgia,82.21,16096,24.16,-0.232817,2461,0.488750,168,7006.6,400,0.850,0.575,0.579,0.9809,-0.2373,-0.0606
Payette,ID,Idaho,80.42,11761,17.30,-0.233014,2462,0.389244,431,4627.2,701,0.796,0.489,0.241,0.8681,-0.2684,-0.7246
Johnson,IL,Illinois,78.62,6103,19.56,-0.233110,2463,0.214600,1302,2158.9,1361,0.740,0.290,0.355,0.7544,-0.3090,-0.5059
Garrard,KY,Kentucky,79.47,8917,18.72,-0.233363,2464,0.304470,784,3318.5,969,0.765,0.398,0.310,0.8080,-0.2888,-0.5874
Lawrence,TN,Tennessee,84.11,19533,15.18,-0.234175,2465,0.565740,58,9426.5,241,0.898,0.630,0.134,1.1009,-0.2127,-0.9299
Todd,KY,Kentucky,78.42,5112,16.53,-0.234606,2466,0.177628,1563,1787.3,1517,0.734,0.242,0.198,0.7422,-0.3161,-0.7990
Gilmer,WV,West Virginia,77.73,2344,18.53,-0.234647,2467,0.071082,2460,785.5,2119,0.718,0.099,0.302,0.6985,-0.3359,-0.6055
Broadwater,MT,Montana,78.38,4810,27.30,-0.235310,2468,0.164192,1671,1677.1,1570,0.733,0.224,0.693,0.7394,-0.3183,0.2437
Hutchinson,SD,South Dakota,78.10,3736,28.77,-0.235379,2469,0.122304,2016,1281.1,1787,0.728,0.168,0.731,0.7221,-0.3260,0.3858
Laclede,MO,Missouri,82.89,17076,16.32,-0.235914,2470,0.517328,108,7719.4,342,0.868,0.596,0.190,1.0243,-0.2303,-0.8190
White,IL,Illinois,79.04,7067,18.29,-0.236022,2471,0.245577,1119,2564.7,1204,0.751,0.327,0.285,0.7813,-0.3021,-0.6284
Grant,OR,Oregon,78.32,4456,17.68,-0.236033,2472,0.152779,1768,1548.3,1629,0.731,0.209,0.256,0.7358,-0.3208,-0.6874
Patrick,VA,Virginia,79.87,9698,15.12,-0.236093,2473,0.334456,646,3696.3,887,0.776,0.431,0.130,0.8336,-0.2832,-0.9358
Stephens,GA,Georgia,81.17,13099,15.14,-0.236905,2474,0.422088,327,5379.1,576,0.818,0.516,0.132,0.9153,-0.2588,-0.9340
Erath,TX,Texas,83.64,18351,32.05,-0.236977,2475,0.546392,77,8637.8,279,0.887,0.616,0.800,1.0714,-0.2212,0.7036
Marion,AR,Arkansas,79.35,7851,14.88,-0.237420,2476,0.269800,970,2902.2,1080,0.760,0.355,0.120,0.8009,-0.2965,-0.9587
Hickman,TN,Tennessee,80.17,10309,13.86,-0.237728,2477,0.354150,569,3998.6,826,0.787,0.450,0.085,0.8526,-0.2788,-1.0577
Knott,KY,Kentucky,78.83,6003,19.50,-0.237758,2478,0.210835,1330,2150.6,1363,0.745,0.283,0.353,0.7677,-0.3097,-0.5117
Hart,KY,Kentucky,79.57,8409,12.22,-0.238212,2479,0.291840,852,3148.6,1012,0.768,0.380,0.041,0.8145,-0.2925,-1.2159
Judith Basin,MT,Montana,77.68,1353,30.99,-0.238502,2480,0.032982,2814,452.0,2397,0.717,0.046,0.776,0.6953,-0.3430,0.6004
Wheatland,MT,Montana,77.62,1086,23.18,-0.238638,2481,0.022880,2901,361.5,2454,0.715,0.032,0.539,0.6918,-0.3450,-0.1551
Terrell,TX,Texas,77.53,405,26.87,-0.239953,2482,0.002848,3115,134.0,2590,0.712,0.004,0.678,0.6859,-0.3498,0.2015
Crockett,TN,Tennessee,78.94,5921,16.56,-0.240404,2483,0.209160,1338,2135.5,1367,0.747,0.280,0.201,0.7748,-0.3103,-0.7959
Foster,ND,North Dakota,77.86,1703,28.49,-0.240698,2484,0.046930,2686,575.3,2278,0.722,0.065,0.722,0.7068,-0.3405,0.3589
Gooding,ID,Idaho,79.01,5918,16.24,-0.241866,2485,0.208971,1339,2143.9,1364,0.749,0.279,0.186,0.7794,-0.3103,-0.8271
Vinton,OH,Ohio,78.96,5738,13.44,-0.241920,2486,0.201960,1396,2072.7,1399,0.748,0.270,0.072,0.7764,-0.3116,-1.0979
Houston,TN,Tennessee,78.45,3810,13.63,-0.242111,2487,0.126592,1987,1334.3,1758,0.736,0.172,0.078,0.7440,-0.3254,-1.0794
Gasconade,MO,Missouri,79.65,7997,18.11,-0.242209,2488,0.278740,915,3009.4,1055,0.770,0.362,0.274,0.8199,-0.2954,-0.6461
Karnes,TX,Texas,78.84,5075,14.30,-0.243069,2489,0.178294,1556,1819.2,1502,0.746,0.239,0.098,0.7683,-0.3164,-1.0148
Kiowa,OK,Oklahoma,78.37,3278,16.70,-0.243277,2490,0.104676,2171,1142.4,1876,0.732,0.143,0.209,0.7389,-0.3292,-0.7821
Hand,SD,South Dakota,78.00,1764,28.38,-0.243434,2491,0.050025,2661,601.2,2253,0.725,0.069,0.718,0.7158,-0.3401,0.3486
Sioux,IA,Iowa,84.49,19001,30.57,-0.243511,2492,0.564438,61,9354.0,242,0.906,0.623,0.768,1.1247,-0.2165,0.5600
Kearney,NE,Nebraska,78.47,3604,34.49,-0.243559,2493,0.118657,2048,1263.5,1800,0.737,0.161,0.843,0.7450,-0.3269,0.9397
Larue,KY,Kentucky,79.53,7259,15.50,-0.244156,2494,0.256178,1047,2711.5,1149,0.767,0.334,0.151,0.8120,-0.3007,-0.8985
Crawford,MO,Missouri,80.73,10829,14.12,-0.244183,2495,0.373860,480,4337.0,752,0.804,0.465,0.095,0.8876,-0.2751,-1.0318
Pendleton,WV,West Virginia,78.45,3425,18.48,-0.244188,2496,0.111136,2113,1199.6,1836,0.736,0.151,0.299,0.7440,-0.3282,-0.6103
Uinta,WY,Wyoming,80.12,9089,22.90,-0.244208,2497,0.319495,710,3514.4,928,0.785,0.407,0.529,0.8492,-0.2876,-0.1828
Hampshire,WV,West Virginia,80.61,10500,18.30,-0.244209,2498,0.365256,518,4176.8,779,0.801,0.456,0.285,0.8801,-0.2775,-0.6279
Lee,TX,Texas,79.90,8415,20.88,-0.244365,2499,0.295260,834,3213.5,1001,0.777,0.380,0.429,0.8357,-0.2924,-0.3776
Monroe,OH,Ohio,79.40,6796,12.07,-0.244373,2500,0.241108,1136,2519.2,1220,0.763,0.316,0.038,0.8038,-0.3040,-1.2307
Allen,LA,Louisiana,80.03,8751,11.89,-0.244552,2501,0.306152,778,3365.3,964,0.781,0.392,0.034,0.8433,-0.2900,-1.2481
Barbour,WV,West Virginia,79.30,6395,12.51,-0.244683,2502,0.227857,1223,2356.1,1278,0.757,0.301,0.047,0.7973,-0.3069,-1.1877
Breathitt,KY,Kentucky,78.94,5113,15.30,-0.244826,2503,0.181521,1533,1843.7,1490,0.747,0.243,0.141,0.7745,-0.3161,-0.9175
Goshen,WY,Wyoming,79.25,6174,23.02,-0.245078,2504,0.221508,1250,2268.6,1311,0.756,0.293,0.534,0.7945,-0.3085,-0.1704
Upshur,TX,Texas,85.18,19887,18.21,-0.245533,2505,0.587314,40,10150.5,209,0.922,0.637,0.281,1.1683,-0.2102,-0.6362
Dunklin,MO,Missouri,80.55,10051,13.21,-0.245973,2506,0.354756,565,3984.4,828,0.799,0.444,0.067,0.8763,-0.2807,-1.1200
O'brien,IA,Iowa,79.71,7525,22.05,-0.245978,2507,0.264796,1000,2840.6,1103,0.772,0.343,0.491,0.8232,-0.2988,-0.2649
Fannin,TX,Texas,83.24,16395,19.48,-0.246120,2508,0.511874,116,7554.1,352,0.878,0.583,0.352,1.0464,-0.2352,-0.5130
Ralls,MO,Missouri,79.19,5777,17.00,-0.246193,2509,0.205088,1371,2115.4,1377,0.754,0.272,0.228,0.7908,-0.3113,-0.7532
Williams,ND,North Dakota,82.67,15122,24.40,-0.246771,2510,0.479272,186,6751.9,421,0.862,0.556,0.591,1.0100,-0.2443,-0.0372
Dixon,NE,Nebraska,78.45,2895,23.41,-0.246869,2511,0.092610,2283,1013.5,1964,0.735,0.126,0.550,0.7436,-0.3320,-0.1331
Yell,AR,Arkansas,79.47,6477,14.89,-0.247490,2512,0.231492,1201,2410.4,1260,0.764,0.303,0.121,0.8080,-0.3063,-0.9573
Jasper,TX,Texas,83.09,15841,14.03,-0.247911,2513,0.498180,148,7237.1,383,0.874,0.570,0.092,1.0365,-0.2392,-1.0412
Pleasants,WV,West Virginia,78.61,3348,14.06,-0.247949,2514,0.109520,2126,1184.1,1847,0.740,0.148,0.093,0.7542,-0.3287,-1.0376
Logan,AR,Arkansas,80.04,8205,16.70,-0.248065,2515,0.288970,871,3157.4,1009,0.781,0.370,0.209,0.8440,-0.2939,-0.7822
Fleming,KY,Kentucky,79.69,7000,18.91,-0.248658,2516,0.249033,1097,2639.0,1177,0.771,0.323,0.318,0.8218,-0.3026,-0.5683
Nolan,TX,Texas,79.14,5115,16.05,-0.248878,2517,0.182979,1523,1867.0,1477,0.753,0.243,0.175,0.7874,-0.3161,-0.8454
Franklin,IN,Indiana,81.52,12034,19.48,-0.249820,2518,0.409190,367,5041.2,620,0.830,0.493,0.352,0.9375,-0.2665,-0.5133
Butte,SD,South Dakota,79.18,5082,19.86,-0.249895,2519,0.180960,1540,1859.6,1479,0.754,0.240,0.373,0.7900,-0.3163,-0.4770
Vernon,LA,Louisiana,83.44,16149,19.80,-0.250815,2520,0.509491,121,7517.7,355,0.883,0.577,0.371,1.0584,-0.2370,-0.4825
Trousdale,TN,Tennessee,79.02,4251,14.32,-0.251252,2521,0.147553,1810,1540.3,1638,0.749,0.197,0.099,0.7796,-0.3223,-1.0133
Garfield,UT,Utah,78.66,2811,28.32,-0.251717,2522,0.091143,2305,996.7,1972,0.741,0.123,0.717,0.7568,-0.3326,0.3427
Smith,MS,Mississippi,80.07,7676,15.61,-0.251851,2523,0.272484,947,2959.2,1071,0.783,0.348,0.154,0.8460,-0.2977,-0.8877
Daviess,IN,Indiana,81.42,11449,16.46,-0.252095,2524,0.398614,397,4770.0,671,0.827,0.482,0.194,0.9314,-0.2707,-0.8061
Chilton,AL,Alabama,85.61,19763,16.47,-0.252408,2525,0.589620,36,10318.2,201,0.930,0.634,0.195,1.1959,-0.2111,-0.8049
Bates,MO,Missouri,80.32,8344,14.77,-0.252484,2526,0.298961,817,3264.5,980,0.793,0.377,0.117,0.8619,-0.2929,-0.9691
Stillwater,MT,Montana,79.56,5906,32.25,-0.252704,2527,0.213504,1311,2210.5,1336,0.768,0.278,0.804,0.8141,-0.3104,0.7232
Kearny,KS,Kansas,79.02,3947,19.39,-0.253061,2528,0.133500,1916,1430.6,1699,0.750,0.178,0.348,0.7800,-0.3244,-0.5224
McDowell,WV,West Virginia,79.45,5425,6.77,-0.253211,2529,0.195584,1432,2016.6,1415,0.764,0.256,0.000,0.8068,-0.3139,-1.7434
Sublette,WY,Wyoming,79.31,4924,32.25,-0.253274,2530,0.174110,1586,1815.1,1506,0.757,0.230,0.804,0.7979,-0.3174,0.7230
Montgomery,MO,Missouri,79.63,5998,17.68,-0.253406,2531,0.217910,1276,2253.4,1316,0.770,0.283,0.256,0.8181,-0.3097,-0.6874
Martin,IN,Indiana,79.35,4992,13.32,-0.253715,2532,0.178365,1554,1844.7,1489,0.759,0.235,0.069,0.8005,-0.3170,-1.1092
Walworth,SD,South Dakota,78.67,2466,29.56,-0.253898,2533,0.078546,2404,875.1,2058,0.741,0.106,0.746,0.7578,-0.3351,0.4624
Cass,TX,Texas,82.68,14143,18.91,-0.254008,2534,0.463431,224,6318.0,458,0.863,0.537,0.318,1.0106,-0.2513,-0.5687
Obion,TN,Tennessee,82.14,12900,18.30,-0.254189,2535,0.432480,295,5594.5,544,0.848,0.510,0.285,0.9767,-0.2603,-0.6280
White,GA,Georgia,84.02,16825,23.98,-0.254214,2536,0.530432,90,8080.4,314,0.896,0.592,0.570,1.0952,-0.2321,-0.0783
Unicoi,TN,Tennessee,80.51,8541,21.26,-0.254662,2537,0.308439,765,3377.3,959,0.797,0.387,0.450,0.8736,-0.2915,-0.3409
Murray,OK,Oklahoma,79.68,5885,19.63,-0.255060,2538,0.213567,1309,2217.5,1331,0.771,0.277,0.360,0.8213,-0.3106,-0.4992
Anderson,KS,Kansas,79.08,3791,13.96,-0.255166,2539,0.128421,1961,1379.0,1733,0.751,0.171,0.089,0.7838,-0.3256,-1.0475
Potter,PA,Pennsylvania,80.73,9085,18.15,-0.255259,2540,0.326018,684,3638.3,896,0.803,0.406,0.276,0.8875,-0.2876,-0.6418
Rhea,TN,Tennessee,82.90,14444,18.62,-0.255326,2541,0.473605,197,6531.5,439,0.869,0.545,0.308,1.0246,-0.2492,-0.5966
Stone,AR,Arkansas,79.73,6030,15.77,-0.255329,2542,0.220590,1257,2279.8,1309,0.774,0.285,0.162,0.8249,-0.3095,-0.8729
Hamilton,NE,Nebraska,79.61,5547,31.31,-0.255736,2543,0.200970,1403,2082.0,1396,0.770,0.261,0.785,0.8171,-0.3130,0.6316
DeKalb,TN,Tennessee,80.87,9396,20.82,-0.255952,2544,0.338552,631,3794.9,868,0.808,0.419,0.426,0.8969,-0.2854,-0.3835
Franklin,AR,Arkansas,80.07,6971,14.51,-0.256258,2545,0.252448,1078,2688.5,1155,0.784,0.322,0.106,0.8464,-0.3028,-0.9947
Macon,MO,Missouri,80.37,7839,19.37,-0.256469,2546,0.281430,905,3075.1,1038,0.795,0.354,0.346,0.8649,-0.2965,-0.5242
Sanpete,UT,Utah,82.30,12944,22.94,-0.256524,2547,0.435883,284,5663.9,539,0.853,0.511,0.531,0.9868,-0.2599,-0.1789
Grant,KY,Kentucky,81.72,11469,15.30,-0.256979,2548,0.402822,383,4857.9,645,0.834,0.483,0.140,0.9499,-0.2705,-0.9181
Butler,NE,Nebraska,79.40,4587,23.97,-0.257076,2549,0.163830,1673,1700.2,1558,0.762,0.215,0.570,0.8037,-0.3199,-0.0784
Monroe,WV,West Virginia,79.93,6367,15.41,-0.257078,2550,0.232622,1193,2434.6,1250,0.778,0.299,0.147,0.8371,-0.3071,-0.9069
Benewah,ID,Idaho,79.57,5145,19.71,-0.257330,2551,0.188405,1483,1926.8,1451,0.769,0.245,0.365,0.8147,-0.3159,-0.4915
San Jacinto,TX,Texas,82.29,12789,16.22,-0.257436,2552,0.432816,293,5592.6,545,0.852,0.508,0.184,0.9861,-0.2611,-0.8288
Hanson,SD,South Dakota,78.74,2046,22.53,-0.257654,2553,0.060926,2566,729.1,2162,0.743,0.082,0.511,0.7621,-0.3381,-0.2183
Cocke,TN,Tennessee,83.67,15663,10.99,-0.258038,2554,0.501720,139,7383.3,369,0.888,0.565,0.021,1.0731,-0.2405,-1.3355
Washington,ID,Idaho,79.73,5555,20.63,-0.258046,2555,0.202014,1394,2099.7,1387,0.774,0.261,0.416,0.8246,-0.3129,-0.4021
Howard,TX,Texas,81.08,9641,15.69,-0.258062,2556,0.350064,582,3939.9,836,0.816,0.429,0.156,0.9099,-0.2836,-0.8805
Monroe,MO,Missouri,79.40,4378,18.88,-0.258253,2557,0.156210,1740,1622.6,1596,0.762,0.205,0.317,0.8036,-0.3214,-0.5719
Burleson,TX,Texas,81.01,9369,23.47,-0.258594,2558,0.339834,628,3813.7,860,0.813,0.418,0.552,0.9055,-0.2856,-0.1274
Lincoln,WV,West Virginia,80.28,7187,8.14,-0.258924,2559,0.261030,1018,2805.7,1116,0.791,0.330,0.002,0.8596,-0.3012,-1.6107
Minidoka,ID,Idaho,80.54,7948,15.75,-0.258939,2560,0.286482,884,3148.3,1013,0.798,0.359,0.159,0.8755,-0.2958,-0.8749
Castro,TX,Texas,78.79,2023,18.60,-0.258950,2561,0.060345,2571,723.3,2165,0.745,0.081,0.307,0.7656,-0.3382,-0.5987
Lewis,MO,Missouri,79.47,4486,16.84,-0.259097,2562,0.161415,1701,1669.8,1575,0.765,0.211,0.218,0.8082,-0.3206,-0.7688
Overton,TN,Tennessee,81.69,11069,14.98,-0.259214,2563,0.393648,415,4681.0,688,0.834,0.472,0.125,0.9482,-0.2734,-0.9495
Sharp,AR,Arkansas,80.38,7437,13.91,-0.259235,2564,0.270300,964,2919.8,1076,0.795,0.340,0.087,0.8658,-0.2994,-1.0530
Brown,IL,Illinois,78.94,2455,12.58,-0.259689,2565,0.078540,2405,885.5,2051,0.748,0.105,0.049,0.7749,-0.3351,-1.1813
Pawnee,NE,Nebraska,78.68,1379,21.19,-0.260026,2566,0.035616,2791,489.7,2357,0.742,0.048,0.447,0.7584,-0.3429,-0.3476
Gallatin,KY,Kentucky,79.37,3917,15.01,-0.260397,2567,0.134697,1906,1449.6,1685,0.761,0.177,0.128,0.8021,-0.3247,-0.9461
Perry,MO,Missouri,81.29,9824,20.85,-0.260608,2568,0.357570,555,4062.7,807,0.822,0.435,0.427,0.9231,-0.2823,-0.3806
Washington,FL,Florida,82.41,12584,11.48,-0.260819,2569,0.432280,296,5538.6,555,0.856,0.505,0.027,0.9935,-0.2625,-1.2876
Cuming,NE,Nebraska,79.55,4445,24.88,-0.260966,2570,0.159536,1722,1662.4,1578,0.767,0.208,0.610,0.8133,-0.3209,0.0093
Towns,GA,Georgia,80.96,8838,31.03,-0.261044,2571,0.320345,705,3586.4,909,0.811,0.395,0.777,0.9021,-0.2894,0.6047
Gregory,SD,South Dakota,78.96,2267,22.19,-0.261116,2572,0.070312,2471,818.6,2091,0.748,0.094,0.498,0.7760,-0.3365,-0.2510
Perry,MS,Mississippi,79.89,5539,12.94,-0.261263,2573,0.202797,1392,2113.1,1381,0.777,0.261,0.059,0.8346,-0.3130,-1.1465
Grayson,VA,Virginia,80.75,8104,15.47,-0.261943,2574,0.295068,840,3249.9,988,0.804,0.367,0.149,0.8890,-0.2946,-0.9020
Cloud,KS,Kansas,79.52,4047,20.82,-0.262585,2575,0.140944,1846,1510.5,1648,0.766,0.184,0.426,0.8111,-0.3237,-0.3833
Moffat,CO,Colorado,80.32,6671,19.38,-0.262757,2576,0.247416,1103,2609.4,1194,0.793,0.312,0.347,0.8617,-0.3049,-0.5232
St. Clair,MO,Missouri,79.80,4990,14.69,-0.262779,2577,0.182125,1529,1893.8,1467,0.775,0.235,0.112,0.8290,-0.3170,-0.9771
Alcorn,MS,Mississippi,83.75,15112,18.56,-0.263606,2578,0.495396,156,7156.5,389,0.891,0.556,0.303,1.0786,-0.2444,-0.6028
Hamlin,SD,South Dakota,79.36,3226,24.47,-0.264022,2579,0.107160,2153,1192.7,1842,0.760,0.141,0.594,0.8010,-0.3296,-0.0303
Tillman,OK,Oklahoma,79.19,2533,16.84,-0.264611,2580,0.083050,2368,927.6,2021,0.755,0.110,0.217,0.7909,-0.3346,-0.7691
Clay,AR,Arkansas,79.89,4967,15.28,-0.264670,2581,0.181818,1530,1894.8,1466,0.777,0.234,0.140,0.8346,-0.3171,-0.9197
Adams,OH,Ohio,82.62,12429,14.89,-0.265500,2582,0.430860,301,5535.4,557,0.860,0.501,0.121,1.0071,-0.2636,-0.9580
Chattooga,GA,Georgia,81.91,10706,11.97,-0.265508,2583,0.388542,436,4583.5,707,0.841,0.462,0.035,0.9620,-0.2760,-1.2401
Randolph,AL,Alabama,82.07,11091,18.36,-0.265597,2584,0.399685,393,4790.5,668,0.845,0.473,0.291,0.9721,-0.2732,-0.6220
White,TN,Tennessee,82.88,12931,15.12,-0.266093,2585,0.443548,265,5840.6,515,0.868,0.511,0.131,1.0233,-0.2600,-0.9350
Cumberland,IL,Illinois,80.20,5769,19.58,-0.266105,2586,0.214608,1301,2241.8,1322,0.789,0.272,0.356,0.8546,-0.3114,-0.5039
Atchison,MO,Missouri,79.32,2713,22.17,-0.266265,2587,0.090202,2315,1001.0,1969,0.758,0.119,0.496,0.7989,-0.3333,-0.2531
Wilbarger,TX,Texas,79.83,4467,17.25,-0.266500,2588,0.162960,1680,1698.4,1560,0.776,0.210,0.240,0.8309,-0.3207,-0.7293
Pontotoc,MS,Mississippi,83.45,14068,18.50,-0.266866,2589,0.473288,199,6554.7,435,0.883,0.536,0.300,1.0595,-0.2519,-0.6084
Goliad,TX,Texas,79.71,3987,21.42,-0.266888,2590,0.139140,1865,1505.2,1650,0.773,0.180,0.459,0.8233,-0.3242,-0.3258
Appling,GA,Georgia,81.13,8334,11.19,-0.267415,2591,0.307632,768,3414.4,951,0.816,0.377,0.023,0.9127,-0.2930,-1.3155
Gem,ID,Idaho,81.99,10620,20.73,-0.267488,2592,0.387780,439,4566.8,710,0.843,0.460,0.422,0.9670,-0.2766,-0.3923
Adair,OK,Oklahoma,80.76,7256,12.32,-0.267547,2593,0.268536,976,2911.6,1078,0.804,0.334,0.044,0.8897,-0.3007,-1.2068
Moniteau,MO,Missouri,80.78,7275,15.79,-0.267858,2594,0.270816,959,2923.0,1074,0.806,0.336,0.163,0.8911,-0.3006,-0.8703
Palo Pinto,TX,Texas,83.18,13336,17.81,-0.268030,2595,0.457794,231,6123.4,481,0.877,0.522,0.262,1.0424,-0.2571,-0.6748
Letcher,KY,Kentucky,81.22,8431,12.48,-0.268597,2596,0.312039,749,3473.5,939,0.819,0.381,0.047,0.9189,-0.2923,-1.1908
Fulton,AR,Arkansas,80.11,5043,15.96,-0.268685,2597,0.186830,1499,1949.1,1442,0.785,0.238,0.170,0.8487,-0.3166,-0.8539
Sevier,AR,Arkansas,80.02,4714,9.35,-0.268794,2598,0.171600,1607,1812.0,1507,0.780,0.220,0.008,0.8427,-0.3189,-1.4942
Hot Springs,WY,Wyoming,79.47,2620,26.70,-0.269829,2599,0.087096,2343,975.0,1988,0.764,0.114,0.675,0.8080,-0.3340,0.1854
Fayette,IL,Illinois,81.73,9601,17.18,-0.269972,2600,0.356545,560,4070.1,805,0.835,0.427,0.236,0.9509,-0.2839,-0.7365
Whitley,KY,Kentucky,84.16,15075,20.92,-0.270137,2601,0.498046,149,7294.5,377,0.899,0.554,0.433,1.1041,-0.2447,-0.3736
Hickory,MO,Missouri,80.23,5120,12.79,-0.270676,2602,0.191970,1458,1993.1,1429,0.790,0.243,0.054,0.8565,-0.3160,-1.1611
Miller,MO,Missouri,83.21,13011,19.20,-0.270879,2603,0.449901,245,5982.4,497,0.877,0.513,0.335,1.0440,-0.2595,-0.5410
Campbell,TN,Tennessee,84.46,15528,12.67,-0.271138,2604,0.509172,124,7634.3,348,0.906,0.562,0.051,1.1231,-0.2414,-1.1730
Pike,IL,Illinois,81.05,7509,18.49,-0.271378,2605,0.278388,923,3063.1,1043,0.814,0.342,0.299,0.9079,-0.2989,-0.6089
Rush,KS,Kansas,79.73,3301,21.21,-0.271443,2606,0.112230,2100,1248.0,1811,0.774,0.145,0.448,0.8249,-0.3291,-0.3461
Dickenson,VA,Virginia,80.90,7047,10.07,-0.271530,2607,0.262925,1008,2850.2,1098,0.809,0.325,0.013,0.8984,-0.3022,-1.4242
Caldwell,MO,Missouri,80.18,4703,19.94,-0.272199,2608,0.173360,1593,1825.3,1495,0.788,0.220,0.377,0.8532,-0.3190,-0.4693
Cleburne,AR,Arkansas,83.17,12739,18.43,-0.272309,2609,0.444132,262,5845.7,513,0.876,0.507,0.296,1.0417,-0.2614,-0.6155
Poinsett,AR,Arkansas,80.96,7079,11.37,-0.272430,2610,0.265197,995,2872.7,1093,0.811,0.327,0.025,0.9021,-0.3020,-1.2983
Murray,GA,Georgia,85.67,17468,15.03,-0.272895,2611,0.560462,67,9146.5,258,0.931,0.602,0.128,1.1995,-0.2275,-0.9443
Russell,VA,Virginia,83.57,13525,13.06,-0.272916,2612,0.466395,217,6342.3,456,0.885,0.527,0.064,1.0670,-0.2558,-1.1345
Garvin,OK,Oklahoma,82.46,10991,18.32,-0.273067,2613,0.402790,384,4851.4,648,0.857,0.470,0.288,0.9968,-0.2739,-0.6257
Benton,TN,Tennessee,81.07,7260,12.82,-0.273472,2614,0.273025,944,2965.8,1068,0.815,0.335,0.056,0.9095,-0.3007,-1.1581
Bibb,AL,Alabama,81.80,9257,11.73,-0.273518,2615,0.345268,609,3938.9,837,0.836,0.413,0.031,0.9551,-0.2864,-1.2640
Greenwood,KS,Kansas,79.72,2884,21.59,-0.273538,2616,0.096625,2251,1089.2,1913,0.773,0.125,0.470,0.8237,-0.3321,-0.3088
Shelby,TX,Texas,82.07,9948,15.09,-0.273566,2617,0.373086,487,4296.9,756,0.846,0.441,0.130,0.9721,-0.2814,-0.9380
Randolph,AR,Arkansas,80.88,6636,12.08,-0.273741,2618,0.250790,1087,2680.5,1157,0.809,0.310,0.038,0.8970,-0.3052,-1.2293
Johnson,WY,Wyoming,80.36,4898,30.32,-0.274543,2619,0.181032,1538,1920.5,1455,0.794,0.228,0.764,0.8643,-0.3176,0.5363
Edmonson,KY,Kentucky,80.81,6247,10.73,-0.274878,2620,0.238065,1156,2513.3,1223,0.807,0.295,0.019,0.8926,-0.3080,-1.3607
Dawson,TX,Texas,79.99,3513,12.73,-0.275464,2621,0.122303,2017,1348.1,1747,0.779,0.157,0.053,0.8410,-0.3276,-1.1671
Washington,MO,Missouri,82.29,10237,11.71,-0.275483,2622,0.382548,454,4476.7,722,0.852,0.449,0.030,0.9861,-0.2794,-1.2651
Pendleton,KY,Kentucky,81.06,6900,15.36,-0.275505,2623,0.260800,1021,2816.1,1113,0.815,0.320,0.144,0.9084,-0.3033,-0.9117
Pope,IL,Illinois,79.61,2133,15.67,-0.275642,2624,0.066903,2502,800.4,2106,0.769,0.087,0.155,0.8168,-0.3375,-0.8826
Owen,KY,Kentucky,80.62,5500,18.28,-0.275930,2625,0.208520,1346,2189.0,1346,0.802,0.260,0.284,0.8807,-0.3133,-0.6293
Logan,WV,West Virginia,82.83,11469,14.72,-0.276028,2626,0.418761,340,5167.1,604,0.867,0.483,0.114,1.0204,-0.2705,-0.9739
Hughes,OK,Oklahoma,80.36,4659,16.02,-0.276050,2627,0.173886,1588,1826.9,1493,0.794,0.219,0.172,0.8644,-0.3193,-0.8480
Smith,TN,Tennessee,81.99,9336,18.45,-0.276527,2628,0.351948,577,4016.4,823,0.844,0.417,0.297,0.9675,-0.2858,-0.6129
Clearwater,ID,Idaho,80.32,4420,17.52,-0.276642,2629,0.163152,1677,1728.8,1546,0.792,0.206,0.248,0.8617,-0.3211,-0.7031
Nance,NE,Nebraska,79.59,1837,20.11,-0.276949,2630,0.055368,2611,688.5,2188,0.769,0.072,0.388,0.8156,-0.3396,-0.4520
Thayer,NE,Nebraska,79.87,2852,23.82,-0.277041,2631,0.096224,2254,1087.1,1915,0.776,0.124,0.565,0.8337,-0.3323,-0.0932
Lincoln,WY,Wyoming,82.63,10840,26.04,-0.277109,2632,0.401226,387,4829.8,657,0.861,0.466,0.653,1.0076,-0.2750,0.1217
Estill,KY,Kentucky,80.94,6290,12.20,-0.277150,2633,0.239760,1146,2549.6,1210,0.810,0.296,0.041,0.9009,-0.3077,-1.2178
Red River,TX,Texas,80.78,5796,15.42,-0.277235,2634,0.219765,1261,2328.3,1289,0.805,0.273,0.147,0.8909,-0.3112,-0.9068
Edmunds,SD,South Dakota,79.67,2031,28.25,-0.277498,2635,0.063222,2539,764.8,2137,0.771,0.082,0.716,0.8206,-0.3382,0.3350
Beauregard,LA,Louisiana,85.07,15874,17.05,-0.277542,2636,0.525320,93,8057.6,316,0.920,0.571,0.230,1.1616,-0.2389,-0.7484
Jackson,TN,Tennessee,80.80,5676,15.00,-0.278326,2637,0.215469,1295,2282.2,1307,0.807,0.267,0.127,0.8919,-0.3121,-0.9469
Prairie,MT,Montana,79.36,688,26.93,-0.278712,2638,0.009893,3036,254.4,2527,0.761,0.013,0.681,0.8013,-0.3478,0.2082
Covington,AL,Alabama,85.86,17095,17.17,-0.278783,2639,0.556664,72,9036.3,265,0.934,0.596,0.235,1.2111,-0.2302,-0.7371
Sherman,NE,Nebraska,79.67,1687,20.46,-0.279583,2640,0.049344,2668,635.3,2230,0.771,0.064,0.405,0.8207,-0.3407,-0.4189
Marshall,OK,Oklahoma,81.17,6589,18.16,-0.279605,2641,0.252762,1076,2705.6,1151,0.818,0.309,0.277,0.9152,-0.3055,-0.6416
Dallas,MO,Missouri,81.83,8441,16.43,-0.279645,2642,0.320116,706,3597.6,905,0.838,0.382,0.193,0.9569,-0.2922,-0.8082
Sully,SD,South Dakota,79.47,901,24.06,-0.279821,2643,0.017595,2960,335.3,2478,0.765,0.023,0.575,0.8081,-0.3463,-0.0702
Panola,TX,Texas,83.05,11439,17.03,-0.279958,2644,0.420786,333,5215.0,600,0.873,0.482,0.229,1.0341,-0.2707,-0.7502
Jefferson,ID,Idaho,85.21,15820,27.37,-0.280181,2645,0.524832,96,8090.9,312,0.924,0.568,0.695,1.1707,-0.2393,0.2506
Lander,NV,Nevada,80.00,2725,19.28,-0.280454,2646,0.093480,2277,1046.4,1942,0.779,0.120,0.341,0.8417,-0.3332,-0.5329
Clay,WV,West Virginia,80.15,3240,11.33,-0.280555,2647,0.111612,2110,1255.4,1804,0.786,0.142,0.024,0.8514,-0.3295,-1.3022
Prentiss,MS,Mississippi,82.66,10381,19.71,-0.280978,2648,0.388762,434,4633.3,700,0.862,0.451,0.365,1.0095,-0.2783,-0.4914
Lawrence,AR,Arkansas,80.96,5692,14.53,-0.281361,2649,0.216270,1288,2309.6,1297,0.810,0.267,0.106,0.9020,-0.3119,-0.9930
Wallace,KS,Kansas,80.32,3603,24.54,-0.281797,2650,0.126880,1984,1409.7,1710,0.793,0.160,0.596,0.8620,-0.3269,-0.0232
De Kalb,MO,Missouri,80.70,4814,16.35,-0.281946,2651,0.179872,1543,1925.2,1453,0.803,0.224,0.191,0.8860,-0.3182,-0.8162
Boundary,ID,Idaho,81.49,7110,24.05,-0.282380,2652,0.272240,951,2973.7,1064,0.830,0.328,0.574,0.9357,-0.3018,-0.0713
Scott,IL,Illinois,80.05,2587,21.52,-0.282428,2653,0.088479,2328,996.5,1973,0.783,0.113,0.465,0.8451,-0.3342,-0.3156
Iron,MO,Missouri,80.66,4518,19.01,-0.282877,2654,0.170024,1621,1802.0,1514,0.802,0.212,0.325,0.8830,-0.3204,-0.5590
Idaho,ID,Idaho,82.58,9867,22.57,-0.283233,2655,0.376242,473,4384.0,746,0.859,0.438,0.514,1.0044,-0.2820,-0.2144
Elliott,KY,Kentucky,80.21,2911,8.67,-0.283792,2656,0.100203,2215,1131.8,1883,0.789,0.127,0.004,0.8551,-0.3319,-1.5596
Stewart,TN,Tennessee,81.40,6620,17.65,-0.284010,2657,0.255750,1054,2755.4,1137,0.825,0.310,0.255,0.9303,-0.3053,-0.6908
Livingston,KY,Kentucky,80.87,4972,14.72,-0.284359,2658,0.189880,1473,2007.9,1420,0.808,0.235,0.114,0.8968,-0.3171,-0.9745
Morgan,KY,Kentucky,81.02,5373,18.74,-0.284622,2659,0.206502,1360,2187.7,1347,0.813,0.254,0.311,0.9058,-0.3142,-0.5852
Clark,MO,Missouri,80.38,3333,14.88,-0.284629,2660,0.116865,2064,1308.3,1774,0.795,0.147,0.120,0.8655,-0.3288,-0.9589
Calhoun,AR,Arkansas,80.02,2092,19.80,-0.284681,2661,0.065604,2514,804.2,2101,0.781,0.084,0.371,0.8429,-0.3377,-0.4829
Hickman,KY,Kentucky,80.04,2069,15.12,-0.285237,2662,0.064906,2522,796.3,2107,0.782,0.083,0.131,0.8441,-0.3379,-0.9352
Phillips,MT,Montana,80.08,2189,25.43,-0.285437,2663,0.071344,2456,844.6,2074,0.784,0.091,0.633,0.8469,-0.3371,0.0629
Washakie,WY,Wyoming,80.60,3877,23.51,-0.285877,2664,0.140175,1854,1541.7,1637,0.801,0.175,0.553,0.8798,-0.3249,-0.1234
Phillips,CO,Colorado,80.17,2355,31.51,-0.286286,2665,0.078700,2401,913.3,2027,0.787,0.100,0.790,0.8524,-0.3359,0.6510
Henderson,TN,Tennessee,83.70,12047,16.06,-0.286341,2666,0.440055,277,5687.5,538,0.889,0.495,0.176,1.0749,-0.2664,-0.8444
Montgomery,AR,Arkansas,80.58,3707,16.75,-0.286409,2667,0.133600,1913,1471.9,1670,0.800,0.167,0.211,0.8781,-0.3262,-0.7780
Chester,TN,Tennessee,81.91,7577,22.04,-0.287059,2668,0.290145,862,3243.6,992,0.841,0.345,0.490,0.9619,-0.2984,-0.2658
Campbell,WY,Wyoming,87.26,18342,23.33,-0.287620,2669,0.589512,37,10409.8,197,0.957,0.616,0.548,1.3000,-0.2212,-0.1407
Blaine,OK,Oklahoma,80.67,3786,18.10,-0.287726,2670,0.137313,1879,1510.9,1647,0.803,0.171,0.273,0.8837,-0.3256,-0.6474
Gentry,MO,Missouri,80.53,3292,21.59,-0.288009,2671,0.114912,2084,1303.5,1776,0.798,0.144,0.469,0.8750,-0.3291,-0.3090
Washington,KS,Kansas,80.01,1506,25.78,-0.288097,2672,0.044460,2714,578.8,2275,0.780,0.057,0.643,0.8425,-0.3419,0.0968
Scotland,MO,Missouri,80.14,1918,15.18,-0.288223,2673,0.059736,2577,742.3,2154,0.786,0.076,0.135,0.8502,-0.3390,-0.9293
Bailey,TX,Texas,80.13,1741,15.20,-0.289105,2674,0.052662,2636,673.5,2198,0.786,0.067,0.135,0.8497,-0.3403,-0.9276
Wayne,KY,Kentucky,82.48,8733,13.90,-0.289603,2675,0.335944,642,3859.3,848,0.857,0.392,0.086,0.9982,-0.2901,-1.0538
Robertson,KY,Kentucky,79.98,1144,13.78,-0.289614,2676,0.028786,2849,438.8,2410,0.778,0.037,0.082,0.8406,-0.3445,-1.0654
Knox,NE,Nebraska,81.00,4436,19.01,-0.290306,2677,0.168084,1639,1804.1,1513,0.812,0.207,0.325,0.9045,-0.3209,-0.5590
Uintah,UT,Utah,85.90,15832,16.77,-0.290356,2678,0.532380,87,8385.9,293,0.934,0.570,0.212,1.2137,-0.2392,-0.7758
Magoffin,KY,Kentucky,81.30,5274,12.82,-0.290994,2679,0.205750,1366,2182.8,1351,0.823,0.250,0.056,0.9240,-0.3149,-1.1586
Claiborne,TN,Tennessee,84.70,13534,18.22,-0.291025,2680,0.480097,185,6737.6,423,0.911,0.527,0.281,1.1381,-0.2557,-0.6358
Hardin,IL,Illinois,80.27,1926,13.28,-0.291049,2681,0.060907,2568,751.3,2150,0.791,0.077,0.068,0.8587,-0.3389,-1.1135
Hamilton,IL,Illinois,80.96,4181,21.02,-0.291249,2682,0.156523,1738,1697.0,1561,0.811,0.193,0.438,0.9023,-0.3228,-0.3642
Brown,TX,Texas,86.59,16853,20.17,-0.291631,2683,0.562757,65,9247.1,253,0.949,0.593,0.390,1.2575,-0.2319,-0.4467
Howard,NE,Nebraska,80.79,3550,26.03,-0.291764,2684,0.128154,1965,1426.8,1701,0.806,0.159,0.653,0.8914,-0.3273,0.1206
Adams,ND,North Dakota,80.10,1201,24.40,-0.291820,2685,0.030615,2834,463.9,2384,0.785,0.039,0.591,0.8480,-0.3441,-0.0368
Holmes,OH,Ohio,84.18,12335,11.06,-0.292226,2686,0.449500,247,5976.3,498,0.899,0.500,0.021,1.1056,-0.2643,-1.3286
Graham,NC,North Carolina,81.25,4779,17.60,-0.293204,2687,0.182262,1528,1972.0,1434,0.821,0.222,0.252,0.9206,-0.3185,-0.6959
McNairy,TN,Tennessee,83.76,11267,13.04,-0.293393,2688,0.426789,318,5336.6,584,0.891,0.479,0.063,1.0788,-0.2720,-1.1366
Rio Blanco,CO,Colorado,80.93,3692,24.65,-0.293800,2689,0.134460,1909,1496.0,1658,0.810,0.166,0.600,0.9005,-0.3263,-0.0128
Platte,WY,Wyoming,81.30,4765,20.74,-0.294299,2690,0.181662,1532,1971.7,1435,0.822,0.221,0.423,0.9238,-0.3186,-0.3913
Gilchrist,FL,Florida,83.58,10686,15.30,-0.294729,2691,0.409332,366,5012.5,624,0.886,0.462,0.141,1.0673,-0.2761,-0.9176
McCurtain,OK,Oklahoma,83.87,11309,16.34,-0.295012,2692,0.429120,306,5389.0,571,0.894,0.480,0.191,1.0859,-0.2717,-0.8177
Clay,NE,Nebraska,80.88,3310,22.28,-0.295112,2693,0.118114,2058,1337.0,1756,0.809,0.146,0.500,0.8970,-0.3290,-0.2423
Wells,ND,North Dakota,80.56,2253,21.71,-0.295179,2694,0.074307,2438,893.6,2044,0.799,0.093,0.475,0.8770,-0.3366,-0.2978
Freestone,TX,Texas,82.92,9045,16.54,-0.295336,2695,0.351076,579,4094.4,799,0.869,0.404,0.199,1.0258,-0.2879,-0.7983
Allen,KY,Kentucky,83.07,9418,18.42,-0.295404,2696,0.366660,510,4299.6,755,0.873,0.420,0.295,1.0357,-0.2852,-0.6163
Lake,OR,Oregon,81.20,4213,21.12,-0.295917,2697,0.159705,1720,1733.5,1541,0.819,0.195,0.443,0.9175,-0.3225,-0.3543
McHenry,ND,North Dakota,80.78,2752,20.32,-0.296630,2698,0.097405,2246,1105.3,1900,0.805,0.121,0.398,0.8907,-0.3330,-0.4324
Daviess,MO,Missouri,81.15,3925,18.44,-0.296694,2699,0.144609,1825,1610.0,1601,0.817,0.177,0.296,0.9140,-0.3246,-0.6143
Bosque,TX,Texas,83.22,9576,20.37,-0.296803,2700,0.373150,485,4405.9,741,0.878,0.425,0.400,1.0447,-0.2841,-0.4270
Doniphan,KS,Kansas,81.05,3577,21.73,-0.296892,2701,0.130240,1939,1458.8,1679,0.814,0.160,0.475,0.9076,-0.3271,-0.2957
Tippah,MS,Mississippi,83.24,9591,17.85,-0.297161,2702,0.374028,479,4419.1,732,0.878,0.426,0.265,1.0464,-0.2840,-0.6710
Grundy,MO,Missouri,81.34,4404,16.69,-0.297378,2703,0.169538,1629,1825.9,1494,0.823,0.206,0.208,0.9259,-0.3212,-0.7835
Cassia,ID,Idaho,83.27,9558,21.27,-0.297872,2704,0.373120,486,4410.0,738,0.880,0.424,0.450,1.0480,-0.2842,-0.3401
Noble,OH,Ohio,81.97,6161,15.70,-0.298021,2705,0.246156,1114,2646.5,1172,0.843,0.292,0.157,0.9658,-0.3086,-0.8791
Union,MS,Mississippi,84.62,12478,19.14,-0.298364,2706,0.455816,235,6186.8,470,0.908,0.502,0.332,1.1332,-0.2633,-0.5465
Knox,KY,Kentucky,84.97,13156,13.60,-0.298466,2707,0.474606,195,6641.5,432,0.918,0.517,0.077,1.1549,-0.2584,-1.0823
Lincoln,KS,Kansas,81.60,5016,25.86,-0.298587,2708,0.197184,1421,2110.7,1383,0.832,0.237,0.646,0.9426,-0.3168,0.1041
Izard,AR,Arkansas,81.92,5925,19.72,-0.298810,2709,0.235760,1171,2539.0,1214,0.842,0.280,0.366,0.9631,-0.3103,-0.4902
Sequatchie,TN,Tennessee,82.66,7890,20.64,-0.299025,2710,0.306872,775,3521.7,922,0.862,0.356,0.417,1.0096,-0.2962,-0.4007
Keith,NE,Nebraska,81.35,4199,22.73,-0.299096,2711,0.159856,1718,1742.6,1535,0.824,0.194,0.521,0.9270,-0.3226,-0.1989
Newton,AR,Arkansas,81.25,3770,15.68,-0.299769,2712,0.140220,1852,1555.2,1625,0.820,0.171,0.156,0.9203,-0.3257,-0.8815
Grant,KS,Kansas,80.77,2220,25.12,-0.299776,2713,0.074060,2440,891.1,2045,0.805,0.092,0.623,0.8900,-0.3368,0.0328
Cheyenne,NE,Nebraska,81.50,4530,23.21,-0.299895,2714,0.176790,1573,1895.7,1465,0.830,0.213,0.540,0.9364,-0.3203,-0.1522
Harmon,OK,Oklahoma,80.39,882,13.38,-0.300001,2715,0.017512,2963,346.4,2469,0.796,0.022,0.070,0.8660,-0.3464,-1.1041
Woods,OK,Oklahoma,81.23,3638,32.52,-0.300212,2716,0.133497,1917,1499.0,1655,0.819,0.163,0.809,0.9190,-0.3267,0.7493
Hockley,TX,Texas,82.82,7988,18.92,-0.301348,2717,0.312626,744,3597.3,906,0.866,0.361,0.319,1.0199,-0.2955,-0.5677
Yuma,CO,Colorado,81.64,4663,25.33,-0.301855,2718,0.182427,1527,1967.0,1437,0.833,0.219,0.630,0.9453,-0.3193,0.0526
Tripp,SD,South Dakota,81.01,2654,17.73,-0.302145,2719,0.093495,2276,1080.2,1922,0.813,0.115,0.259,0.9054,-0.3337,-0.6825
Madison,TX,Texas,81.95,5489,18.35,-0.302248,2720,0.218078,1273,2355.0,1279,0.842,0.259,0.290,0.9644,-0.3134,-0.6224
Haralson,GA,Georgia,87.01,16364,16.96,-0.302341,2721,0.555228,73,9172.1,257,0.954,0.582,0.224,1.2842,-0.2354,-0.7577
Ballard,KY,Kentucky,81.48,4088,18.42,-0.302481,2722,0.155852,1743,1709.0,1554,0.829,0.188,0.294,0.9352,-0.3234,-0.6164
Dade,GA,Georgia,82.98,8200,18.45,-0.302605,2723,0.321900,698,3723.4,882,0.870,0.370,0.296,1.0294,-0.2940,-0.6135
Madison,MO,Missouri,82.06,5753,16.32,-0.302699,2724,0.228995,1216,2484.2,1238,0.845,0.271,0.190,0.9717,-0.3115,-0.8192
Osceola,IA,Iowa,81.23,3229,16.74,-0.303045,2725,0.115620,2077,1331.0,1759,0.820,0.141,0.210,0.9194,-0.3296,-0.7786
Metcalfe,KY,Kentucky,81.86,5127,12.97,-0.303057,2726,0.204716,1374,2189.3,1345,0.839,0.244,0.060,0.9591,-0.3160,-1.1439
Jasper,IL,Illinois,82.01,5425,20.92,-0.303949,2727,0.216064,1290,2335.8,1285,0.844,0.256,0.432,0.9684,-0.3139,-0.3740
Baker,FL,Florida,86.31,14977,17.82,-0.304143,2728,0.521088,102,8100.4,311,0.944,0.552,0.263,1.2395,-0.2454,-0.6738
Harper,KS,Kansas,81.10,2555,22.80,-0.304604,2729,0.090576,2311,1045.0,1945,0.816,0.111,0.525,0.9108,-0.3344,-0.1921
Cannon,TN,Tennessee,82.58,6881,16.83,-0.304674,2730,0.274880,935,3056.8,1046,0.859,0.320,0.217,1.0042,-0.3034,-0.7696
Choctaw,OK,Oklahoma,82.16,5639,15.22,-0.305433,2731,0.224136,1239,2448.3,1248,0.849,0.264,0.137,0.9780,-0.3123,-0.9254
Daggett,UT,Utah,80.55,550,17.62,-0.305583,2732,0.007182,3065,218.0,2549,0.798,0.009,0.253,0.8761,-0.3488,-0.6939
Schley,GA,Georgia,81.14,2428,22.19,-0.306297,2733,0.084968,2361,995.4,1974,0.817,0.104,0.498,0.9134,-0.3353,-0.2514
Merrick,NE,Nebraska,81.78,4342,18.31,-0.306869,2734,0.168872,1631,1846.0,1487,0.836,0.202,0.286,0.9541,-0.3216,-0.6270
Carroll,MO,Missouri,81.89,4528,19.25,-0.307777,2735,0.178920,1549,1936.7,1449,0.840,0.213,0.338,0.9610,-0.3203,-0.5357
Lewis,TN,Tennessee,82.38,5890,10.27,-0.307924,2736,0.237690,1159,2588.2,1197,0.855,0.278,0.015,0.9916,-0.3105,-1.4052
Lincoln,CO,Colorado,81.29,2571,26.08,-0.308622,2737,0.092064,2293,1063.3,1933,0.822,0.112,0.654,0.9232,-0.3343,0.1250
Sheridan,KS,Kansas,81.09,1909,24.26,-0.308687,2738,0.061200,2562,780.5,2121,0.816,0.075,0.583,0.9104,-0.3391,-0.0512
Johnston,OK,Oklahoma,81.84,4230,20.49,-0.308884,2739,0.164248,1670,1804.6,1512,0.838,0.196,0.408,0.9580,-0.3224,-0.4159
Calhoun,WV,West Virginia,81.44,2936,10.11,-0.309262,2740,0.106812,2156,1224.3,1822,0.828,0.129,0.013,0.9324,-0.3317,-1.4206
Bracken,KY,Kentucky,81.84,4153,17.85,-0.309423,2741,0.160249,1711,1771.8,1524,0.839,0.191,0.264,0.9581,-0.3230,-0.6717
Swisher,TX,Texas,81.24,2265,15.47,-0.309477,2742,0.077080,2417,933.8,2015,0.820,0.094,0.149,0.9197,-0.3365,-0.9017
Hardin,TN,Tennessee,85.11,12094,15.09,-0.309665,2743,0.456816,234,6151.1,474,0.921,0.496,0.130,1.1640,-0.2660,-0.9382
Lamb,TX,Texas,81.86,4151,14.32,-0.309749,2744,0.160249,1712,1772.4,1523,0.839,0.191,0.100,0.9590,-0.3230,-1.0126
Bell,KY,Kentucky,83.84,9340,15.76,-0.309844,2745,0.373274,483,4444.2,727,0.893,0.418,0.161,1.0842,-0.2858,-0.8732
Polk,NE,Nebraska,81.45,2819,19.98,-0.310253,2746,0.101844,2197,1176.1,1852,0.828,0.123,0.379,0.9330,-0.3325,-0.4652
Butler,KY,Kentucky,82.53,5943,9.87,-0.310622,2747,0.241098,1137,2634.2,1181,0.858,0.281,0.011,1.0016,-0.3101,-1.4434
DeWitt,TX,Texas,83.26,7825,16.87,-0.310673,2748,0.310287,755,3608.1,901,0.879,0.353,0.219,1.0473,-0.2966,-0.7661
Nuckolls,NE,Nebraska,81.31,2258,23.14,-0.311109,2749,0.076539,2421,934.9,2014,0.823,0.093,0.539,0.9244,-0.3366,-0.1593
Clay,IL,Illinois,82.88,6769,13.10,-0.311289,2750,0.273420,941,3057.3,1045,0.868,0.315,0.065,1.0233,-0.3042,-1.1315
Polk,TN,Tennessee,83.67,8727,16.56,-0.311454,2751,0.347208,601,4114.4,793,0.888,0.391,0.201,1.0733,-0.2902,-0.7957
Sherman,KS,Kansas,80.87,664,24.07,-0.312069,2752,0.010504,3032,268.2,2512,0.808,0.013,0.575,0.8968,-0.3480,-0.0691
McDonald,MO,Missouri,83.99,9338,12.29,-0.312501,2753,0.373215,484,4478.1,721,0.895,0.417,0.042,1.0934,-0.2858,-1.2094
Webster,MS,Mississippi,82.34,5095,20.90,-0.312752,2754,0.205814,1365,2233.7,1326,0.854,0.241,0.431,0.9890,-0.3162,-0.3759
Fisher,TX,Texas,81.26,1830,17.14,-0.312787,2755,0.058291,2590,755.3,2144,0.821,0.071,0.234,0.9210,-0.3396,-0.7395
Fremont,ID,Idaho,82.98,6803,22.83,-0.312963,2756,0.276107,932,3089.5,1031,0.871,0.317,0.526,1.0296,-0.3040,-0.1896
Trinity,TX,Texas,83.21,7374,16.79,-0.313160,2757,0.297303,831,3391.4,955,0.877,0.339,0.215,1.0443,-0.2999,-0.7738
Valley,NE,Nebraska,81.43,2299,25.33,-0.313294,2758,0.080219,2395,958.1,1999,0.827,0.097,0.630,0.9317,-0.3363,0.0524
Gosper,NE,Nebraska,81.13,1118,27.37,-0.314664,2759,0.028595,2851,458.1,2393,0.817,0.035,0.695,0.9128,-0.3447,0.2503
Scott,VA,Virginia,84.94,11057,15.62,-0.315443,2760,0.432824,292,5575.1,549,0.917,0.472,0.154,1.1535,-0.2735,-0.8870
Grant,AR,Arkansas,83.62,8078,21.52,-0.315533,2761,0.324642,688,3798.4,867,0.887,0.366,0.465,1.0702,-0.2948,-0.3163
Lewis,ID,Idaho,81.42,1846,21.27,-0.316161,2762,0.061124,2564,769.0,2131,0.826,0.074,0.451,0.9312,-0.3395,-0.3400
Richland,MT,Montana,82.63,5309,21.99,-0.317144,2763,0.216972,1284,2366.0,1274,0.861,0.252,0.486,1.0078,-0.3147,-0.2708
Kidder,ND,North Dakota,81.33,1398,26.19,-0.317232,2764,0.041150,2738,579.4,2273,0.823,0.050,0.658,0.9256,-0.3427,0.1360
Lawrence,KY,Kentucky,83.12,6574,14.65,-0.317299,2765,0.270375,963,3007.8,1056,0.875,0.309,0.111,1.0382,-0.3056,-0.9811
Stanton,KS,Kansas,82.07,3664,24.18,-0.317402,2766,0.139590,1859,1582.8,1613,0.846,0.165,0.580,0.9722,-0.3265,-0.0582
Sabine,LA,Louisiana,84.69,10170,13.63,-0.318340,2767,0.408128,369,5060.9,615,0.911,0.448,0.078,1.1376,-0.2798,-1.0798
Latimer,OK,Oklahoma,82.28,4079,10.59,-0.318720,2768,0.158286,1726,1782.3,1518,0.851,0.186,0.017,0.9852,-0.3235,-1.3737
Morton,KS,Kansas,82.83,5620,17.06,-0.318759,2769,0.227758,1224,2531.6,1216,0.866,0.263,0.230,1.0202,-0.3125,-0.7477
McIntosh,ND,North Dakota,81.44,1390,20.95,-0.319629,2770,0.040572,2745,579.7,2271,0.828,0.049,0.435,0.9325,-0.3428,-0.3715
Love,OK,Oklahoma,82.39,4260,16.62,-0.319867,2771,0.170344,1616,1873.7,1474,0.856,0.199,0.205,0.9927,-0.3222,-0.7899
Schuyler,MO,Missouri,81.65,1945,11.82,-0.320330,2772,0.064974,2520,820.6,2090,0.833,0.078,0.032,0.9455,-0.3388,-1.2546
Faulk,SD,South Dakota,81.42,1130,22.63,-0.320868,2773,0.029736,2841,470.6,2375,0.826,0.036,0.516,0.9310,-0.3446,-0.2080
Texas,MO,Missouri,85.51,11525,16.46,-0.321255,2774,0.449152,250,5984.8,496,0.928,0.484,0.194,1.1893,-0.2701,-0.8053
Craig,VA,Virginia,82.09,3121,19.15,-0.321610,2775,0.115902,2075,1349.7,1746,0.846,0.137,0.333,0.9735,-0.3304,-0.5453
Prairie,AR,Arkansas,82.12,3200,18.23,-0.321806,2776,0.118580,2050,1386.7,1725,0.847,0.140,0.283,0.9758,-0.3298,-0.6342
Stoddard,MO,Missouri,86.65,13599,16.74,-0.321871,2777,0.503079,134,7482.8,358,0.951,0.529,0.210,1.2610,-0.2552,-0.7782
Reno,KS,Kansas,81.91,2443,20.40,-0.322501,2778,0.087568,2338,1045.9,1944,0.842,0.104,0.402,0.9620,-0.3352,-0.4244
Knox,MO,Missouri,81.71,1810,15.80,-0.322692,2779,0.059214,2580,766.5,2135,0.834,0.071,0.163,0.9497,-0.3398,-0.8700
Johnson,KY,Kentucky,84.70,9622,16.75,-0.323014,2780,0.390336,427,4791.1,667,0.912,0.428,0.211,1.1383,-0.2838,-0.7775
Potter,SD,South Dakota,81.59,1298,27.20,-0.323455,2781,0.036564,2776,545.8,2304,0.831,0.044,0.689,0.9418,-0.3434,0.2339
Miami,KS,Kansas,82.22,3172,31.00,-0.323968,2782,0.118150,2055,1381.8,1729,0.850,0.139,0.776,0.9817,-0.3300,0.6020
Owyhee,ID,Idaho,82.85,4950,12.38,-0.324046,2783,0.202011,1395,2232.1,1327,0.867,0.233,0.045,1.0214,-0.3173,-1.2006
Terry,TX,Texas,82.31,3420,9.84,-0.324097,2784,0.128803,1953,1497.3,1656,0.853,0.151,0.011,0.9874,-0.3282,-1.4464
Newton,TX,Texas,83.16,5749,6.81,-0.324363,2785,0.237125,1163,2637.1,1178,0.875,0.271,0.000,1.0412,-0.3115,-1.7403
Texas,OK,Oklahoma,82.96,5206,22.11,-0.324430,2786,0.214890,1299,2362.1,1275,0.870,0.247,0.493,1.0286,-0.3154,-0.2589
Nowata,OK,Oklahoma,82.75,4561,16.78,-0.324805,2787,0.184896,1515,2045.1,1409,0.864,0.214,0.214,1.0149,-0.3200,-0.7751
Calhoun,FL,Florida,83.49,6428,13.59,-0.325715,2788,0.266968,984,3001.8,1059,0.884,0.302,0.076,1.0621,-0.3067,-1.0840
Meigs,TN,Tennessee,83.37,6099,13.50,-0.325885,2789,0.254898,1060,2829.9,1108,0.882,0.289,0.073,1.0546,-0.3090,-1.0922
Wirt,WV,West Virginia,82.14,2581,15.45,-0.326426,2790,0.094976,2265,1119.3,1890,0.848,0.112,0.148,0.9766,-0.3342,-0.9032
Franklin,AL,Alabama,86.11,12097,15.84,-0.326490,2791,0.467677,212,6478.8,445,0.941,0.497,0.165,1.2273,-0.2660,-0.8661
Polk,AR,Arkansas,84.30,8288,17.76,-0.326514,2792,0.338250,632,4041.0,813,0.902,0.375,0.261,1.1131,-0.2933,-0.6801
Franklin,GA,Georgia,86.15,12140,17.76,-0.326798,2793,0.469116,210,6515.4,440,0.942,0.498,0.261,1.2299,-0.2657,-0.6798
Moore,TX,Texas,83.14,5362,12.30,-0.326822,2794,0.222250,1245,2456.7,1245,0.875,0.254,0.043,1.0398,-0.3143,-1.2089
Leavenworth,KS,Kansas,81.82,1507,36.12,-0.327030,2795,0.047709,2676,642.0,2221,0.837,0.057,0.862,0.9564,-0.3419,1.0972
Mason,TX,Texas,82.15,2527,38.85,-0.327100,2796,0.093280,2278,1096.7,1907,0.848,0.110,0.898,0.9775,-0.3346,1.3612
Haskell,KS,Kansas,81.77,1278,19.87,-0.327521,2797,0.035948,2786,542.9,2306,0.836,0.043,0.374,0.9533,-0.3436,-0.4756
Rooks,KS,Kansas,81.88,1606,23.21,-0.327692,2798,0.050400,2652,686.5,2189,0.840,0.060,0.541,0.9603,-0.3412,-0.1520
Johnson,TN,Tennessee,84.29,8102,17.54,-0.327724,2799,0.330667,663,3947.2,834,0.901,0.367,0.250,1.1122,-0.2947,-0.7012
Floyd,TX,Texas,82.06,2090,14.91,-0.328131,2800,0.070980,2466,902.3,2032,0.845,0.084,0.122,0.9715,-0.3378,-0.9557
Esmeralda,NV,Nevada,81.56,461,21.12,-0.328550,2801,0.004986,3090,193.6,2563,0.831,0.006,0.442,0.9402,-0.3494,-0.3549
Schleicher,TX,Texas,81.77,1108,18.37,-0.328695,2802,0.028424,2852,470.7,2374,0.836,0.034,0.292,0.9533,-0.3448,-0.6207
Shelby,MO,Missouri,82.50,3262,18.52,-0.329070,2803,0.121836,2026,1442.8,1693,0.858,0.142,0.301,0.9991,-0.3294,-0.6061
Osborne,KS,Kansas,82.42,3003,23.79,-0.329299,2804,0.112136,2103,1322.5,1763,0.856,0.131,0.563,0.9942,-0.3312,-0.0958
Worth,MO,Missouri,81.81,1105,21.08,-0.329608,2805,0.027621,2860,470.5,2377,0.837,0.033,0.440,0.9559,-0.3448,-0.3582
Boone,NE,Nebraska,82.45,3031,19.74,-0.329735,2806,0.113981,2089,1337.1,1755,0.857,0.133,0.367,0.9961,-0.3310,-0.4881
Pike,GA,Georgia,86.57,12549,21.48,-0.330146,2807,0.477792,189,6879.5,408,0.948,0.504,0.462,1.2564,-0.2628,-0.3201
Ward,TX,Texas,82.74,3765,12.41,-0.330406,2808,0.146880,1814,1687.3,1567,0.864,0.170,0.046,1.0143,-0.3258,-1.1979
Tyler,WV,West Virginia,82.69,3617,15.91,-0.330598,2809,0.138943,1868,1617.2,1598,0.863,0.161,0.167,1.0116,-0.3268,-0.8591
Daniels,MT,Montana,81.81,951,24.22,-0.330634,2810,0.020925,2919,404.9,2424,0.837,0.025,0.582,0.9558,-0.3459,-0.0542
Beckham,OK,Oklahoma,84.32,7678,12.95,-0.331687,2811,0.315147,728,3746.8,874,0.903,0.349,0.059,1.1142,-0.2977,-1.1459
Graham,KS,Kansas,81.97,1287,26.93,-0.331907,2812,0.036249,2781,553.0,2296,0.843,0.043,0.680,0.9662,-0.3435,0.2080
Buchanan,VA,Virginia,85.12,9327,11.46,-0.332939,2813,0.383136,453,4746.3,676,0.921,0.416,0.026,1.1646,-0.2859,-1.2901
Webster,NE,Nebraska,82.19,1763,21.22,-0.333242,2814,0.057732,2593,766.7,2133,0.849,0.068,0.448,0.9798,-0.3401,-0.3451
Clay,TN,Tennessee,82.90,3760,11.49,-0.333797,2815,0.147730,1809,1700.2,1559,0.869,0.170,0.027,1.0246,-0.3258,-1.2869
Union,FL,Florida,83.84,6231,11.10,-0.333916,2816,0.263435,1006,2964.1,1069,0.893,0.295,0.022,1.0839,-0.3081,-1.3243
Pickett,TN,Tennessee,82.63,2954,18.95,-0.334169,2817,0.111069,2116,1316.5,1768,0.861,0.129,0.320,1.0078,-0.3316,-0.5651
Cotton,OK,Oklahoma,82.48,2506,23.10,-0.334203,2818,0.093522,2275,1107.6,1898,0.858,0.109,0.536,0.9983,-0.3348,-0.1629
Webster,WV,West Virginia,82.66,2998,12.92,-0.334299,2819,0.112060,2105,1337.7,1754,0.862,0.130,0.058,1.0092,-0.3313,-1.1485
Maries,MO,Missouri,83.31,4786,16.27,-0.334429,2820,0.196240,1428,2212.4,1334,0.880,0.223,0.187,1.0502,-0.3184,-0.8242
Edwards,KS,Kansas,82.11,1269,20.55,-0.335031,2821,0.035574,2792,549.5,2299,0.847,0.042,0.411,0.9749,-0.3436,-0.4099
Greer,OK,Oklahoma,82.30,1836,14.03,-0.335065,2822,0.061344,2561,803.3,2103,0.852,0.072,0.091,0.9867,-0.3396,-1.0413
Dade,MO,Missouri,83.13,4186,15.09,-0.335460,2823,0.169750,1625,1917.2,1456,0.875,0.194,0.129,1.0394,-0.3227,-0.9387
Lyon,IA,Iowa,84.25,7002,20.43,-0.335723,2824,0.291023,856,3404.0,953,0.901,0.323,0.403,1.1097,-0.3025,-0.4218
Stanton,NE,Nebraska,82.77,3064,24.05,-0.336169,2825,0.116775,2065,1375.6,1735,0.865,0.135,0.574,1.0163,-0.3308,-0.0707
Wayne,IL,Illinois,84.82,8275,16.25,-0.336229,2826,0.341836,620,4146.3,788,0.914,0.374,0.186,1.1459,-0.2934,-0.8258
Cedar,MO,Missouri,84.36,7188,19.00,-0.336437,2827,0.299224,816,3515.8,927,0.904,0.331,0.324,1.1169,-0.3012,-0.5600
Adair,KY,Kentucky,85.17,8974,21.76,-0.336792,2828,0.370644,497,4578.5,709,0.922,0.402,0.477,1.1678,-0.2884,-0.2928
Berrien,GA,Georgia,84.79,8068,15.75,-0.337372,2829,0.333245,650,4036.3,816,0.913,0.365,0.159,1.1440,-0.2949,-0.8749
Renville,ND,North Dakota,82.20,1208,19.69,-0.337413,2830,0.034850,2798,525.7,2318,0.850,0.041,0.364,0.9806,-0.3441,-0.4929
Sullivan,MO,Missouri,82.62,2463,15.54,-0.337487,2831,0.091160,2304,1097.0,1906,0.860,0.106,0.152,1.0072,-0.3351,-0.8949
Mercer,ND,North Dakota,83.38,4555,23.25,-0.337691,2832,0.188748,1482,2114.2,1379,0.882,0.214,0.542,1.0550,-0.3201,-0.1481
Cherokee,AL,Alabama,87.33,13006,16.50,-0.338412,2833,0.491454,165,7405.2,367,0.958,0.513,0.197,1.3041,-0.2595,-0.8019
Liberty,FL,Florida,83.04,3490,16.50,-0.338641,2834,0.135315,1897,1590.0,1611,0.873,0.155,0.197,1.0333,-0.3277,-0.8016
Lee,VA,Virginia,85.81,10108,14.08,-0.338703,2835,0.415185,347,5331.5,586,0.933,0.445,0.094,1.2085,-0.2803,-1.0363
McKenzie,ND,North Dakota,83.81,5521,19.06,-0.338809,2836,0.231920,1196,2621.9,1186,0.892,0.260,0.327,1.0819,-0.3132,-0.5545
Red Willow,NE,Nebraska,83.73,5323,24.83,-0.338831,2837,0.225170,1236,2517.6,1222,0.890,0.253,0.606,1.0771,-0.3146,0.0043
Dixie,FL,Florida,84.93,8148,10.73,-0.339261,2838,0.338004,633,4105.6,795,0.916,0.369,0.019,1.1527,-0.2943,-1.3608
Lee,KY,Kentucky,82.79,2690,9.25,-0.339325,2839,0.102070,2192,1209.0,1830,0.865,0.118,0.007,1.0176,-0.3335,-1.5038
Union,TN,Tennessee,85.18,8669,14.18,-0.339507,2840,0.359970,542,4424.9,730,0.923,0.390,0.096,1.1683,-0.2906,-1.0260
Jeff Davis,GA,Georgia,84.04,5872,13.19,-0.340705,2841,0.247296,1105,2823.9,1109,0.896,0.276,0.066,1.0968,-0.3106,-1.1220
Grant,ND,North Dakota,82.39,1306,20.72,-0.340775,2842,0.038520,2765,574.3,2282,0.856,0.045,0.421,0.9924,-0.3434,-0.3936
Cleveland,AR,Arkansas,83.11,3374,19.71,-0.340927,2843,0.130226,1940,1542.9,1635,0.874,0.149,0.365,1.0377,-0.3286,-0.4914
Phelps,NE,Nebraska,83.75,4965,29.91,-0.341900,2844,0.208494,1347,2350.2,1281,0.891,0.234,0.755,1.0780,-0.3171,0.4965
Cochran,TX,Texas,82.31,893,8.23,-0.341918,2845,0.019619,2932,390.9,2440,0.853,0.023,0.003,0.9872,-0.3463,-1.6020
Grundy,TN,Tennessee,84.29,6328,14.30,-0.341951,2846,0.267894,979,3083.6,1034,0.902,0.297,0.098,1.1125,-0.3074,-1.0147
Foard,TX,Texas,82.20,545,20.62,-0.342070,2847,0.006792,3073,237.2,2542,0.849,0.008,0.414,0.9806,-0.3488,-0.4035
Grainger,TN,Tennessee,86.52,11130,15.95,-0.342071,2848,0.450300,244,6086.3,486,0.948,0.475,0.169,1.2532,-0.2730,-0.8551
Dent,MO,Missouri,84.65,7103,16.47,-0.342670,2849,0.298480,820,3528.0,921,0.910,0.328,0.195,1.1353,-0.3018,-0.8049
Hamilton,KS,Kansas,82.33,815,20.50,-0.343006,2850,0.015372,2985,357.2,2459,0.854,0.018,0.409,0.9888,-0.3469,-0.4147
Kit Carson,CO,Colorado,83.37,3698,20.45,-0.343936,2851,0.146412,1817,1715.4,1552,0.882,0.166,0.404,1.0543,-0.3262,-0.4199
Crittenden,KY,Kentucky,83.52,4010,15.26,-0.344579,2852,0.161070,1705,1874.9,1473,0.885,0.182,0.138,1.0635,-0.3240,-0.9215
Van Buren,TN,Tennessee,83.25,3265,13.71,-0.344657,2853,0.125697,1992,1504.5,1651,0.879,0.143,0.080,1.0465,-0.3293,-1.0720
Decatur,TN,Tennessee,84.08,5466,14.03,-0.344699,2854,0.232323,1195,2634.3,1180,0.897,0.259,0.092,1.0993,-0.3136,-1.0413
Ness,KS,Kansas,82.91,2270,25.01,-0.344924,2855,0.081686,2379,1026.9,1957,0.869,0.094,0.617,1.0251,-0.3365,0.0222
Kimball,NE,Nebraska,82.79,1720,15.02,-0.346458,2856,0.057156,2597,773.2,2128,0.866,0.066,0.128,1.0178,-0.3404,-0.9447
Clay,AL,Alabama,84.73,6767,14.71,-0.346948,2857,0.286682,883,3375.3,960,0.913,0.314,0.113,1.1404,-0.3042,-0.9747
Russell,KY,Kentucky,85.71,8893,15.41,-0.347309,2858,0.370936,496,4665.3,692,0.932,0.398,0.146,1.2018,-0.2890,-0.9078
Fayette,AL,Alabama,85.53,8369,14.85,-0.348537,2859,0.352091,576,4350.5,750,0.929,0.379,0.119,1.1906,-0.2927,-0.9614
Franklin,TX,Texas,84.22,5311,27.77,-0.348661,2860,0.227052,1227,2578.4,1202,0.901,0.252,0.703,1.1080,-0.3147,0.2886
Shannon,MO,Missouri,83.72,4018,12.81,-0.348750,2861,0.162870,1682,1899.6,1464,0.890,0.183,0.055,1.0766,-0.3239,-1.1591
Real,TX,Texas,82.99,1958,21.12,-0.349041,2862,0.068016,2496,889.9,2048,0.872,0.078,0.443,1.0305,-0.3387,-0.3544
Haskell,OK,Oklahoma,84.20,4936,15.49,-0.351165,2863,0.208800,1340,2393.3,1266,0.900,0.232,0.150,1.1065,-0.3174,-0.8995
Menard,TX,Texas,82.79,1040,23.98,-0.351370,2864,0.025950,2874,467.4,2380,0.865,0.030,0.571,1.0176,-0.3453,-0.0782
Woodward,OK,Oklahoma,85.22,7312,20.75,-0.351612,2865,0.311388,752,3739.8,877,0.924,0.337,0.423,1.1708,-0.3003,-0.3907
Seward,KS,Kansas,83.34,2593,11.37,-0.351664,2866,0.099553,2222,1200.9,1835,0.881,0.113,0.025,1.0524,-0.3342,-1.2983
Moore,TN,Tennessee,83.74,3654,24.07,-0.351984,2867,0.145960,1821,1729.4,1545,0.890,0.164,0.576,1.0779,-0.3265,-0.0686
Macon,TN,Tennessee,86.69,10333,12.52,-0.352224,2868,0.427950,313,5699.2,536,0.951,0.450,0.048,1.2640,-0.2787,-1.1868
Greene,MS,Mississippi,84.55,5649,10.54,-0.352369,2869,0.240355,1140,2789.9,1121,0.907,0.265,0.016,1.1285,-0.3122,-1.3789
Kingfisher,OK,Oklahoma,85.06,6754,24.29,-0.353313,2870,0.287647,877,3426.6,947,0.919,0.313,0.586,1.1610,-0.3043,-0.0475
Cedar,NE,Nebraska,84.30,4912,23.97,-0.353479,2871,0.207690,1352,2395.1,1265,0.903,0.230,0.569,1.1132,-0.3175,-0.0791
Oregon,MO,Missouri,84.20,4613,12.55,-0.353709,2872,0.194400,1440,2236.6,1323,0.900,0.216,0.048,1.1065,-0.3197,-1.1841
Loup,NE,Nebraska,82.71,428,27.23,-0.354111,2873,0.004315,3097,191.5,2565,0.863,0.005,0.690,1.0127,-0.3497,0.2367
Bledsoe,TN,Tennessee,84.87,6191,12.36,-0.354194,2874,0.269010,973,3109.1,1024,0.915,0.294,0.045,1.1486,-0.3084,-1.2023
Sevier,UT,Utah,87.19,10926,22.76,-0.355393,2875,0.447408,254,6177.0,472,0.956,0.468,0.524,1.2951,-0.2744,-0.1956
Reynolds,MO,Missouri,83.69,3059,14.96,-0.355405,2876,0.118992,2047,1443.4,1692,0.888,0.134,0.124,1.0743,-0.3308,-0.9506
Tyler,TX,Texas,86.51,9578,12.41,-0.355797,2877,0.402475,385,5234.4,597,0.947,0.425,0.046,1.2525,-0.2841,-1.1979
Osage,KS,Kansas,83.26,1774,21.56,-0.356093,2878,0.060651,2570,818.0,2093,0.879,0.069,0.467,1.0472,-0.3400,-0.3116
Morrill,NE,Nebraska,83.51,2426,19.41,-0.356567,2879,0.091936,2296,1134.0,1881,0.884,0.104,0.349,1.0633,-0.3354,-0.5205
Carlisle,KY,Kentucky,83.60,2610,14.94,-0.357052,2880,0.101004,2206,1225.9,1821,0.886,0.114,0.123,1.0689,-0.3340,-0.9530
Live Oak,TX,Texas,84.57,5093,15.92,-0.357288,2881,0.218828,1266,2518.1,1221,0.908,0.241,0.168,1.1298,-0.3162,-0.8576
Geneva,AL,Alabama,88.13,12401,13.24,-0.357404,2882,0.485469,176,7345.2,372,0.969,0.501,0.067,1.3546,-0.2638,-1.1170
Jackson,TX,Texas,85.10,6329,16.59,-0.357619,2883,0.274458,939,3217.7,998,0.921,0.298,0.204,1.1635,-0.3074,-0.7930
Johnson,KS,Kansas,83.17,1301,57.56,-0.357664,2884,0.038544,2764,596.9,2256,0.876,0.044,0.988,1.0415,-0.3434,3.1724
Big Horn,WY,Wyoming,84.86,5735,22.85,-0.357944,2885,0.246780,1111,2880.1,1089,0.914,0.270,0.527,1.1486,-0.3116,-0.1872
Shawnee,KS,Kansas,83.50,2006,32.23,-0.359503,2886,0.070720,2469,937.1,2013,0.884,0.080,0.803,1.0625,-0.3384,0.7212
Douglas,MO,Missouri,85.64,7289,14.94,-0.359765,2887,0.312480,746,3809.8,862,0.930,0.336,0.123,1.1973,-0.3005,-0.9530
Converse,WY,Wyoming,85.41,6739,24.88,-0.360209,2888,0.289838,867,3482.1,936,0.926,0.313,0.610,1.1832,-0.3044,0.0095
Cheyenne,KS,Kansas,83.33,1422,22.01,-0.360360,2889,0.045812,2700,658.3,2214,0.881,0.052,0.488,1.0520,-0.3426,-0.2682
Fulton,PA,Pennsylvania,86.08,8177,17.73,-0.360438,2890,0.347229,600,4372.8,747,0.941,0.369,0.259,1.2255,-0.2941,-0.6831
Ozark,MO,Missouri,84.60,4780,15.27,-0.360536,2891,0.201576,1398,2367.7,1273,0.908,0.222,0.139,1.1321,-0.3185,-0.9205
Caribou,ID,Idaho,84.09,3456,16.75,-0.360587,2892,0.138138,1875,1665.8,1576,0.897,0.154,0.211,1.0995,-0.3280,-0.7772
Trego,KS,Kansas,83.81,2700,30.15,-0.360849,2893,0.105256,2165,1282.8,1786,0.892,0.118,0.759,1.0824,-0.3334,0.5191
Rockcastle,KY,Kentucky,85.90,7724,13.75,-0.361006,2894,0.327250,677,4092.4,802,0.935,0.350,0.082,1.2140,-0.2974,-1.0682
Sutton,TX,Texas,83.36,1400,18.31,-0.361041,2895,0.044050,2716,649.0,2218,0.881,0.050,0.287,1.0535,-0.3427,-0.6264
Treasure,MT,Montana,83.03,442,37.46,-0.361098,2896,0.005232,3089,201.3,2560,0.872,0.006,0.882,1.0330,-0.3496,1.2268
Comanche,KS,Kansas,83.18,874,20.08,-0.361158,2897,0.019272,2934,401.3,2429,0.876,0.022,0.385,1.0424,-0.3465,-0.4555
Mingo,WV,West Virginia,86.28,8490,9.53,-0.361280,2898,0.362496,530,4585.4,706,0.944,0.384,0.009,1.2378,-0.2919,-1.4767
Somervell,TX,Texas,84.87,5294,29.30,-0.361671,2899,0.228750,1218,2659.3,1166,0.915,0.250,0.741,1.1489,-0.3148,0.4371
Hettinger,ND,North Dakota,83.38,1306,22.04,-0.362341,2900,0.039690,2754,606.3,2248,0.882,0.045,0.489,1.0552,-0.3434,-0.2659
Dunn,ND,North Dakota,83.72,2242,25.21,-0.362387,2901,0.081788,2378,1059.8,1936,0.889,0.092,0.625,1.0764,-0.3367,0.0416
Harlan,NE,Nebraska,83.57,1802,29.19,-0.362650,2902,0.061950,2555,845.1,2073,0.885,0.070,0.739,1.0672,-0.3398,0.4268
Deuel,NE,Nebraska,83.30,1012,25.18,-0.362734,2903,0.024640,2887,467.7,2379,0.880,0.028,0.624,1.0499,-0.3455,0.0384
Greeley,NE,Nebraska,83.40,1235,21.32,-0.363234,2904,0.037086,2773,573.8,2283,0.883,0.042,0.453,1.0562,-0.3439,-0.3354
Wyoming,WV,West Virginia,85.96,7565,13.06,-0.363531,2905,0.322328,696,4020.6,822,0.937,0.344,0.063,1.2178,-0.2985,-1.1351
Gray,KS,Kansas,83.77,2193,25.92,-0.363756,2906,0.081172,2383,1039.2,1953,0.892,0.091,0.649,1.0793,-0.3370,0.1102
Osage,MO,Missouri,86.15,7727,24.68,-0.365696,2907,0.329350,665,4146.8,787,0.941,0.350,0.602,1.2299,-0.2973,-0.0103
Perry,TN,Tennessee,84.47,3716,14.17,-0.366498,2908,0.151302,1781,1828.1,1492,0.906,0.167,0.096,1.1239,-0.3261,-1.0275
Rich,UT,Utah,83.69,1447,24.39,-0.367884,2909,0.048006,2673,682.9,2190,0.889,0.054,0.590,1.0745,-0.3424,-0.0381
Atoka,OK,Oklahoma,85.34,5662,16.94,-0.367920,2910,0.247242,1106,2914.7,1077,0.926,0.267,0.223,1.1787,-0.3122,-0.7594
Bland,VA,Virginia,84.50,3548,18.36,-0.368383,2911,0.144213,1826,1747.9,1532,0.907,0.159,0.291,1.1255,-0.3273,-0.6221
McPherson,SD,South Dakota,83.68,1299,26.47,-0.368794,2912,0.039072,2759,612.7,2245,0.888,0.044,0.668,1.0738,-0.3434,0.1635
Harlan,KY,Kentucky,87.69,10388,13.05,-0.369188,2913,0.435728,287,6020.6,492,0.964,0.452,0.063,1.3267,-0.2783,-1.1361
Oliver,ND,North Dakota,83.62,1087,22.97,-0.369227,2914,0.028384,2853,511.2,2336,0.887,0.032,0.532,1.0704,-0.3450,-0.1756
Morgan,TN,Tennessee,86.76,8560,13.56,-0.369594,2915,0.369376,502,4738.1,678,0.952,0.388,0.075,1.2684,-0.2914,-1.0865
Decatur,KS,Kansas,83.82,1452,26.96,-0.370546,2916,0.049115,2670,689.9,2186,0.893,0.055,0.681,1.0824,-0.3423,0.2108
Lavaca,TX,Texas,87.84,10491,22.23,-0.370826,2917,0.440496,273,6125.2,480,0.966,0.456,0.499,1.3362,-0.2775,-0.2476
Custer,NE,Nebraska,85.66,5886,24.26,-0.372297,2918,0.258818,1028,3080.4,1037,0.931,0.278,0.584,1.1988,-0.3105,-0.0505
Fentress,TN,Tennessee,87.56,9771,14.56,-0.372690,2919,0.415680,345,5626.0,541,0.960,0.433,0.108,1.3184,-0.2827,-0.9897
Duchesne,UT,Utah,87.14,8968,18.47,-0.372785,2920,0.383356,451,5059.1,616,0.956,0.401,0.298,1.2924,-0.2885,-0.6111
Baca,CO,Colorado,84.13,2004,24.70,-0.373016,2921,0.071840,2452,968.3,1993,0.898,0.080,0.602,1.1024,-0.3384,-0.0080
Holt,MO,Missouri,84.27,2352,19.64,-0.373168,2922,0.089199,2321,1144.7,1872,0.901,0.099,0.361,1.1110,-0.3359,-0.4977
Barton,MO,Missouri,85.77,6015,17.38,-0.373299,2923,0.265905,989,3165.4,1007,0.933,0.285,0.242,1.2057,-0.3096,-0.7164
Jones,TX,Texas,86.20,6947,11.99,-0.373396,2924,0.302703,799,3736.4,880,0.943,0.321,0.036,1.2326,-0.3029,-1.2381
Elk,KS,Kansas,83.93,1338,21.48,-0.373939,2925,0.041170,2737,639.6,2224,0.895,0.046,0.462,1.0897,-0.3432,-0.3196
Heard,GA,Georgia,85.91,6210,12.81,-0.374354,2926,0.274890,934,3291.7,978,0.935,0.294,0.055,1.2146,-0.3082,-1.1592
Andrews,TX,Texas,85.89,6060,17.68,-0.375294,2927,0.268992,974,3209.1,1002,0.934,0.288,0.257,1.2134,-0.3093,-0.6873
Knox,TX,Texas,84.01,1376,13.51,-0.375381,2928,0.042960,2725,660.6,2211,0.895,0.048,0.074,1.0948,-0.3429,-1.0916
Musselshell,MT,Montana,84.66,3012,22.36,-0.376115,2929,0.119210,2042,1496.6,1657,0.910,0.131,0.502,1.1358,-0.3312,-0.2350
Rains,TX,Texas,86.17,6556,20.88,-0.376270,2930,0.290136,863,3520.7,923,0.942,0.308,0.428,1.2307,-0.3057,-0.3780
Montague,TX,Texas,88.51,11101,18.87,-0.376501,2931,0.461676,229,6696.6,426,0.974,0.474,0.316,1.3783,-0.2732,-0.5728
McPherson,KS,Kansas,84.19,1695,34.27,-0.376684,2932,0.058500,2587,821.5,2089,0.900,0.065,0.838,1.1060,-0.3406,0.9181
Hamilton,TX,Texas,85.31,4465,26.78,-0.377368,2933,0.193325,1454,2294.6,1302,0.925,0.209,0.677,1.1766,-0.3207,0.1936
Cumberland,KY,Kentucky,84.89,3442,19.12,-0.377398,2934,0.139995,1857,1731.1,1543,0.915,0.153,0.331,1.1504,-0.3281,-0.5479
Wright,MO,Missouri,87.42,8980,15.86,-0.377646,2935,0.385518,446,5135.2,609,0.959,0.402,0.166,1.3096,-0.2884,-0.8638
Green,KY,Kentucky,85.93,5857,17.39,-0.377850,2936,0.257400,1038,3108.0,1026,0.936,0.275,0.243,1.2159,-0.3108,-0.7154
Grant,OK,Oklahoma,84.42,2125,23.12,-0.378273,2937,0.077830,2412,1042.7,1949,0.905,0.086,0.538,1.1208,-0.3375,-0.1608
Delta,TX,Texas,84.65,2658,14.92,-0.378761,2938,0.105444,2162,1319.9,1764,0.909,0.116,0.122,1.1351,-0.3337,-0.9547
Billings,ND,North Dakota,83.93,647,32.61,-0.379218,2939,0.010728,3030,309.2,2491,0.894,0.012,0.811,1.0894,-0.3481,0.7574
Sheridan,NE,Nebraska,84.62,2484,24.24,-0.379574,2940,0.097263,2247,1231.7,1817,0.909,0.107,0.583,1.1333,-0.3349,-0.0526
Wayne,MO,Missouri,86.03,5847,12.69,-0.379813,2941,0.257950,1032,3117.9,1021,0.938,0.275,0.052,1.2219,-0.3108,-1.1710
Edwards,IL,Illinois,84.95,3289,13.95,-0.379851,2942,0.131131,1935,1659.1,1580,0.917,0.143,0.089,1.1540,-0.3292,-1.0489
Perkins,SD,South Dakota,84.35,1591,24.86,-0.380969,2943,0.053336,2633,777.7,2123,0.904,0.059,0.609,1.1161,-0.3413,0.0075
Furnas,NE,Nebraska,84.67,2413,24.91,-0.381099,2944,0.093730,2272,1199.3,1837,0.910,0.103,0.611,1.1361,-0.3354,0.0127
Lynn,TX,Texas,84.73,2567,26.77,-0.381171,2945,0.101232,2204,1280.0,1788,0.912,0.111,0.676,1.1401,-0.3343,0.1924
Pushmataha,OK,Oklahoma,85.60,4702,15.65,-0.381286,2946,0.204600,1377,2453.3,1247,0.930,0.220,0.155,1.1951,-0.3190,-0.8845
Labette,KS,Kansas,84.10,843,20.22,-0.381593,2947,0.017062,2967,406.7,2422,0.898,0.019,0.393,1.1006,-0.3467,-0.4422
Franklin,NE,Nebraska,84.44,1600,21.30,-0.382793,2948,0.054300,2619,785.7,2118,0.905,0.060,0.452,1.1217,-0.3413,-0.3369
Parmer,TX,Texas,84.78,2504,16.95,-0.382850,2949,0.098604,2234,1252.2,1806,0.913,0.108,0.224,1.1435,-0.3348,-0.7586
Marion,AL,Alabama,90.42,13543,13.26,-0.383181,2950,0.521664,99,8949.2,268,0.988,0.528,0.068,1.4988,-0.2557,-1.1153
Ripley,MO,Missouri,86.18,5804,12.57,-0.383231,2951,0.258108,1031,3119.5,1019,0.942,0.274,0.049,1.2317,-0.3111,-1.1825
Searcy,AR,Arkansas,85.42,3869,15.01,-0.384747,2952,0.161298,1702,2000.1,1425,0.927,0.174,0.127,1.1838,-0.3250,-0.9465
Reagan,TX,Texas,84.30,949,13.59,-0.385010,2953,0.021648,2912,462.6,2386,0.902,0.024,0.076,1.1129,-0.3459,-1.0833
Clark,ID,Idaho,84.08,333,20.48,-0.385169,2954,0.001794,3131,160.5,2582,0.897,0.002,0.407,1.0994,-0.3504,-0.4169
Coal,OK,Oklahoma,84.91,2538,18.34,-0.385210,2955,0.101676,2202,1277.5,1791,0.916,0.111,0.289,1.1514,-0.3345,-0.6239
Grant,LA,Louisiana,87.88,9018,15.41,-0.385711,2956,0.389701,429,5276.3,593,0.967,0.403,0.146,1.3388,-0.2881,-0.9079
George,MS,Mississippi,89.06,11069,17.50,-0.386373,2957,0.462088,227,6858.5,409,0.979,0.472,0.246,1.4133,-0.2734,-0.7051
Riley,KS,Kansas,84.96,2534,48.91,-0.386406,2958,0.101898,2196,1279.2,1790,0.918,0.111,0.964,1.1549,-0.3346,2.3351
Putnam,MO,Missouri,84.92,2380,22.55,-0.386654,2959,0.092516,2285,1198.4,1838,0.916,0.101,0.512,1.1518,-0.3357,-0.2160
Stevens,KS,Kansas,84.63,1587,20.27,-0.386937,2960,0.053631,2627,787.0,2117,0.909,0.059,0.395,1.1335,-0.3414,-0.4373
Stonewall,TX,Texas,84.36,716,16.86,-0.388148,2961,0.012656,3005,350.1,2463,0.904,0.014,0.218,1.1166,-0.3476,-0.7667
Comanche,TX,Texas,86.78,6544,21.36,-0.388271,2962,0.292264,851,3625.5,900,0.952,0.307,0.455,1.2696,-0.3058,-0.3310
Leon,TX,Texas,88.06,9064,18.55,-0.388589,2963,0.392445,419,5351.0,581,0.969,0.405,0.302,1.3504,-0.2878,-0.6033
Scurry,TX,Texas,86.44,5721,13.00,-0.388959,2964,0.253528,1069,3114.7,1022,0.946,0.268,0.061,1.2477,-0.3117,-1.1407
Campbell,SD,South Dakota,84.45,836,36.03,-0.389205,2965,0.017195,2966,410.8,2420,0.905,0.019,0.861,1.1224,-0.3468,1.0886
Harrison,MO,Missouri,85.64,3845,15.68,-0.389487,2966,0.161063,1706,2010.5,1418,0.931,0.173,0.156,1.1978,-0.3252,-0.8808
Jefferson,OK,Oklahoma,85.05,2375,16.04,-0.389590,2967,0.091900,2297,1204.5,1832,0.919,0.100,0.174,1.1605,-0.3357,-0.8469
Ritchie,WV,West Virginia,85.75,4050,14.43,-0.389961,2968,0.171488,1611,2129.6,1372,0.932,0.184,0.102,1.2047,-0.3237,-1.0024
Banks,GA,Georgia,88.96,10519,18.56,-0.390254,2969,0.446946,256,6487.4,443,0.978,0.457,0.304,1.4072,-0.2773,-0.6020
Linn,KS,Kansas,84.71,1400,22.74,-0.390386,2970,0.045600,2703,697.6,2182,0.912,0.050,0.522,1.1391,-0.3427,-0.1979
Young,TX,Texas,87.78,8314,23.99,-0.390616,2971,0.362840,527,4840.4,654,0.965,0.376,0.572,1.3325,-0.2931,-0.0770
Hodgeman,KS,Kansas,84.58,966,30.17,-0.390903,2972,0.023608,2896,477.8,2366,0.908,0.026,0.760,1.1304,-0.3458,0.5215
Caldwell,LA,Louisiana,85.93,4334,11.19,-0.391002,2973,0.188136,1488,2299.1,1300,0.936,0.201,0.023,1.2155,-0.3217,-1.3156
Pike,AR,Arkansas,85.96,4358,19.13,-0.391434,2974,0.191148,1467,2315.6,1295,0.937,0.204,0.331,1.2175,-0.3215,-0.5477
Pierce,GA,Georgia,88.67,9761,20.22,-0.392662,2975,0.421632,329,5935.2,504,0.976,0.432,0.393,1.3887,-0.2828,-0.4421
Yoakum,TX,Texas,85.21,2393,20.09,-0.392706,2976,0.094146,2270,1223.3,1823,0.923,0.102,0.386,1.1702,-0.3356,-0.4542
Juab,UT,Utah,87.01,6518,20.00,-0.392821,2977,0.290970,857,3651.7,893,0.954,0.305,0.381,1.2837,-0.3060,-0.4631
Holt,NE,Nebraska,86.51,5442,29.08,-0.392967,2978,0.243636,1128,2974.3,1063,0.948,0.257,0.736,1.2526,-0.3137,0.4157
Butte,ID,Idaho,84.87,1494,17.55,-0.393039,2979,0.051240,2646,750.6,2151,0.915,0.056,0.250,1.1491,-0.3420,-0.7004
Lincoln,NV,Nevada,85.28,2472,20.36,-0.393485,2980,0.098975,2229,1268.2,1795,0.925,0.107,0.400,1.1745,-0.3350,-0.4280
Mitchell,TX,Texas,85.32,2513,11.50,-0.394012,2981,0.100825,2207,1292.0,1782,0.925,0.109,0.028,1.1771,-0.3347,-1.2859
Franklin,ID,Idaho,87.40,7184,23.94,-0.394244,2982,0.316470,721,4105.3,796,0.959,0.330,0.569,1.3087,-0.3012,-0.0815
Millard,UT,Utah,87.02,6387,24.32,-0.394323,2983,0.286200,886,3581.1,912,0.954,0.300,0.587,1.2846,-0.3070,-0.0445
Winkler,TX,Texas,85.15,1933,10.63,-0.395405,2984,0.070994,2465,985.4,1980,0.922,0.077,0.017,1.1668,-0.3389,-1.3705
Chautauqua,KS,Kansas,85.07,1527,18.56,-0.396993,2985,0.053360,2631,775.0,2125,0.920,0.058,0.303,1.1615,-0.3418,-0.6026
Haskell,TX,Texas,85.36,2247,22.81,-0.397146,2986,0.086118,2350,1157.8,1862,0.926,0.093,0.525,1.1798,-0.3366,-0.1914
Bollinger,MO,Missouri,87.08,6161,13.89,-0.397563,2987,0.278860,914,3464.6,941,0.955,0.292,0.086,1.2884,-0.3086,-1.0546
Garden,NE,Nebraska,84.96,1117,21.15,-0.398035,2988,0.032095,2823,563.7,2290,0.917,0.035,0.444,1.1546,-0.3447,-0.3521
Bacon,GA,Georgia,86.51,4839,10.40,-0.398245,2989,0.213075,1314,2643.8,1174,0.947,0.225,0.016,1.2521,-0.3181,-1.3926
Pratt,KS,Kansas,85.10,1403,25.83,-0.398773,2990,0.046971,2685,713.4,2172,0.921,0.051,0.645,1.1637,-0.3427,0.1014
Kingman,KS,Kansas,85.00,1107,25.28,-0.399093,2991,0.030327,2836,560.0,2292,0.919,0.033,0.627,1.1574,-0.3448,0.0483
Emery,UT,Utah,86.63,5011,18.29,-0.399178,2992,0.224200,1238,2755.0,1138,0.950,0.236,0.284,1.2600,-0.3168,-0.6287
Wibaux,MT,Montana,84.80,546,22.47,-0.399214,2993,0.008226,3051,273.3,2510,0.914,0.009,0.508,1.1444,-0.3488,-0.2235
Hutchinson,TX,Texas,88.22,8244,16.77,-0.399475,2994,0.361212,538,4904.9,633,0.971,0.372,0.213,1.3604,-0.2936,-0.7756
Barber,KS,Kansas,85.44,2170,27.25,-0.399490,2995,0.082503,2372,1122.7,1888,0.927,0.089,0.691,1.1848,-0.3372,0.2390
Dickens,TX,Texas,84.99,993,18.00,-0.399830,2996,0.024786,2884,502.1,2349,0.918,0.027,0.271,1.1568,-0.3456,-0.6565
Lamar,AL,Alabama,87.56,6890,12.05,-0.400048,2997,0.307520,773,3968.5,832,0.961,0.320,0.037,1.3188,-0.3033,-1.2322
Itawamba,MS,Mississippi,89.66,10621,16.03,-0.401427,2998,0.454085,236,6773.1,418,0.985,0.461,0.173,1.4513,-0.2766,-0.8477
Pawnee,KS,Kansas,85.77,2747,17.96,-0.401492,2999,0.111960,2107,1445.4,1688,0.933,0.120,0.269,1.2055,-0.3331,-0.6605
West Carroll,LA,Louisiana,86.60,4603,15.25,-0.402183,3000,0.204984,1372,2526.4,1218,0.949,0.216,0.138,1.2578,-0.3197,-0.9230
Eastland,TX,Texas,88.44,8364,21.82,-0.402310,3001,0.368172,507,5029.1,623,0.974,0.378,0.480,1.3741,-0.2928,-0.2867
Washita,OK,Oklahoma,86.63,4652,20.28,-0.402421,3002,0.207100,1356,2557.6,1208,0.950,0.218,0.396,1.2600,-0.3194,-0.4357
Scott,AR,Arkansas,86.08,3384,13.00,-0.402520,3003,0.141000,1844,1809.5,1509,0.940,0.150,0.062,1.2254,-0.3285,-1.1406
Casey,KY,Kentucky,87.80,7080,12.91,-0.402728,3004,0.315555,726,4125.5,791,0.965,0.327,0.058,1.3336,-0.3020,-1.1494
Sheridan,ND,North Dakota,85.07,757,18.87,-0.403490,3005,0.014720,2992,384.3,2443,0.920,0.016,0.316,1.1617,-0.3473,-0.5727
Doddridge,WV,West Virginia,85.96,2956,13.91,-0.403753,3006,0.120873,2030,1571.0,1617,0.937,0.129,0.088,1.2178,-0.3316,-1.0523
Bowman,ND,North Dakota,85.54,1618,26.99,-0.406329,3007,0.056669,2602,841.4,2076,0.929,0.061,0.683,1.1911,-0.3411,0.2138
McCulloch,TX,Texas,86.34,3513,23.93,-0.406655,3008,0.148365,1804,1903.0,1463,0.945,0.157,0.569,1.2415,-0.3276,-0.0828
Lewis,KY,Kentucky,87.34,5721,15.28,-0.406836,3009,0.256744,1042,3259.9,983,0.958,0.268,0.139,1.3051,-0.3117,-0.9200
Gray,TX,Texas,88.27,7580,16.23,-0.406893,3010,0.336312,639,4520.9,716,0.972,0.346,0.185,1.3636,-0.2984,-0.8283
Douglas,SD,South Dakota,85.59,1658,24.95,-0.407005,3011,0.058527,2586,864.3,2063,0.929,0.063,0.614,1.1941,-0.3409,0.0159
Tishomingo,MS,Mississippi,89.10,9050,17.83,-0.407656,3012,0.396900,402,5619.7,542,0.980,0.405,0.264,1.4161,-0.2879,-0.6732
Golden Valley,ND,North Dakota,85.47,991,22.56,-0.410189,3013,0.024128,2891,513.5,2332,0.928,0.026,0.513,1.1868,-0.3456,-0.2151
Wayne,TN,Tennessee,88.07,6831,13.82,-0.410331,3014,0.308142,766,4034.0,817,0.969,0.318,0.084,1.3508,-0.3038,-1.0615
Clark,KS,Kansas,85.50,1014,31.09,-0.410729,3015,0.025984,2872,526.4,2317,0.928,0.028,0.778,1.1889,-0.3455,0.6103
Scott,TN,Tennessee,89.62,9605,12.85,-0.411246,3016,0.420168,336,6113.0,483,0.984,0.427,0.057,1.4486,-0.2839,-1.1551
Golden Valley,MT,Montana,85.44,515,20.86,-0.413527,3017,0.007416,3063,266.4,2514,0.927,0.008,0.427,1.1847,-0.3491,-0.3800
Oneida,ID,Idaho,86.24,2457,26.65,-0.414086,3018,0.100064,2217,1324.7,1762,0.944,0.106,0.673,1.2356,-0.3351,0.1808
Perkins,NE,Nebraska,85.83,1426,25.83,-0.414382,3019,0.049502,2667,753.0,2147,0.934,0.053,0.645,1.2098,-0.3425,0.1010
Beaver,UT,Utah,86.58,3212,23.48,-0.414433,3020,0.132860,1924,1761.6,1526,0.949,0.140,0.553,1.2569,-0.3297,-0.1262
Garza,TX,Texas,85.93,1599,10.22,-0.414910,3021,0.056160,2605,848.4,2072,0.936,0.060,0.014,1.2157,-0.3413,-1.4099
Morris,KS,Kansas,85.75,1060,29.90,-0.415820,3022,0.028892,2848,557.4,2294,0.932,0.031,0.754,1.2048,-0.3451,0.4957
Callahan,TX,Texas,88.44,6988,24.00,-0.415842,3023,0.314279,733,4201.5,775,0.973,0.323,0.572,1.3740,-0.3026,-0.0762
Saline,KS,Kansas,86.32,2135,29.15,-0.418637,3024,0.083160,2367,1155.8,1865,0.945,0.088,0.738,1.2406,-0.3374,0.4224
Frontier,NE,Nebraska,86.03,1410,25.71,-0.418712,3025,0.047889,2675,751.9,2149,0.939,0.051,0.641,1.2220,-0.3426,0.0894
Crane,TX,Texas,86.03,1389,12.61,-0.418999,3026,0.045072,2708,740.9,2155,0.939,0.048,0.050,1.2223,-0.3428,-1.1787
Mercer,MO,Missouri,86.22,1792,18.15,-0.419401,3027,0.066010,2510,964.8,1995,0.943,0.070,0.276,1.2339,-0.3399,-0.6424
Clinton,KY,Kentucky,87.62,4880,18.04,-0.420280,3028,0.218374,1268,2819.3,1110,0.962,0.227,0.272,1.3226,-0.3178,-0.6527
Hardeman,TX,Texas,86.12,1405,16.80,-0.420759,3029,0.047991,2674,752.8,2148,0.941,0.051,0.215,1.2279,-0.3427,-0.7724
Holmes,FL,Florida,89.87,9116,12.51,-0.420947,3030,0.402288,386,5872.3,510,0.986,0.408,0.047,1.4647,-0.2874,-1.1884
McCone,MT,Montana,86.04,1082,23.33,-0.421934,3031,0.030048,2839,577.5,2276,0.939,0.032,0.547,1.2230,-0.3450,-0.1411
Burke,ND,North Dakota,86.08,1056,22.77,-0.422928,3032,0.029140,2845,564.6,2288,0.940,0.031,0.524,1.2253,-0.3452,-0.1949
Washington,CO,Colorado,86.81,2806,24.87,-0.422969,3033,0.116144,2074,1557.1,1624,0.952,0.122,0.609,1.2716,-0.3326,0.0083
Wabaunsee,KS,Kansas,86.05,860,24.95,-0.423928,3034,0.018800,2944,459.0,2390,0.940,0.020,0.614,1.2232,-0.3466,0.0164
Cottle,TX,Texas,86.00,657,21.06,-0.424620,3035,0.011256,3022,349.8,2464,0.938,0.012,0.439,1.2200,-0.3480,-0.3601
Crook,WY,Wyoming,87.59,4344,24.46,-0.424737,3036,0.194122,1446,2505.8,1228,0.961,0.202,0.593,1.3207,-0.3216,-0.0311
Carter,MO,Missouri,86.93,2862,10.05,-0.424937,3037,0.119125,2044,1597.6,1607,0.953,0.125,0.013,1.2791,-0.3322,-1.4262
Greeley,KS,Kansas,86.00,593,29.80,-0.425321,3038,0.009380,3043,315.8,2489,0.938,0.010,0.753,1.2205,-0.3485,0.4853
Blaine,NE,Nebraska,85.91,291,25.00,-0.425912,3039,0.000935,3136,154.3,2584,0.935,0.001,0.616,1.2146,-0.3507,0.0209
Winston,AL,Alabama,91.41,11149,14.27,-0.425975,3040,0.471716,201,7714.4,343,0.991,0.476,0.098,1.5614,-0.2728,-1.0173
Monroe,KY,Kentucky,88.15,5308,16.02,-0.426686,3041,0.243470,1130,3147.0,1014,0.970,0.251,0.172,1.3559,-0.3147,-0.8483
Fallon,MT,Montana,86.46,1507,16.24,-0.427243,3042,0.053979,2620,821.6,2088,0.947,0.057,0.185,1.2495,-0.3419,-0.8274
Kiowa,CO,Colorado,86.21,863,20.12,-0.427496,3043,0.018860,2942,464.5,2382,0.943,0.020,0.389,1.2335,-0.3466,-0.4513
Hall,TX,Texas,86.34,1149,21.45,-0.427685,3044,0.035910,2787,622.4,2236,0.945,0.038,0.461,1.2414,-0.3445,-0.3231
Weston,WY,Wyoming,87.39,3512,20.08,-0.428357,3045,0.150406,1790,2005.3,1422,0.958,0.157,0.385,1.3077,-0.3276,-0.4558
Clay,KY,Kentucky,89.52,7517,15.50,-0.430991,3046,0.336186,640,4760.7,673,0.983,0.342,0.151,1.4421,-0.2989,-0.8988
Bear Lake,ID,Idaho,87.46,3325,21.58,-0.431616,3047,0.140973,1845,1905.4,1461,0.959,0.147,0.469,1.3123,-0.3289,-0.3100
Edwards,TX,Texas,86.47,1005,26.12,-0.431838,3048,0.025569,2879,548.0,2301,0.947,0.027,0.656,1.2497,-0.3455,0.1291
Pierce,NE,Nebraska,87.76,3897,23.73,-0.432406,3049,0.169840,1624,2266.6,1312,0.965,0.176,0.561,1.3313,-0.3248,-0.1018
Lafayette,FL,Florida,87.75,3756,9.89,-0.433611,3050,0.162916,1681,2183.9,1349,0.964,0.169,0.011,1.3308,-0.3258,-1.4420
Concho,TX,Texas,86.64,1198,14.06,-0.433946,3051,0.037050,2774,659.1,2213,0.950,0.039,0.092,1.2609,-0.3442,-1.0384
Smith,KS,Kansas,86.92,1835,25.57,-0.434114,3052,0.068616,2489,1023.7,1961,0.953,0.072,0.636,1.2783,-0.3396,0.0763
McCreary,KY,Kentucky,89.04,6212,8.48,-0.435154,3053,0.287826,875,3844.9,853,0.979,0.294,0.003,1.4119,-0.3082,-1.5782
Hooker,NE,Nebraska,86.42,427,24.60,-0.435896,3054,0.004730,3094,232.3,2543,0.946,0.005,0.598,1.2465,-0.3497,-0.0180
Cherry,NE,Nebraska,87.55,3069,25.32,-0.435992,3055,0.129600,1944,1766.9,1525,0.960,0.135,0.629,1.3182,-0.3307,0.0519
Brown,NE,Nebraska,86.97,1642,24.01,-0.436875,3056,0.059148,2581,918.2,2024,0.954,0.062,0.573,1.2813,-0.3410,-0.0747
Grant,WV,West Virginia,88.88,5568,13.97,-0.438625,3057,0.255974,1052,3420.8,948,0.977,0.262,0.089,1.4021,-0.3128,-1.0470
Jewell,KS,Kansas,87.04,1574,18.22,-0.439057,3058,0.055390,2610,883.3,2055,0.955,0.058,0.282,1.2858,-0.3415,-0.6358
Antelope,NE,Nebraska,87.96,3447,20.53,-0.440856,3059,0.147951,1807,2024.8,1412,0.967,0.153,0.411,1.3439,-0.3280,-0.4115
Runnels,TX,Texas,88.26,4056,19.13,-0.441191,3060,0.178664,1552,2418.2,1256,0.971,0.184,0.332,1.3631,-0.3237,-0.5470
Jones,SD,South Dakota,86.73,550,27.37,-0.441628,3061,0.008559,3048,303.9,2495,0.951,0.009,0.695,1.2661,-0.3488,0.2507
Logan,ND,North Dakota,86.93,1033,25.82,-0.441688,3062,0.027637,2858,576.6,2277,0.953,0.029,0.645,1.2790,-0.3453,0.1006
Sabine,TX,Texas,89.09,5581,14.32,-0.442540,3063,0.257477,1037,3462.8,942,0.979,0.263,0.099,1.4151,-0.3127,-1.0127
Powder River,MT,Montana,87.07,1106,26.13,-0.444049,3064,0.031515,2828,621.7,2237,0.955,0.033,0.656,1.2878,-0.3448,0.1299
Alfalfa,OK,Oklahoma,87.55,2160,20.10,-0.444441,3065,0.085440,2358,1243.2,1813,0.960,0.089,0.387,1.3178,-0.3373,-0.4529
Childress,TX,Texas,87.63,2272,11.84,-0.445204,3066,0.091390,2301,1313.2,1771,0.962,0.095,0.033,1.3232,-0.3365,-1.2525
Hancock,TN,Tennessee,87.96,2908,10.75,-0.446127,3067,0.121968,2023,1708.5,1555,0.968,0.126,0.019,1.3442,-0.3319,-1.3580
Ellis,OK,Oklahoma,87.47,1812,21.44,-0.446145,3068,0.068160,2493,1039.1,1954,0.960,0.071,0.460,1.3131,-0.3398,-0.3237
Martin,TX,Texas,87.61,2083,20.94,-0.446612,3069,0.080808,2387,1202.9,1833,0.962,0.084,0.434,1.3221,-0.3378,-0.3724
Clay,TX,Texas,89.51,5908,22.36,-0.447405,3070,0.274257,940,3739.7,878,0.983,0.279,0.503,1.4414,-0.3104,-0.2346
Boyd,NE,Nebraska,87.26,1075,22.32,-0.448369,3071,0.029667,2842,609.8,2246,0.957,0.031,0.501,1.2995,-0.3450,-0.2389
Brantley,GA,Georgia,91.11,8500,14.53,-0.450079,3072,0.381150,455,5800.2,520,0.990,0.385,0.107,1.5424,-0.2918,-0.9925
Hemphill,TX,Texas,87.59,1612,21.94,-0.450625,3073,0.058621,2585,929.9,2019,0.961,0.061,0.485,1.3208,-0.3412,-0.2753
Mills,TX,Texas,88.18,2742,27.89,-0.452341,3074,0.116520,2068,1628.4,1594,0.971,0.120,0.706,1.3580,-0.3331,0.3008
Wheeler,NE,Nebraska,87.24,486,30.32,-0.453569,3075,0.006699,3076,275.5,2508,0.957,0.007,0.764,1.2987,-0.3493,0.5361
Emmons,ND,North Dakota,87.93,1930,22.19,-0.454765,3076,0.074459,2437,1131.9,1882,0.967,0.077,0.499,1.3419,-0.3389,-0.2510
Archer,TX,Texas,89.48,5132,25.37,-0.454866,3077,0.239608,1148,3244.1,990,0.982,0.244,0.631,1.4397,-0.3160,0.0564
Baylor,TX,Texas,87.82,1675,25.31,-0.454927,3078,0.061824,2556,977.2,1986,0.966,0.064,0.628,1.3351,-0.3407,0.0512
Major,OK,Oklahoma,88.76,3478,20.10,-0.457049,3079,0.151280,1782,2123.9,1375,0.976,0.155,0.386,1.3942,-0.3278,-0.4536
Gove,KS,Kansas,87.89,1396,24.17,-0.459178,3080,0.047383,2680,817.3,2094,0.967,0.049,0.580,1.3397,-0.3427,-0.0599
Irion,TX,Texas,87.67,868,28.32,-0.459414,3081,0.020223,2925,502.7,2348,0.963,0.021,0.717,1.3258,-0.3465,0.3422
Kimble,TX,Texas,88.44,2404,27.11,-0.460969,3082,0.099246,2227,1445.3,1689,0.973,0.102,0.685,1.3739,-0.3355,0.2247
Eureka,NV,Nevada,87.84,1036,17.07,-0.461413,3083,0.028014,2855,604.9,2251,0.966,0.029,0.231,1.3362,-0.3453,-0.7464
Coleman,TX,Texas,89.32,4156,16.82,-0.461657,3084,0.188160,1487,2607.0,1196,0.980,0.192,0.217,1.4295,-0.3229,-0.7704
Jackson,KY,Kentucky,90.29,5934,8.84,-0.462548,3085,0.277347,927,3898.7,844,0.987,0.281,0.005,1.4911,-0.3102,-1.5435
Kent,TX,Texas,87.64,445,26.28,-0.462721,3086,0.005778,3083,257.3,2519,0.963,0.006,0.664,1.3237,-0.3496,0.1449
Chase,NE,Nebraska,88.32,1866,24.14,-0.463727,3087,0.071928,2451,1115.4,1894,0.972,0.074,0.578,1.3664,-0.3394,-0.0628
Cleburne,AL,Alabama,91.33,7651,16.99,-0.463763,3088,0.343877,611,5276.3,592,0.991,0.347,0.227,1.5568,-0.2979,-0.7542
Petroleum,MT,Montana,87.65,324,30.81,-0.464176,3089,0.000963,3135,187.5,2566,0.963,0.001,0.772,1.3246,-0.3504,0.5836
Garfield,NE,Nebraska,87.98,1015,29.67,-0.464719,3090,0.027104,2862,596.8,2257,0.968,0.028,0.750,1.3452,-0.3455,0.4732
Owsley,KY,Kentucky,88.36,1839,7.12,-0.464977,3091,0.071029,2463,1101.7,1902,0.973,0.073,0.001,1.3693,-0.3396,-1.7097
Donley,TX,Texas,88.32,1712,16.56,-0.465246,3092,0.063180,2542,1023.4,1962,0.972,0.065,0.200,1.3665,-0.3405,-0.7962
Upton,TX,Texas,88.18,1303,8.71,-0.466293,3093,0.043650,2720,773.7,2127,0.970,0.045,0.005,1.3579,-0.3434,-1.5564
Leslie,KY,Kentucky,89.69,4357,11.46,-0.467267,3094,0.200940,1404,2782.8,1122,0.985,0.204,0.026,1.4534,-0.3215,-1.2895
Cheyenne,CO,Colorado,88.15,1055,26.13,-0.468065,3095,0.029100,2847,625.5,2234,0.970,0.030,0.656,1.3560,-0.3452,0.1301
La Salle,LA,Louisiana,90.98,6620,13.08,-0.468479,3096,0.306590,776,4491.5,719,0.989,0.310,0.064,1.5346,-0.3053,-1.1329
Sioux,NE,Nebraska,88.05,678,22.36,-0.469567,3097,0.012584,3006,400.1,2430,0.968,0.013,0.504,1.3498,-0.3479,-0.2343
Stephens,TX,Texas,89.55,3761,17.22,-0.470515,3098,0.167280,1644,2385.7,1268,0.984,0.170,0.239,1.4443,-0.3258,-0.7323
San Saba,TX,Texas,89.04,2709,24.01,-0.470596,3099,0.115404,2081,1676.7,1572,0.978,0.118,0.573,1.4118,-0.3333,-0.0753
Neosho,KS,Kansas,88.41,1363,23.32,-0.470617,3100,0.045731,2702,818.3,2092,0.973,0.047,0.546,1.3722,-0.3430,-0.1420
Gaines,TX,Texas,91.02,6416,11.72,-0.471509,3101,0.297990,825,4361.3,748,0.990,0.301,0.031,1.5371,-0.3067,-1.2647
Harper,OK,Oklahoma,88.49,1451,29.34,-0.471539,3102,0.053570,2628,874.7,2059,0.974,0.055,0.742,1.3774,-0.3423,0.4412
Hitchcock,NE,Nebraska,88.56,1433,20.93,-0.473116,3103,0.051675,2645,866.5,2061,0.975,0.053,0.433,1.3815,-0.3425,-0.3729
Dallam,TX,Texas,88.80,1447,11.93,-0.478355,3104,0.052758,2634,885.6,2050,0.977,0.054,0.034,1.3972,-0.3424,-1.2444
Collingsworth,TX,Texas,88.76,1201,25.59,-0.479841,3105,0.038103,2768,733.5,2161,0.977,0.039,0.637,1.3943,-0.3441,0.0781
Piute,UT,Utah,88.68,963,19.62,-0.480515,3106,0.024400,2889,585.9,2266,0.976,0.025,0.359,1.3894,-0.3458,-0.4999
Thomas,NE,Nebraska,88.55,393,28.69,-0.483287,3107,0.002925,3113,237.6,2541,0.975,0.003,0.728,1.3811,-0.3499,0.3781
Roger Mills,OK,Oklahoma,89.32,1733,24.89,-0.486666,3108,0.064746,2525,1087.5,1914,0.981,0.066,0.611,1.4300,-0.3403,0.0106
Dewey,OK,Oklahoma,89.57,2215,22.40,-0.486957,3109,0.089544,2320,1406.4,1713,0.984,0.091,0.505,1.4456,-0.3369,-0.2312
Carter,MT,Montana,88.99,854,20.68,-0.488419,3110,0.018582,2948,527.5,2316,0.978,0.019,0.419,1.4091,-0.3466,-0.3970
Loving,TX,Texas,88.66,97,0.00,-0.488665,3111,0.000000,3154,59.0,2620,0.975,0.000,0.000,1.3881,-0.3520,-2.3991
Coke,TX,Texas,89.47,1814,22.97,-0.488963,3112,0.069722,2478,1146.3,1871,0.982,0.071,0.532,1.4392,-0.3397,-0.1755
Carson,TX,Texas,90.21,3177,26.36,-0.490307,3113,0.137193,1880,2079.3,1397,0.987,0.139,0.666,1.4859,-0.3300,0.1528
Haakon,SD,South Dakota,89.24,1125,21.55,-0.491150,3114,0.034300,2804,703.3,2181,0.980,0.035,0.467,1.4249,-0.3447,-0.3133
Lipscomb,TX,Texas,89.36,1259,22.35,-0.492214,3115,0.041202,2736,791.3,2114,0.981,0.042,0.501,1.4320,-0.3437,-0.2354
Dundy,NE,Nebraska,89.24,929,20.16,-0.492962,3116,0.023520,2897,580.5,2270,0.980,0.024,0.390,1.4244,-0.3461,-0.4473
Jack,TX,Texas,90.91,4201,14.50,-0.493567,3117,0.192855,1456,2840.4,1104,0.989,0.195,0.105,1.5298,-0.3226,-0.9956
Sedgwick,KS,Kansas,89.51,1373,32.07,-0.494405,3118,0.046201,2696,869.3,2060,0.983,0.047,0.800,1.4418,-0.3429,0.7048
Rock,NE,Nebraska,89.33,834,27.09,-0.495963,3119,0.017658,2959,523.5,2321,0.981,0.018,0.685,1.4303,-0.3468,0.2232
Ochiltree,TX,Texas,90.47,3010,20.70,-0.497398,3120,0.129428,1948,1993.6,1427,0.988,0.131,0.420,1.5020,-0.3312,-0.3956
Briscoe,TX,Texas,89.40,745,23.11,-0.498353,3121,0.014730,2991,469.1,2378,0.982,0.015,0.537,1.4345,-0.3474,-0.1622
Niobrara,WY,Wyoming,89.79,1234,19.37,-0.501859,3122,0.040426,2746,791.7,2113,0.986,0.041,0.347,1.4593,-0.3439,-0.5238
Martin,KY,Kentucky,91.46,3655,10.19,-0.511027,3123,0.162688,1685,2535.6,1215,0.992,0.164,0.014,1.5650,-0.3265,-1.4126
Shackelford,TX,Texas,90.57,1728,34.13,-0.513394,3124,0.065208,2518,1150.0,1868,0.988,0.066,0.835,1.5084,-0.3404,0.9043
Banner,NE,Nebraska,90.16,386,33.33,-0.518816,3125,0.001972,3125,252.0,2531,0.986,0.002,0.822,1.4824,-0.3500,0.8276
Slope,ND,North Dakota,90.23,389,29.28,-0.520460,3126,0.002961,3112,254.8,2526,0.987,0.003,0.740,1.4872,-0.3500,0.4357
Beaver,OK,Oklahoma,91.24,2124,21.99,-0.523503,3127,0.085140,2360,1458.6,1680,0.990,0.086,0.487,1.5510,-0.3375,-0.2706
Echols,GA,Georgia,90.89,1438,15.72,-0.523508,3128,0.052417,2638,971.5,1990,0.989,0.053,0.158,1.5288,-0.3424,-0.8769
Hartley,TX,Texas,91.42,2016,20.72,-0.528454,3129,0.080271,2393,1395.7,1720,0.991,0.081,0.422,1.5621,-0.3383,-0.3932
Wheeler,TX,Texas,92.04,2274,17.02,-0.538764,3130,0.094430,2267,1619.7,1597,0.994,0.095,0.228,1.6014,-0.3364,-0.7516
Throckmorton,TX,Texas,91.44,900,22.42,-0.541516,3131,0.022816,2902,623.8,2235,0.992,0.023,0.506,1.5638,-0.3463,-0.2287
Glascock,GA,Georgia,91.86,1670,17.04,-0.541739,3132,0.062559,2550,1179.6,1850,0.993,0.063,0.229,1.5897,-0.3408,-0.7495
Cameron,LA,Louisiana,92.80,3362,16.77,-0.542062,3133,0.148404,1803,2478.6,1241,0.996,0.149,0.213,1.6494,-0.3286,-0.7754
Hansford,TX,Texas,92.15,1999,36.43,-0.544176,3134,0.078605,2403,1430.7,1698,0.995,0.079,0.868,1.6080,-0.3384,1.1271
Thomas,KS,Kansas,91.71,748,34.61,-0.549068,3135,0.015872,2980,524.8,2319,0.992,0.016,0.845,1.5806,-0.3474,0.9516
Oldham,TX,Texas,91.89,974,21.42,-0.550387,3136,0.025818,2877,689.0,2187,0.993,0.026,0.459,1.5918,-0.3458,-0.3259
Cimarron,OK,Oklahoma,91.98,935,33.44,-0.552786,3137,0.023856,2893,664.1,2207,0.994,0.024,0.825,1.5975,-0.3460,0.8381
Harding,SD,South Dakota,91.95,820,30.39,-0.553504,3138,0.017874,2955,581.7,2269,0.993,0.018,0.765,1.5957,-0.3469,0.5429
Keya Paha,NE,Nebraska,91.91,544,20.58,-0.555793,3139,0.007944,3059,385.2,2442,0.993,0.008,0.413,1.5932,-0.3488,-0.4072
McMullen,TX,Texas,91.99,487,20.05,-0.558207,3140,0.006958,3068,346.1,2470,0.994,0.007,0.383,1.5983,-0.3493,-0.4581
Armstrong,TX,Texas,92.79,1109,27.17,-0.568364,3141,0.033830,2809,817.0,2095,0.995,0.034,0.688,1.6484,-0.3448,0.2314
Sterling,TX,Texas,92.69,629,24.49,-0.571851,3142,0.010945,3028,461.3,2388,0.995,0.011,0.594,1.6421,-0.3482,-0.0282
Logan,NE,Nebraska,92.95,440,24.11,-0.579982,3143,0.004980,3091,326.6,2483,0.996,0.005,0.578,1.6590,-0.3496,-0.0650
Sherman,TX,Texas,93.59,873,30.22,-0.588621,3144,0.020916,2920,666.5,2204,0.996,0.021,0.762,1.6988,-0.3465,0.5264
Arthur,NE,Nebraska,93.62,282,36.64,-0.596521,3145,0.000000,3151,215.6,2550,0.997,0.000,0.872,1.7008,-0.3507,1.1474
Glasscock,TX,Texas,93.97,663,29.25,-0.599555,3146,0.012961,3003,514.8,2330,0.997,0.013,0.739,1.7229,-0.3480,0.4320
Motley,TX,Texas,94.15,650,19.27,-0.603823,3147,0.011964,3014,508.8,2341,0.997,0.012,0.340,1.7347,-0.3481,-0.5338
Garfield,MT,Montana,94.50,800,20.98,-0.609536,3148,0.016966,2970,635.8,2229,0.998,0.017,0.436,1.7565,-0.3470,-0.3678
McPherson,NE,Nebraska,94.35,283,25.74,-0.612646,3149,0.000998,3134,223.4,2546,0.998,0.001,0.642,1.7468,-0.3507,0.0928
Hayes,NE,Nebraska,95.55,494,19.78,-0.636448,3150,0.006986,3067,410.8,2419,0.998,0.007,0.369,1.8226,-0.3492,-0.4842
Roberts,TX,Texas,95.63,572,20.51,-0.637251,3151,0.009990,3035,477.4,2367,0.999,0.010,0.410,1.8278,-0.3486,-0.4139
Borden,TX,Texas,95.61,387,36.89,-0.639186,3152,0.002997,3111,322.7,2486,0.999,0.003,0.876,1.8264,-0.3500,1.1720
King,TX,Texas,95.56,135,38.89,-0.641339,3153,0.000000,3153,112.3,2597,0.999,0.000,0.898,1.8231,-0.3518,1.3654
Grant,NE,Nebraska,95.90,366,28.64,-0.645965,3154,0.002000,3123,309.0,2492,1.000,0.002,0.726,1.8450,-0.3501,0.3729